CRIMEID,ADDRESS,WARD,severity_bucket,candidate_rank,candidate_intersectionkey,candidate_name,candidate_street_1,candidate_street_2,candidate_distance_m,true_nearestintkey,is_true_key
66026433919,5002 HAYES STREET NE,WARD 7,pdo,1,eec3f8ec116089b5f9f3e113946742b6,50TH STREET NE AND HAYES STREET NE,50TH STREET NE,HAYES STREET NE,45.854473207635955,eec3f8ec116089b5f9f3e113946742b6,True
66026433919,5002 HAYES STREET NE,WARD 7,pdo,2,d28acc24aad32a6149b754b54aae2fc2,50TH STREET NE AND HAYES STREET NE,50TH STREET NE,HAYES STREET NE,57.78641965699156,eec3f8ec116089b5f9f3e113946742b6,False
66026433919,5002 HAYES STREET NE,WARD 7,pdo,3,618d9b3c78c6f0f4d95d8706f02ff37b,49TH PLACE NE AND HAYES STREET NE,49TH PLACE NE,HAYES STREET NE,60.16382570156693,eec3f8ec116089b5f9f3e113946742b6,False
66026433919,5002 HAYES STREET NE,WARD 7,pdo,4,bff8ad6db126c4a6d9d36885a0518b2e,HAYES STREET NE AND 49TH STREET NE,HAYES STREET NE,49TH STREET NE,137.33005820419328,eec3f8ec116089b5f9f3e113946742b6,False
66026433919,5002 HAYES STREET NE,WARD 7,pdo,5,74c7074eb94cc755a328bc763c55382d,HAYES STREET NE AND 50TH PLACE NE,HAYES STREET NE,50TH PLACE NE,138.16838490575336,eec3f8ec116089b5f9f3e113946742b6,False
61411145262,1200 MASSACHUSETTS AVENUE NW,WARD 2,major,1,d5dfdcf34565f851250af45a1c3c6b92,12TH STREET NW AND MASSACHUSETTS AVENUE NW,12TH STREET NW,MASSACHUSETTS AVENUE NW,21.090302139565477,70df05896c27dbbf205a31da1937915d,False
61411145262,1200 MASSACHUSETTS AVENUE NW,WARD 2,major,2,1fa5242164d63439fcf5541370f45aee,12TH STREET NW AND L STREET NW,12TH STREET NW,L STREET NW,41.62906417435555,70df05896c27dbbf205a31da1937915d,False
61411145262,1200 MASSACHUSETTS AVENUE NW,WARD 2,major,3,70df05896c27dbbf205a31da1937915d,L STREET NW AND MASSACHUSETTS AVENUE NW,L STREET NW,MASSACHUSETTS AVENUE NW,48.20364287786138,70df05896c27dbbf205a31da1937915d,True
61411145262,1200 MASSACHUSETTS AVENUE NW,WARD 2,major,4,8438bbcca0006652cd23f9db69e707d2,11TH STREET NW AND L STREET NW,11TH STREET NW,L STREET NW,89.8105898074771,70df05896c27dbbf205a31da1937915d,False
61411145262,1200 MASSACHUSETTS AVENUE NW,WARD 2,major,5,fe86de764cf50b6d7b378434cab13800,MASSACHUSETTS AVENUE NW AND 11TH STREET NW,MASSACHUSETTS AVENUE NW,11TH STREET NW,91.27276185814662,70df05896c27dbbf205a31da1937915d,False
62040455653,2000 38TH STREET SE,WARD 7,pdo,1,f3a7c7a0ff5ef2117753ea8b1d0dd199,38TH STREET SE AND ALABAMA AVENUE SE,38TH STREET SE,ALABAMA AVENUE SE,20.49384903487338,f3a7c7a0ff5ef2117753ea8b1d0dd199,True
62040455653,2000 38TH STREET SE,WARD 7,pdo,2,f4e871b7ccc5998598d643d2c60aabfd,V STREET SE AND 38TH STREET SE,V STREET SE,38TH STREET SE,86.73717428167328,f3a7c7a0ff5ef2117753ea8b1d0dd199,False
62040455653,2000 38TH STREET SE,WARD 7,pdo,3,8c0b751a54616f36184859333bb16513,PENNSYLVANIA AVENUE SE AND ALABAMA AVENUE SE,PENNSYLVANIA AVENUE SE,ALABAMA AVENUE SE,96.666005685715,f3a7c7a0ff5ef2117753ea8b1d0dd199,False
62040455653,2000 38TH STREET SE,WARD 7,pdo,4,62d5ae98692aa06498050983ab197f14,PENNSYLVANIA AVENUE SE AND 38TH STREET SE,PENNSYLVANIA AVENUE SE,38TH STREET SE,99.08821452721719,f3a7c7a0ff5ef2117753ea8b1d0dd199,False
62040455653,2000 38TH STREET SE,WARD 7,pdo,5,35e65f564e60ac185e4769e32618fd3f,ALABAMA AVENUE SE AND 37TH STREET SE,ALABAMA AVENUE SE,37TH STREET SE,137.2676300042822,f3a7c7a0ff5ef2117753ea8b1d0dd199,False
58446682916,1702 25TH STREET SE,WARD 7,minor,1,5d1b5282a5985091042467ba32f0c0ca,R STREET SE AND 25TH STREET SE,R STREET SE,25TH STREET SE,20.08135117923315,5d1b5282a5985091042467ba32f0c0ca,True
58446682916,1702 25TH STREET SE,WARD 7,minor,2,525e3f608b5f5ca501ade6050c89205a,28TH PLACE SE AND R STREET SE,28TH PLACE SE,R STREET SE,60.607232787967035,5d1b5282a5985091042467ba32f0c0ca,False
58446682916,1702 25TH STREET SE,WARD 7,minor,3,70c33c79f0b9a4320e182e8ab86b61ed,NAYLOR ROAD SE AND 24TH PLACE SE,NAYLOR ROAD SE,24TH PLACE SE,90.83358304074422,5d1b5282a5985091042467ba32f0c0ca,False
58446682916,1702 25TH STREET SE,WARD 7,minor,4,aed817366692e12bd30c20863d84ead3,NAYLOR ROAD SE AND 25TH STREET SE,NAYLOR ROAD SE,25TH STREET SE,91.38861765355728,5d1b5282a5985091042467ba32f0c0ca,False
58446682916,1702 25TH STREET SE,WARD 7,minor,5,1f1e542499a1a383d10fd73e6f1d8b41,NAYLOR ROAD SE AND R STREET SE,NAYLOR ROAD SE,R STREET SE,123.46386139258439,5d1b5282a5985091042467ba32f0c0ca,False
55678473950,2900 M STREET NW,WARD 2,major,1,4160c6f3ff10cfd4469cd16f79a77f87,PENNSYLVANIA AVENUE NW AND M STREET NW,PENNSYLVANIA AVENUE NW,M STREET NW,16.18954570724543,4160c6f3ff10cfd4469cd16f79a77f87,True
55678473950,2900 M STREET NW,WARD 2,major,2,c616a2cbe952a520d5ce1db1144e8561,M STREET NW AND 30TH STREET NW,M STREET NW,30TH STREET NW,93.02829628160397,4160c6f3ff10cfd4469cd16f79a77f87,False
55678473950,2900 M STREET NW,WARD 2,major,3,f00c0cd1d1acf908bd2f63b71518af88,PENNSYLVANIA AVENUE NW AND 28TH STREET NW,PENNSYLVANIA AVENUE NW,28TH STREET NW,93.06499110975474,4160c6f3ff10cfd4469cd16f79a77f87,False
55678473950,2900 M STREET NW,WARD 2,major,4,27ae76721a3a0d792c9ac70367d5b231,M STREET NW AND 28TH STREET NW,M STREET NW,28TH STREET NW,95.85777751956981,4160c6f3ff10cfd4469cd16f79a77f87,False
55678473950,2900 M STREET NW,WARD 2,major,5,b385a08891f2957801e7394787003c6e,OLIVE STREET NW AND 29TH STREET NW,OLIVE STREET NW,29TH STREET NW,109.41475332171284,4160c6f3ff10cfd4469cd16f79a77f87,False
67412038186,200 MASSACHUSETTS AVENUE NW,WARD 6,pdo,1,12b44423dcd6ca553c1d572618c1af0f,2ND STREET NW AND MASSACHUSETTS AVENUE NW,2ND STREET NW,MASSACHUSETTS AVENUE NW,50.709098311218504,12b44423dcd6ca553c1d572618c1af0f,True
67412038186,200 MASSACHUSETTS AVENUE NW,WARD 6,pdo,2,12b44423dcd6ca553c1d572618c1af0f,2ND STREET NW AND 2ND STREET NW,2ND STREET NW,2ND STREET NW,50.7091138858188,12b44423dcd6ca553c1d572618c1af0f,True
67412038186,200 MASSACHUSETTS AVENUE NW,WARD 6,pdo,3,6158acb170321c9248a78d70a77288f7,2ND STREET NW NORTHBOUND AND RAMP FROM INTERSTATE 395 NORTHBOUND,2ND STREET NW,INTERSTATE 395,56.18161543331354,12b44423dcd6ca553c1d572618c1af0f,False
67412038186,200 MASSACHUSETTS AVENUE NW,WARD 6,pdo,4,21c0fc07a46137737f347b35ec1cf225,G STREET NW AND 3RD STREET NW,G STREET NW,3RD STREET NW,121.36972619873319,12b44423dcd6ca553c1d572618c1af0f,False
67412038186,200 MASSACHUSETTS AVENUE NW,WARD 6,pdo,5,d3175c65382a020776b29c0a57048abf,3RD STREET NW AND H STREET NW,3RD STREET NW,H STREET NW,132.40192289932193,12b44423dcd6ca553c1d572618c1af0f,False
69676991093,1624 U STREET NW,WARD 2,pdo,1,5e20df781c1a91aac987a9ef7ede1888,17TH STREET NW AND WILLARD STREET NW,17TH STREET NW,WILLARD STREET NW,57.391883115066015,e0575ee8f4d36e5dc6c775689b064988,False
69676991093,1624 U STREET NW,WARD 2,pdo,2,e0575ee8f4d36e5dc6c775689b064988,U STREET NW AND 17TH STREET NW,U STREET NW,17TH STREET NW,69.34908947123542,e0575ee8f4d36e5dc6c775689b064988,True
69676991093,1624 U STREET NW,WARD 2,pdo,3,9e065875cfc93316f93bf29056b65dd1,NEW HAMPSHIRE AVENUE NW AND T STREET NW,NEW HAMPSHIRE AVENUE NW,T STREET NW,109.69454069583124,e0575ee8f4d36e5dc6c775689b064988,False
69676991093,1624 U STREET NW,WARD 2,pdo,4,d953a88ce001e38d96af7caf6b0400a0,T STREET NW AND 17TH STREET NW,T STREET NW,17TH STREET NW,120.01786245550691,e0575ee8f4d36e5dc6c775689b064988,False
69676991093,1624 U STREET NW,WARD 2,pdo,5,a75ee91ad65f37e2a4fc4e91b778d381,SEATON STREET NW AND 17TH STREET NW,SEATON STREET NW,17TH STREET NW,121.97806296695985,e0575ee8f4d36e5dc6c775689b064988,False
63778252286,751 8TH STREET SE,WARD 6,minor,1,c187839c4319250c52f03c8fb302223e,8TH STREET SE AND I STREET SE,8TH STREET SE,I STREET SE,31.62507939107225,c187839c4319250c52f03c8fb302223e,True
63778252286,751 8TH STREET SE,WARD 6,minor,2,7d6adae9602764c1e96b0a4a9adc3ea4,7TH STREET SE AND I STREET SE,7TH STREET SE,I STREET SE,105.98804422217766,c187839c4319250c52f03c8fb302223e,False
63778252286,751 8TH STREET SE,WARD 6,minor,3,ca3b91c0a5b87b654f0779ff3a5e188e,VIRGINIA AVENUE SE AND 7TH STREET SE,VIRGINIA AVENUE SE,7TH STREET SE,109.25274287166738,c187839c4319250c52f03c8fb302223e,False
63778252286,751 8TH STREET SE,WARD 6,minor,4,f9fe39400e25efc820d837f3eaf3b294,I STREET SE AND RAMP FROM INTERSTATE 695 WESTBOUND,I STREET SE,INTERSTATE 695,110.02998994457366,c187839c4319250c52f03c8fb302223e,False
63778252286,751 8TH STREET SE,WARD 6,minor,5,f9fe39400e25efc820d837f3eaf3b294,9TH STREET SE AND I STREET SE,9TH STREET SE,I STREET SE,110.0299901020768,c187839c4319250c52f03c8fb302223e,False
65594696923,"NEW YORK AVENUE NW
WASHINGTON,",WARD 6,major,1,3c10c537bab1bb4300b7fd7c24b2fd0b,5TH STREET NW AND L STREET NW,5TH STREET NW,L STREET NW,40.70803373428102,8f9323e74d724d680ff99481b52090ae,False
65594696923,"NEW YORK AVENUE NW
WASHINGTON,",WARD 6,major,2,8f9323e74d724d680ff99481b52090ae,5TH STREET NW AND NEW YORK AVENUE NW,5TH STREET NW,NEW YORK AVENUE NW,46.21291012794116,8f9323e74d724d680ff99481b52090ae,True
65594696923,"NEW YORK AVENUE NW
WASHINGTON,",WARD 6,major,3,a8c7134135710626d11849fb9a61d667,NEW YORK AVENUE NW AND L STREET NW,NEW YORK AVENUE NW,L STREET NW,57.99915118140829,8f9323e74d724d680ff99481b52090ae,False
65594696923,"NEW YORK AVENUE NW
WASHINGTON,",WARD 6,major,4,b8689765e329ca5dc4234c05f1a86f27,5TH STREET NW AND L STREET NW,5TH STREET NW,L STREET NW,64.85823203017596,8f9323e74d724d680ff99481b52090ae,False
65594696923,"NEW YORK AVENUE NW
WASHINGTON,",WARD 6,major,5,3f3df046ed718ac813e2fafa74e3d541,CROWDY COURT NW AND NEW YORK AVENUE NW,CROWDY COURT NW,CROWDY COURT NW,124.44837488192863,8f9323e74d724d680ff99481b52090ae,False
63232557747,4506 BOWEN ROAD SE,WARD 7,pdo,1,92c7972b9a424b9b1df1a7fc4e69b4ba,SOUTHERN AVENUE SE AND PEAR STREET SE,SOUTHERN AVENUE SE,PEAR STREET SE,25.300293949281585,9159f2214e08ba8ccfa7f97d6b383798,False
63232557747,4506 BOWEN ROAD SE,WARD 7,pdo,2,9159f2214e08ba8ccfa7f97d6b383798,SOUTHERN AVENUE SE AND 46TH STREET SE,SOUTHERN AVENUE SE,46TH STREET SE,38.49386616522775,9159f2214e08ba8ccfa7f97d6b383798,True
63232557747,4506 BOWEN ROAD SE,WARD 7,pdo,3,73a3f61ecfb8acb9a644a47bdd718f35,45TH PLACE SE AND BOWEN ROAD SE,45TH PLACE SE,BOWEN ROAD SE,43.733394503157776,9159f2214e08ba8ccfa7f97d6b383798,False
63232557747,4506 BOWEN ROAD SE,WARD 7,pdo,4,548783c047ccc6bb36cc148f2d9bdd45,QUINN STREET SE AND SOUTHERN AVENUE SE,QUINN STREET SE,SOUTHERN AVENUE SE,89.10992864516723,9159f2214e08ba8ccfa7f97d6b383798,False
63232557747,4506 BOWEN ROAD SE,WARD 7,pdo,5,efda76023e7f8d2d5694f28c5b6cfc90,SOUTHERN AVENUE SE AND RIDGE ROAD SE,SOUTHERN AVENUE SE,RIDGE ROAD SE,112.86846852556742,9159f2214e08ba8ccfa7f97d6b383798,False
69488029065,3360 SOUTHERN AVENUE SE,WARD 7,fatal,1,4675f16c0c5d15df2644ff27b2c77c45,DENVER STREET SE AND HIGHVIEW TERRACE SE,DENVER STREET SE,HIGHVIEW TERRACE SE,53.5153636049652,f8b2ea0b5e1d504f609185a15778ae23,False
69488029065,3360 SOUTHERN AVENUE SE,WARD 7,fatal,2,f8b2ea0b5e1d504f609185a15778ae23,ERIE STREET SE AND SOUTHERN AVENUE SE,ERIE STREET SE,SOUTHERN AVENUE SE,66.90652491819377,f8b2ea0b5e1d504f609185a15778ae23,True
69488029065,3360 SOUTHERN AVENUE SE,WARD 7,fatal,3,aeab3001bbac30eea81353c9ce4e5306,SOUTHERN AVENUE SE AND 34TH STREET SE,SOUTHERN AVENUE SE,34TH STREET SE,75.51001724048761,f8b2ea0b5e1d504f609185a15778ae23,False
69488029065,3360 SOUTHERN AVENUE SE,WARD 7,fatal,4,c4565ebebb7d2ea0d7a41763a0a1f235,HIGHVIEW TERRACE SE AND 34TH STREET SE,HIGHVIEW TERRACE SE,34TH STREET SE,76.3590772038448,f8b2ea0b5e1d504f609185a15778ae23,False
69488029065,3360 SOUTHERN AVENUE SE,WARD 7,fatal,5,20ba73e8c5c7421ec0b136b2fb9103ed,34TH STREET SE AND HIGHVIEW TERRACE SE,34TH STREET SE,HIGHVIEW TERRACE SE,119.61549878251887,f8b2ea0b5e1d504f609185a15778ae23,False
63294033165,"INTERSTATE 395 INTERSTATE BN
WASHINGTON,",WARD 2,minor,1,2b18fd91ba3a517837268b7171b89afb,INTERSTATE 395 AND INTERSTATE 695,INTERSTATE 395,INTERSTATE 695,31.27212177173561,0ee1dabfe1a682cccb52f7a2d46ee327,False
63294033165,"INTERSTATE 395 INTERSTATE BN
WASHINGTON,",WARD 2,minor,2,a6ffd13fc65fe44b1209225542e7d2c7,E STREET SW AND 4TH STREET SW,E STREET SW,4TH STREET SW,79.63240060856336,0ee1dabfe1a682cccb52f7a2d46ee327,False
63294033165,"INTERSTATE 395 INTERSTATE BN
WASHINGTON,",WARD 2,minor,3,2fe37fd243aef55f403f11b29f440d20,INTERSTATE 395 SOUTHBOUND AND RAMP TO E STREET SW,INTERSTATE 395,E STREET SW,133.15539111101208,0ee1dabfe1a682cccb52f7a2d46ee327,False
63294033165,"INTERSTATE 395 INTERSTATE BN
WASHINGTON,",WARD 2,minor,4,2a64703cc4ab31a896f4762112952ab2,4TH STREET SW AND G STREET SW,4TH STREET SW,G STREET SW,139.94755276022514,0ee1dabfe1a682cccb52f7a2d46ee327,False
63294033165,"INTERSTATE 395 INTERSTATE BN
WASHINGTON,",WARD 2,minor,5,0ee1dabfe1a682cccb52f7a2d46ee327,INTERSTATE 695 AND INTERSTATE 395,INTERSTATE 695,INTERSTATE 395,152.50144920141875,0ee1dabfe1a682cccb52f7a2d46ee327,True
67337283068,218 54TH STREET SE,WARD 7,pdo,1,cb958b27e25ba90a5fddcc29da860996,54TH STREET SE AND BASS PLACE SE,54TH STREET SE,BASS PLACE SE,2.405751608369287,cb958b27e25ba90a5fddcc29da860996,True
67337283068,218 54TH STREET SE,WARD 7,pdo,2,d43760252f3c90d9670de303ec08ac2f,B STREET SE AND BASS PLACE SE,B STREET SE,BASS PLACE SE,72.10181742723422,cb958b27e25ba90a5fddcc29da860996,False
67337283068,218 54TH STREET SE,WARD 7,pdo,3,cdf9b2535758e0ea348abdcdeae14c5d,B STREET SE AND BASS PLACE SE,B STREET SE,BASS PLACE SE,74.1233179456569,cb958b27e25ba90a5fddcc29da860996,False
67337283068,218 54TH STREET SE,WARD 7,pdo,4,98eaf7a97db3341e4d3929985d8df4e6,54TH STREET SE AND C STREET SE,54TH STREET SE,C STREET SE,79.04742562783179,cb958b27e25ba90a5fddcc29da860996,False
67337283068,218 54TH STREET SE,WARD 7,pdo,5,3ca2efc5ac26e1e2de278e8844912fba,54TH STREET SE AND CALL PLACE SE,54TH STREET SE,CALL PLACE SE,154.64842634921376,cb958b27e25ba90a5fddcc29da860996,False
69876884827,66 NEW YORK AVENUE NE,WARD 5,major,1,5550184a53d9dd124c0f9b81fea894c1,1ST STREET NE AND NEW YORK AVENUE NE,1ST STREET NE,NEW YORK AVENUE NE,65.52098843363727,f58d995ee2327b19c0ff94910468b1cd,False
69876884827,66 NEW YORK AVENUE NE,WARD 5,major,2,0866c1c163ecdc48b21b91acb0272212,FLORIDA AVENUE NE AND P STREET NE,FLORIDA AVENUE NE,P STREET NE,130.7522193710005,f58d995ee2327b19c0ff94910468b1cd,False
69876884827,66 NEW YORK AVENUE NE,WARD 5,major,3,fb2ba4911387fac685c89c4a14de8836,ECKINGTON PLACE NE AND FLORIDA AVENUE NE,ECKINGTON PLACE NE,FLORIDA AVENUE NE,133.08138221479558,f58d995ee2327b19c0ff94910468b1cd,False
69876884827,66 NEW YORK AVENUE NE,WARD 5,major,4,fb2ba4911387fac685c89c4a14de8836,1ST STREET NE AND FLORIDA AVENUE NE,1ST STREET NE,FLORIDA AVENUE NE,133.08138238814317,f58d995ee2327b19c0ff94910468b1cd,False
69876884827,66 NEW YORK AVENUE NE,WARD 5,major,5,1f88267c6f98d7f4b2d9beec330923b2,1ST STREET NE AND N STREET NE,1ST STREET NE,N STREET NE,161.33984026397493,f58d995ee2327b19c0ff94910468b1cd,False
63162591440,125 CANAL STREET SE,WARD 6,pdo,1,d2f7507c9d308b97da77443369e64e25,I STREET SE AND 2ND STREET SE,I STREET SE,2ND STREET SE,70.82933889557599,d2f7507c9d308b97da77443369e64e25,True
63162591440,125 CANAL STREET SE,WARD 6,pdo,2,f8575fccf91b35c0e34e94cb06e5e67c,I STREET SE AND NEW JERSEY AVENUE SE,I STREET SE,NEW JERSEY AVENUE SE,73.1532151074443,d2f7507c9d308b97da77443369e64e25,False
63162591440,125 CANAL STREET SE,WARD 6,pdo,3,b20a1d5487c45c3ac0298b1133b97332,K STREET SE AND NEW JERSEY AVENUE SE,K STREET SE,NEW JERSEY AVENUE SE,106.48531974528738,d2f7507c9d308b97da77443369e64e25,False
63162591440,125 CANAL STREET SE,WARD 6,pdo,4,6973d1562876c67e461f26bc7889ee3f,K STREET SE AND 2ND STREET SE,K STREET SE,2ND STREET SE,119.09245356929482,d2f7507c9d308b97da77443369e64e25,False
63162591440,125 CANAL STREET SE,WARD 6,pdo,5,dc9010ece86ba558f16e2b517686767c,2ND PLACE SE AND I STREET SE,2ND PLACE SE,I STREET SE,119.5141408082179,d2f7507c9d308b97da77443369e64e25,False
67553374484,"17TH STREET NW
WASHINGTON,",WARD 2,pdo,1,c4098e7808323c506438d37d2383bed5,CONSTITUTION AVENUE NW AND 17TH STREET NW,CONSTITUTION AVENUE NW,17TH STREET NW,30.942719544388257,c4098e7808323c506438d37d2383bed5,True
67553374484,"17TH STREET NW
WASHINGTON,",WARD 2,pdo,2,851668ee09d2746f7823a009e2607c7d,VIRGINIA AVENUE NW AND CONSTITUTION AVENUE NW,VIRGINIA AVENUE NW,CONSTITUTION AVENUE NW,108.19556646846273,c4098e7808323c506438d37d2383bed5,False
67553374484,"17TH STREET NW
WASHINGTON,",WARD 2,pdo,3,4f77093ff10b2ec03778ae9e75085cbc,17TH STREET NW AND C STREET NW,17TH STREET NW,C STREET NW,128.14922002792022,c4098e7808323c506438d37d2383bed5,False
67553374484,"17TH STREET NW
WASHINGTON,",WARD 2,pdo,4,ff3b966cd81154c6f85227308c53743b,18TH STREET NW AND CONSTITUTION AVENUE NW,18TH STREET NW,CONSTITUTION AVENUE NW,197.41570750090443,c4098e7808323c506438d37d2383bed5,False
67553374484,"17TH STREET NW
WASHINGTON,",WARD 2,pdo,5,aefba4071fd35fb3059b258e1a0b9d31,18TH STREET NW AND VIRGINIA AVENUE NW,18TH STREET NW,VIRGINIA AVENUE NW,198.58164596784917,c4098e7808323c506438d37d2383bed5,False
66966474065,1445 SPRING ROAD NW,WARD 4,pdo,1,974d2181beffde507faf26dd554fd715,16TH STREET NW AND SPRING ROAD NW,16TH STREET NW,SPRING ROAD NW,65.97116115642642,974d2181beffde507faf26dd554fd715,True
66966474065,1445 SPRING ROAD NW,WARD 4,pdo,2,a5a87f67dd1512ff6f49c1a1ea930b5e,SPRING PLACE NW AND OGDEN STREET NW,SPRING PLACE NW,OGDEN STREET NW,103.49643867723994,974d2181beffde507faf26dd554fd715,False
66966474065,1445 SPRING ROAD NW,WARD 4,pdo,3,10f160d9df1fb12a3bac6b81c05dfd2f,SPRING PLACE NW AND 16TH STREET NW,SPRING PLACE NW,16TH STREET NW,114.04571970969084,974d2181beffde507faf26dd554fd715,False
66966474065,1445 SPRING ROAD NW,WARD 4,pdo,4,71b00d14c2955a879a86315bb1734572,SPRING PLACE NW AND PERRY PLACE NW,SPRING PLACE NW,PERRY PLACE NW,157.64330618301454,974d2181beffde507faf26dd554fd715,False
66966474065,1445 SPRING ROAD NW,WARD 4,pdo,5,0c5383dfe1667049050511ff5f9aa777,16TH STREET NW AND ARKANSAS AVENUE NW,16TH STREET NW,ARKANSAS AVENUE NW,170.23695219702853,974d2181beffde507faf26dd554fd715,False
68676955307,1234 M STREET NW,WARD 2,major,1,c48125c0fe5a3d9248d4aee42eed4a3e,13TH STREET NW AND M STREET NW,13TH STREET NW,M STREET NW,21.93291983681825,c126181ad33af92f80b2943c568b69a2,False
68676955307,1234 M STREET NW,WARD 2,major,2,c126181ad33af92f80b2943c568b69a2,MASSACHUSETTS AVENUE NW AND 13TH STREET NW,MASSACHUSETTS AVENUE NW,13TH STREET NW,93.01362950521556,c126181ad33af92f80b2943c568b69a2,True
68676955307,1234 M STREET NW,WARD 2,major,3,d75b2ecc6ce40e90be43d76e10f45044,M STREET NW AND 12TH STREET NW,M STREET NW,12TH STREET NW,111.1504652422086,c126181ad33af92f80b2943c568b69a2,False
68676955307,1234 M STREET NW,WARD 2,major,4,8c83335dcff548ba515f74bea51d6c39,GREEN COURT NW AND MASSACHUSETTS AVENUE NW,GREEN COURT NW,MASSACHUSETTS AVENUE NW,125.78464347076881,c126181ad33af92f80b2943c568b69a2,False
68676955307,1234 M STREET NW,WARD 2,major,5,748fc9126d4c471eea2649f5276c38e8,13TH STREET NW AND N STREET NW,13TH STREET NW,N STREET NW,178.56309317084185,c126181ad33af92f80b2943c568b69a2,False
59993070961,670 L STREET NW,WARD 2,pdo,1,9ffd9d096463a96d8c0162fbde4837a3,L STREET NW AND 7TH STREET NW,L STREET NW,7TH STREET NW,20.59014452838892,093d7769a8befccd641c696d4d1028a4,False
59993070961,670 L STREET NW,WARD 2,pdo,2,93667065a3b82c1c7e707b22ceb44bc7,7TH STREET NW AND ALLEN Y LEW PLACE NW,7TH STREET NW,ALLEN Y LEW PLACE NW,138.2854722350353,093d7769a8befccd641c696d4d1028a4,False
59993070961,670 L STREET NW,WARD 2,pdo,3,9eb131a56519e9d01e2cbc8f281e9e4d,L STREET NW AND 6TH STREET NW,L STREET NW,6TH STREET NW,153.8355270779109,093d7769a8befccd641c696d4d1028a4,False
59993070961,670 L STREET NW,WARD 2,pdo,4,f0b7b0d37a63465dc70c321ea5fd5a2b,M STREET NW AND 7TH STREET NW,M STREET NW,7TH STREET NW,165.35641650087183,093d7769a8befccd641c696d4d1028a4,False
59993070961,670 L STREET NW,WARD 2,pdo,5,95d0de0b7d911b9e9da2b7288f9eaf4b,MCCOLLOUGH COURT NW AND M STREET NW,MCCOLLOUGH COURT NW,M STREET NW,165.78700413435263,093d7769a8befccd641c696d4d1028a4,False
69423384736,3535 CONNECTICUT AVENUE NW,WARD 3,pdo,1,a09b54513196b69d4500fcf0f10c2e64,PORTER STREET NW AND QUEBEC STREET NW,PORTER STREET NW,QUEBEC STREET NW,29.133126657824114,e27f638339d196ded9138304032f9d07,False
69423384736,3535 CONNECTICUT AVENUE NW,WARD 3,pdo,2,e27f638339d196ded9138304032f9d07,PORTER STREET NW AND CONNECTICUT AVENUE NW,PORTER STREET NW,CONNECTICUT AVENUE NW,70.00105511620157,e27f638339d196ded9138304032f9d07,True
69423384736,3535 CONNECTICUT AVENUE NW,WARD 3,pdo,3,0e64a9d7c7ad1d320baea8e37bf2743b,ORDWAY STREET NW AND CONNECTICUT AVENUE NW,ORDWAY STREET NW,CONNECTICUT AVENUE NW,127.19134750325523,e27f638339d196ded9138304032f9d07,False
69423384736,3535 CONNECTICUT AVENUE NW,WARD 3,pdo,4,9e1e3075894a99bbd7a5375a85d4f02d,29TH STREET NW AND ORDWAY STREET NW,29TH STREET NW,ORDWAY STREET NW,173.75605756195532,e27f638339d196ded9138304032f9d07,False
69423384736,3535 CONNECTICUT AVENUE NW,WARD 3,pdo,5,f14dc0329dd3e91869ac8fc693d86cf4,CONNECTICUT AVENUE NW AND RODMAN STREET NW,CONNECTICUT AVENUE NW,RODMAN STREET NW,218.76412096227975,e27f638339d196ded9138304032f9d07,False
64033139360,"PERIMETER NORTH ROAD SW
WASHINGTON,",WARD 8,pdo,1,c2e1cb903af81eb5895de3d0c0f428c6,PERIMETER NORTH ROAD SW AND PERIMETER EAST ROAD SW,PERIMETER NORTH ROAD SW,PERIMETER EAST ROAD SW,34.182834252950016,03c1e994017a2f976f9557e40d2681aa,False
64033139360,"PERIMETER NORTH ROAD SW
WASHINGTON,",WARD 8,pdo,2,ea01a3947a56eabb3598f9f1805a15e6,BELTZ AVENUE SW AND 28TH STREET SW,BELTZ AVENUE SW,28TH STREET SW,69.53325417680976,03c1e994017a2f976f9557e40d2681aa,False
64033139360,"PERIMETER NORTH ROAD SW
WASHINGTON,",WARD 8,pdo,3,03c1e994017a2f976f9557e40d2681aa,PERIMETER NORTH ROAD SW AND OVERLOOK AVENUE SW,PERIMETER NORTH ROAD SW,OVERLOOK AVENUE SW,69.66090140270393,03c1e994017a2f976f9557e40d2681aa,True
64033139360,"PERIMETER NORTH ROAD SW
WASHINGTON,",WARD 8,pdo,4,3aaebb72341f9d1ea73895bb44bf15da,FURTH STREET SW AND BELTZ AVENUE SW,FURTH STREET SW,BELTZ AVENUE SW,80.56915108853089,03c1e994017a2f976f9557e40d2681aa,False
64033139360,"PERIMETER NORTH ROAD SW
WASHINGTON,",WARD 8,pdo,5,f0c372b178fd4a0bc648c8a123435200,MARQUART STREET SW AND BELTZ AVENUE SW,MARQUART STREET SW,BELTZ AVENUE SW,122.93208141270993,03c1e994017a2f976f9557e40d2681aa,False
68777953754,609 GRESHAM PLACE NW,WARD 1,pdo,1,fa1c04e3f2e3511965aaf75e8d31f791,GEORGIA AVENUE NW AND HARVARD STREET NW,GEORGIA AVENUE NW,HARVARD STREET NW,92.518450390092,19d4ec8cd0210471bc01c3f0a3bb21bb,False
68777953754,609 GRESHAM PLACE NW,WARD 1,pdo,2,19d4ec8cd0210471bc01c3f0a3bb21bb,GEORGIA AVENUE NW AND GRESHAM PLACE NW,GEORGIA AVENUE NW,GRESHAM PLACE NW,94.96104552854587,19d4ec8cd0210471bc01c3f0a3bb21bb,True
68777953754,609 GRESHAM PLACE NW,WARD 1,pdo,3,6775c78f01d046ec65b8808b13ecfec1,GEORGIA AVENUE NW AND GRESHAM PLACE NW,GEORGIA AVENUE NW,GRESHAM PLACE NW,100.2082738667841,19d4ec8cd0210471bc01c3f0a3bb21bb,False
68777953754,609 GRESHAM PLACE NW,WARD 1,pdo,4,fc14a3ad9c7f9ae2c8a74201b890f96e,HOBART PLACE NW AND GEORGIA AVENUE NW,HOBART PLACE NW,GEORGIA AVENUE NW,111.41019347507051,19d4ec8cd0210471bc01c3f0a3bb21bb,False
68777953754,609 GRESHAM PLACE NW,WARD 1,pdo,5,85a56f598dc238e47a7efec8b150ec27,5TH STREET NW AND GRESHAM PLACE NW,5TH STREET NW,GRESHAM PLACE NW,129.6963569156896,19d4ec8cd0210471bc01c3f0a3bb21bb,False
60136586943,2929 PENNSYLVANIA AVENUE SE,WARD 7,minor,1,e7badde9a725902243254732c983bc6c,30TH STREET SE AND Q STREET SE,30TH STREET SE,Q STREET SE,30.03552683585618,3eadd2d53012060439bb71dabd26870b,False
60136586943,2929 PENNSYLVANIA AVENUE SE,WARD 7,minor,2,3eadd2d53012060439bb71dabd26870b,PENNSYLVANIA AVENUE SE AND 30TH STREET SE,PENNSYLVANIA AVENUE SE,30TH STREET SE,48.794544335739644,3eadd2d53012060439bb71dabd26870b,True
60136586943,2929 PENNSYLVANIA AVENUE SE,WARD 7,minor,3,a66234583439e7da7696cb802ebd21ae,Q STREET SE AND 29TH STREET SE,Q STREET SE,29TH STREET SE,58.61400035180947,3eadd2d53012060439bb71dabd26870b,False
60136586943,2929 PENNSYLVANIA AVENUE SE,WARD 7,minor,4,25a1123b937ad330281485dca394fe7f,Q STREET SE AND 28TH PLACE SE,Q STREET SE,28TH PLACE SE,141.116518431718,3eadd2d53012060439bb71dabd26870b,False
60136586943,2929 PENNSYLVANIA AVENUE SE,WARD 7,minor,5,752763313f9609ddfc6a2d9d4215ab0e,30TH STREET SE AND R STREET SE,30TH STREET SE,R STREET SE,144.09076238846384,3eadd2d53012060439bb71dabd26870b,False
64647564597,35 NEW YORK AVENUE NW,WARD 5,pdo,1,d940911daa6eb315e026aeb88ebdb7e8,N STREET NW AND NEW YORK AVENUE NW,N STREET NW,NEW YORK AVENUE NW,68.2968937947904,d940911daa6eb315e026aeb88ebdb7e8,True
64647564597,35 NEW YORK AVENUE NW,WARD 5,pdo,2,55f8763586b916dc226a8f7792aee3cb,NORTH CAPITOL STREET UNDER NEW YORK AVENUE NE,NORTH CAPITOL STREET,NEW YORK AVENUE NE,112.53186029491754,d940911daa6eb315e026aeb88ebdb7e8,False
64647564597,35 NEW YORK AVENUE NW,WARD 5,pdo,3,55f8763586b916dc226a8f7792aee3cb,NEW YORK AVENUE NW AND N STREET NE,NEW YORK AVENUE NW,N STREET NE,112.53186034124536,d940911daa6eb315e026aeb88ebdb7e8,False
64647564597,35 NEW YORK AVENUE NW,WARD 5,pdo,4,f9eca17ec338a84f6568e74fd00432a5,NORTH CAPITOL STREET NE AND N STREET NE,NORTH CAPITOL STREET NE,N STREET NE,123.56273238435345,d940911daa6eb315e026aeb88ebdb7e8,False
64647564597,35 NEW YORK AVENUE NW,WARD 5,pdo,5,c5efd4ec5cdd13d88d01274a44eb2abf,HANOVER PLACE NW AND NORTH CAPITOL STREET NW,HANOVER PLACE NW,NORTH CAPITOL STREET NW,124.21945705167713,d940911daa6eb315e026aeb88ebdb7e8,False
57612656577,2750 SHERIDAN ROAD SE,WARD 8,major,1,fe9872432f6a97a72883929e0df1de2b,POMEROY ROAD SE AND SHERIDAN ROAD SE,POMEROY ROAD SE,SHERIDAN ROAD SE,23.61511385421353,fe9872432f6a97a72883929e0df1de2b,True
57612656577,2750 SHERIDAN ROAD SE,WARD 8,major,2,5d144d54d8641106a6af8173811cc77c,SUITLAND PARKWAY SE NORTHBOUND AND RAMP TO SHERIDAN ROAD SE,SUITLAND PARKWAY SE,SHERIDAN ROAD SE,39.66554133134899,fe9872432f6a97a72883929e0df1de2b,False
57612656577,2750 SHERIDAN ROAD SE,WARD 8,major,3,a8c674de7ffc425549a5495a07331675,DUNBAR ROAD SE AND POMEROY ROAD SE,DUNBAR ROAD SE,POMEROY ROAD SE,147.8411324379358,fe9872432f6a97a72883929e0df1de2b,False
57612656577,2750 SHERIDAN ROAD SE,WARD 8,major,4,fb32604b4ed9fbbd34def5c761bdd149,DOUGLAS PLACE SE AND SAYLES PLACE SE,DOUGLAS PLACE SE,SAYLES PLACE SE,188.14002500686303,fe9872432f6a97a72883929e0df1de2b,False
57612656577,2750 SHERIDAN ROAD SE,WARD 8,major,5,fb32604b4ed9fbbd34def5c761bdd149,DOUGLASS PLACE SE AND SAYLES PLACE SE,DOUGLASS PLACE SE,SAYLES PLACE SE,188.14002705708225,fe9872432f6a97a72883929e0df1de2b,False
67804924366,1201 NEW YORK AVENUE NE,WARD 5,pdo,1,a6c3d963987908aab225e8d9a649cb5f,NEW YORK AVENUE NE AND MOUNT OLIVET ROAD NE,NEW YORK AVENUE NE,MOUNT OLIVET ROAD NE,68.080746528708,bb559c55f6f8e2bae766257ad9af6e3c,False
67804924366,1201 NEW YORK AVENUE NE,WARD 5,pdo,2,bb559c55f6f8e2bae766257ad9af6e3c,NEW YORK AVENUE NE AND FAIRVIEW AVENUE NE,NEW YORK AVENUE NE,FAIRVIEW AVENUE NE,119.96180465322904,bb559c55f6f8e2bae766257ad9af6e3c,True
67804924366,1201 NEW YORK AVENUE NE,WARD 5,pdo,3,dd4a3e38fb566cd3c37fccaf6fcf8736,OKIE STREET NE AND FAIRVIEW AVENUE NE,OKIE STREET NE,FAIRVIEW AVENUE NE,152.22632757837184,bb559c55f6f8e2bae766257ad9af6e3c,False
67804924366,1201 NEW YORK AVENUE NE,WARD 5,pdo,4,158563882ccef9690324d10e86bc679d,MOUNT OLIVET ROAD NE AND NEW YORK AVENUE NE,MOUNT OLIVET ROAD NE,NEW YORK AVENUE NE,164.99168408438868,bb559c55f6f8e2bae766257ad9af6e3c,False
67804924366,1201 NEW YORK AVENUE NE,WARD 5,pdo,5,339506a274b5e64e2620ca0074c62f15,FAIRVIEW AVENUE NE AND GALLAUDET STREET NE,FAIRVIEW AVENUE NE,GALLAUDET STREET NE,220.79719978174427,bb559c55f6f8e2bae766257ad9af6e3c,False
68454189400,4305 MASSACHUSETTS AVENUE NW,WARD 3,pdo,1,051b8b4f0cd8b046b04cc2347ac1fb38,WESTOVER PLACE NW AND MASSACHUSETTS AVENUE NW,WESTOVER PLACE NW,MASSACHUSETTS AVENUE NW,50.52737981684946,051b8b4f0cd8b046b04cc2347ac1fb38,True
68454189400,4305 MASSACHUSETTS AVENUE NW,WARD 3,pdo,2,064deecacda695758ee065572337e534,WESTOVER PLACE NW AND WESTOVER PLACE NW,WESTOVER PLACE NW,WESTOVER PLACE NW,87.80650092419577,051b8b4f0cd8b046b04cc2347ac1fb38,False
68454189400,4305 MASSACHUSETTS AVENUE NW,WARD 3,pdo,3,b3cc273bf75680e498f4605e862f1be3,WESTOVER PLACE NW AND WESTOVER PLACE NW,WESTOVER PLACE NW,WESTOVER PLACE NW,125.37548277134634,051b8b4f0cd8b046b04cc2347ac1fb38,False
68454189400,4305 MASSACHUSETTS AVENUE NW,WARD 3,pdo,4,614b9464a09ed38a44fe35e0b6ad91cc,WESTOVER PLACE NW AND WESTOVER PLACE NW,WESTOVER PLACE NW,WESTOVER PLACE NW,126.50716931696513,051b8b4f0cd8b046b04cc2347ac1fb38,False
68454189400,4305 MASSACHUSETTS AVENUE NW,WARD 3,pdo,5,0ab0d7975ec09b41598648d6a36ec32d,MASSACHUSETTS AVENUE NW AND WARD CIRCLE NW,MASSACHUSETTS AVENUE NW,WARD CIRCLE NW,197.14347557717497,051b8b4f0cd8b046b04cc2347ac1fb38,False
60264056621,1902 PENNSYLVANIA AVENUE NW,WARD 2,minor,1,f391cc709294a08a6c4016d779578c16,H STREET NW AND 19TH STREET NW,H STREET NW,19TH STREET NW,21.13098653639208,f391cc709294a08a6c4016d779578c16,True
60264056621,1902 PENNSYLVANIA AVENUE NW,WARD 2,minor,2,ccc9e6055cfbe43956fa8508b88aca49,19TH STREET NW AND H STREET NW,19TH STREET NW,H STREET NW,80.90116307393107,f391cc709294a08a6c4016d779578c16,False
60264056621,1902 PENNSYLVANIA AVENUE NW,WARD 2,minor,3,7017cfabaae3a8e69d6a603f5e2ff18a,I STREET NW AND 20TH STREET NW,I STREET NW,20TH STREET NW,115.2278981332405,f391cc709294a08a6c4016d779578c16,False
60264056621,1902 PENNSYLVANIA AVENUE NW,WARD 2,minor,4,77cb5a2300da0f1d155b8859d6a5d722,I STREET NW AND 19TH STREET NW,I STREET NW,19TH STREET NW,118.79222938747988,f391cc709294a08a6c4016d779578c16,False
60264056621,1902 PENNSYLVANIA AVENUE NW,WARD 2,minor,5,4d9d9e72603177ff4fca9aeeeb34ef09,H STREET NW AND 20TH STREET NW,H STREET NW,20TH STREET NW,131.46913820629865,f391cc709294a08a6c4016d779578c16,False
69830027225,1140 MAINE AVENUE SW,WARD 6,major,1,62ddca0db07322af5cf2cf0ea4afdc67,12TH STREET SW AND MAINE AVENUE SW,12TH STREET SW,MAINE AVENUE SW,48.603263470425546,62ddca0db07322af5cf2cf0ea4afdc67,True
69830027225,1140 MAINE AVENUE SW,WARD 6,major,2,fcb1e1907d93df1629755cc9e05fc49b,MARKET SQUARE SW AND MAINE AVENUE SW,MARKET SQUARE SW,MAINE AVENUE SW,71.44401285643723,62ddca0db07322af5cf2cf0ea4afdc67,False
69830027225,1140 MAINE AVENUE SW,WARD 6,major,3,18d910bb0199e38d1b5da9e47db71e6b,MARKET SQUARE SW AND WHARF STREET SW,MARKET SQUARE SW,WHARF STREET SW,78.79257049645013,62ddca0db07322af5cf2cf0ea4afdc67,False
69830027225,1140 MAINE AVENUE SW,WARD 6,major,4,e0b76a734d8541a53468f3fda7a9ed1a,MAINE AVENUE SW AND BLAIR ALLEY SW,MAINE AVENUE SW,BLAIR ALLEY SW,120.17925114049315,62ddca0db07322af5cf2cf0ea4afdc67,False
69830027225,1140 MAINE AVENUE SW,WARD 6,major,5,36ae2dacc48d3a9eb1bafd526f227f05,INTERSTATE 395 SOUTHBOUND AND RAMP FROM 9TH STREET SW SOUTHBOUND,INTERSTATE 395,9TH STREET SW,121.92788745593877,62ddca0db07322af5cf2cf0ea4afdc67,False
69114832640,1812 RHODE ISLAND AVENUE NE,WARD 5,pdo,1,dd2b94fde6e8d969dc43a2cea058cc63,HAMLIN STREET NE AND QUEENS CHAPEL ROAD NE,HAMLIN STREET NE,QUEENS CHAPEL ROAD NE,47.07989532313849,64a463aaa9c8271117465cdcac4be58b,False
69114832640,1812 RHODE ISLAND AVENUE NE,WARD 5,pdo,2,64a463aaa9c8271117465cdcac4be58b,RHODE ISLAND AVENUE NE AND HAMLIN STREET NE,RHODE ISLAND AVENUE NE,HAMLIN STREET NE,58.231903493290744,64a463aaa9c8271117465cdcac4be58b,True
69114832640,1812 RHODE ISLAND AVENUE NE,WARD 5,pdo,3,96235c5db575e759020a12820b47d446,IRVING STREET NE AND QUEENS CHAPEL ROAD NE,IRVING STREET NE,QUEENS CHAPEL ROAD NE,68.83723893346856,64a463aaa9c8271117465cdcac4be58b,False
69114832640,1812 RHODE ISLAND AVENUE NE,WARD 5,pdo,4,e3bd030a28966c7162e420ade71dd3a9,QUEENS CHAPEL ROAD NE AND RHODE ISLAND AVENUE NE,QUEENS CHAPEL ROAD NE,RHODE ISLAND AVENUE NE,72.05727247706575,64a463aaa9c8271117465cdcac4be58b,False
69114832640,1812 RHODE ISLAND AVENUE NE,WARD 5,pdo,5,c5b2c9234ca86aae46de8d5b70ab479c,18TH STREET NE AND BRENTWOOD ROAD NE,18TH STREET NE,BRENTWOOD ROAD NE,75.86971457450787,64a463aaa9c8271117465cdcac4be58b,False
66748028210,5920 16TH STREET NW,WARD 4,pdo,1,8986e78758a51edc6be0ba75d4c15d9f,MISSOURI AVENUE NW AND 16TH STREET NW,MISSOURI AVENUE NW,16TH STREET NW,28.192702468051692,8986e78758a51edc6be0ba75d4c15d9f,True
66748028210,5920 16TH STREET NW,WARD 4,pdo,2,5ad98e9301d12c28e74e0ebd78aa3054,MILITARY ROAD NW WESTBOUND AND RAMP FROM 16TH STREET NW NORTHBOUND,MILITARY ROAD NW,16TH STREET NW,56.99433062019717,8986e78758a51edc6be0ba75d4c15d9f,False
66748028210,5920 16TH STREET NW,WARD 4,pdo,3,88f37ddc43a775d92433823a1edca9f0,16TH STREET NW NIORTHBOIUND AND RAMP TO MILITARY ROAD NW WESTBOUND,16TH STREET NW,MILITARY ROAD NW,60.07029626445698,8986e78758a51edc6be0ba75d4c15d9f,False
66748028210,5920 16TH STREET NW,WARD 4,pdo,4,d02e9c801c9044c3a8031ab1c5c54cd5,16TH STREET NW AND RAMP FROM MILITARY ROAD NW EASTBOUND,16TH STREET NW,MILITARY ROAD NW,60.555951153570724,8986e78758a51edc6be0ba75d4c15d9f,False
66748028210,5920 16TH STREET NW,WARD 4,pdo,5,0532754b60c4d211924045d1169a9ce7,OGLETHORPE STREET NW AND 16TH STREET NW,OGLETHORPE STREET NW,16TH STREET NW,71.31990755091867,8986e78758a51edc6be0ba75d4c15d9f,False
61015079140,4923 16TH STREET NW,WARD 4,pdo,1,027634f74affd731aac9ebc5d92c74a9,16TH STREET NW AND FARRAGUT STREET NW,16TH STREET NW,FARRAGUT STREET NW,29.542855871681983,84b8e1633d6fe5ae1cff9e75e4b2695f,False
61015079140,4923 16TH STREET NW,WARD 4,pdo,2,84b8e1633d6fe5ae1cff9e75e4b2695f,16TH STREET NW AND BLAGDEN AVENUE NW,16TH STREET NW,BLAGDEN AVENUE NW,43.26723524427434,84b8e1633d6fe5ae1cff9e75e4b2695f,True
61015079140,4923 16TH STREET NW,WARD 4,pdo,3,f2f15e1d413c244744a2d0a4266079b1,PINEY BRANCH ROAD NW AND FARRAGUT STREET NW,PINEY BRANCH ROAD NW,FARRAGUT STREET NW,106.26331488325596,84b8e1633d6fe5ae1cff9e75e4b2695f,False
61015079140,4923 16TH STREET NW,WARD 4,pdo,4,b162073a8ac732ed1bb9dfdfdb602146,GALLATIN STREET NW AND 16TH STREET NW,GALLATIN STREET NW,16TH STREET NW,121.89106699330593,84b8e1633d6fe5ae1cff9e75e4b2695f,False
61015079140,4923 16TH STREET NW,WARD 4,pdo,5,4b319bdcd14976441cff80dae3231432,EMERSON STREET NW AND 16TH STREET NW,EMERSON STREET NW,16TH STREET NW,122.53733696619788,84b8e1633d6fe5ae1cff9e75e4b2695f,False
54570233701,1340 MORRIS ROAD SE,WARD 8,pdo,1,71901b4bf31d895908e192dec4924b1f,CHESTER STREET SE AND MAPLE VIEW PLACE SE,CHESTER STREET SE,MAPLE VIEW PLACE SE,74.46302137206534,5bb1cd29d4161a1db6de47316430dd75,False
54570233701,1340 MORRIS ROAD SE,WARD 8,pdo,2,5e85c675d586c2337e6fa42dfe81d3ec,PAYNE TERRACE SE AND MAPLE VIEW PLACE SE,PAYNE TERRACE SE,MAPLE VIEW PLACE SE,100.09880910177014,5bb1cd29d4161a1db6de47316430dd75,False
54570233701,1340 MORRIS ROAD SE,WARD 8,pdo,3,ced52095029ad083e92ad3178b646bcd,TALBERT COURT SE AND TALBERT STREET SE,TALBERT COURT SE,TALBERT STREET SE,106.53265666132526,5bb1cd29d4161a1db6de47316430dd75,False
54570233701,1340 MORRIS ROAD SE,WARD 8,pdo,4,5bb1cd29d4161a1db6de47316430dd75,HIGH STREET SE AND MORRIS ROAD SE,HIGH STREET SE,MORRIS ROAD SE,130.79570029734074,5bb1cd29d4161a1db6de47316430dd75,True
54570233701,1340 MORRIS ROAD SE,WARD 8,pdo,5,ffcb7e77afcff44392f615a77571abfb,HIGH STREET SE AND MAPLE VIEW PLACE SE,HIGH STREET SE,MAPLE VIEW PLACE SE,130.9161788635032,5bb1cd29d4161a1db6de47316430dd75,False
69710652673,821 Q STREET NW,WARD 2,minor,1,6f2a7ea156640a8a6b78dbc58096a30f,9TH STREET NW AND Q STREET NW,9TH STREET NW,Q STREET NW,19.48904010427731,6f2a7ea156640a8a6b78dbc58096a30f,True
69710652673,821 Q STREET NW,WARD 2,minor,2,2f3c62686bcc6e99f50f44079d40b612,9TH STREET NW AND RHODE ISLAND AVENUE NW,9TH STREET NW,RHODE ISLAND AVENUE NW,35.033635765588784,6f2a7ea156640a8a6b78dbc58096a30f,False
69710652673,821 Q STREET NW,WARD 2,minor,3,74cd68c1b771fcf7ed1008a0a3cfa3b9,Q STREET NW AND 8TH STREET NW,Q STREET NW,8TH STREET NW,90.36824402325932,6f2a7ea156640a8a6b78dbc58096a30f,False
69710652673,821 Q STREET NW,WARD 2,minor,4,760d6452e5862426017046d147d5c734,RHODE ISLAND AVENUE NW AND Q STREET NW,RHODE ISLAND AVENUE NW,Q STREET NW,101.04449743651388,6f2a7ea156640a8a6b78dbc58096a30f,False
69710652673,821 Q STREET NW,WARD 2,minor,5,847423703aa9e1c31913ceee0cf7aea8,8TH STREET NW AND RHODE ISLAND AVENUE NW,8TH STREET NW,RHODE ISLAND AVENUE NW,115.20947614408115,6f2a7ea156640a8a6b78dbc58096a30f,False
53670938889,3038 STANTON ROAD SE,WARD 8,fatal,1,a5c0bf205c22fb999c8dfa52a3b7ff36,SHERIDAN ROAD SE AND STANTON ROAD SE,SHERIDAN ROAD SE,STANTON ROAD SE,29.3027942787738,a5c0bf205c22fb999c8dfa52a3b7ff36,True
53670938889,3038 STANTON ROAD SE,WARD 8,fatal,2,5bf73113ddbd196f37a52c1a9abfe82e,STANTON ROAD SE AND SUITLAND PARKWAY SE,STANTON ROAD SE,SUITLAND PARKWAY SE,38.88790918381467,a5c0bf205c22fb999c8dfa52a3b7ff36,False
53670938889,3038 STANTON ROAD SE,WARD 8,fatal,3,f50cda3b9ffb172a667c20b7b0839de1,SHERIDAN ROAD SE AND 15TH PLACE SE,SHERIDAN ROAD SE,15TH PLACE SE,40.80531422899025,a5c0bf205c22fb999c8dfa52a3b7ff36,False
53670938889,3038 STANTON ROAD SE,WARD 8,fatal,4,6400308fa4dbb4c576c0be6dfe9c74ee,STANTON ROAD SE SOUTHBOUND AND RAMP FROM SUITLAND PARKWAY SE SOUTHBOUND,STANTON ROAD SE,SUITLAND PARKWAY SE,58.35205610777182,a5c0bf205c22fb999c8dfa52a3b7ff36,False
53670938889,3038 STANTON ROAD SE,WARD 8,fatal,5,3446f5980221798c8c87d608222ca540,GAINESVILLE STREET SE AND 15TH PLACE SE,GAINESVILLE STREET SE,15TH PLACE SE,172.88475256296488,a5c0bf205c22fb999c8dfa52a3b7ff36,False
62145314872,600 7TH STREET NW,WARD 2,pdo,1,4f27ea0441a7beb69ddde6c07bd0e10f,F STREET NW AND 7TH STREET NW,F STREET NW,7TH STREET NW,26.168696413743536,4f27ea0441a7beb69ddde6c07bd0e10f,True
62145314872,600 7TH STREET NW,WARD 2,pdo,2,2daedbab4bb7fd2240b28fa6cf3bb9d8,F STREET NW AND 8TH STREET NW,F STREET NW,8TH STREET NW,95.89674829814783,4f27ea0441a7beb69ddde6c07bd0e10f,False
62145314872,600 7TH STREET NW,WARD 2,pdo,3,45e40fd6e98f6ef9fbf0bf675691b52d,7TH STREET NW AND G STREET NW,7TH STREET NW,G STREET NW,104.00418332706634,4f27ea0441a7beb69ddde6c07bd0e10f,False
62145314872,600 7TH STREET NW,WARD 2,pdo,4,81591b0270f2fababa343ac7399f7b2e,8TH STREET NW AND G STREET NW,8TH STREET NW,G STREET NW,137.02631018700288,4f27ea0441a7beb69ddde6c07bd0e10f,False
62145314872,600 7TH STREET NW,WARD 2,pdo,5,29ee8ec1cf2fb569b63df40b6f21ccac,7TH STREET NW AND E STREET NW,7TH STREET NW,E STREET NW,153.35873255772344,4f27ea0441a7beb69ddde6c07bd0e10f,False
67405723124,300 C STREET NE,WARD 6,pdo,1,88762187e58bdfecfdc33056c0b57699,3RD STREET NE AND C STREET NE,3RD STREET NE,C STREET NE,18.09713977285787,88762187e58bdfecfdc33056c0b57699,True
67405723124,300 C STREET NE,WARD 6,pdo,2,53ece8abe22e86b345452f254a69836e,WALTER ALLEY NE AND 3RD STREET NE,WALTER ALLEY NE,3RD STREET NE,42.082582127049854,88762187e58bdfecfdc33056c0b57699,False
67405723124,300 C STREET NE,WARD 6,pdo,3,d6524ae675980c1f3f7c1bbdc9845f5a,MASSACHUSETTS AVENUE NE AND 3RD STREET NE,MASSACHUSETTS AVENUE NE,3RD STREET NE,95.9348689357396,88762187e58bdfecfdc33056c0b57699,False
67405723124,300 C STREET NE,WARD 6,pdo,4,dd42c1ce07c0467b858a263670de7df4,3RD STREET NE AND D STREET NE,3RD STREET NE,D STREET NE,116.55938723522571,88762187e58bdfecfdc33056c0b57699,False
67405723124,300 C STREET NE,WARD 6,pdo,5,ad8cf1feecee94155898b99ff99f2dc3,D STREET NE AND MASSACHUSETTS AVENUE NE,D STREET NE,MASSACHUSETTS AVENUE NE,120.9201071231227,88762187e58bdfecfdc33056c0b57699,False
58518304730,3707 NEWARK STREET NW,WARD 3,major,1,b0c9864366a92c9eba28f8acf5d0510d,IDAHO AVENUE NW AND NEWARK STREET NW,IDAHO AVENUE NW,NEWARK STREET NW,24.82210362111263,b0c9864366a92c9eba28f8acf5d0510d,True
58518304730,3707 NEWARK STREET NW,WARD 3,major,2,28c75c4f8513f6a89bce21e7337ecf80,WISCONSIN AVENUE NW AND NORTON PLACE NW,WISCONSIN AVENUE NW,NORTON PLACE NW,94.75093452208712,b0c9864366a92c9eba28f8acf5d0510d,False
58518304730,3707 NEWARK STREET NW,WARD 3,major,3,ec4d22698297c5c6845d7d7aeb00b4a2,38TH STREET NW AND NEWARK STREET NW,38TH STREET NW,NEWARK STREET NW,96.45041736142582,b0c9864366a92c9eba28f8acf5d0510d,False
58518304730,3707 NEWARK STREET NW,WARD 3,major,4,4443cc5be3e1158b88511fdabc985134,WISCONSIN AVENUE NW AND NEWARK STREET NW,WISCONSIN AVENUE NW,NEWARK STREET NW,112.4154433942341,b0c9864366a92c9eba28f8acf5d0510d,False
58518304730,3707 NEWARK STREET NW,WARD 3,major,5,cfdbab47529877514c088439270afe98,WISCONSIN AVENUE NW AND IDAHO AVENUE NW,WISCONSIN AVENUE NW,IDAHO AVENUE NW,132.86888404335835,b0c9864366a92c9eba28f8acf5d0510d,False
60779169112,"ASPEN STREET NW & BLAIR ROAD NW
WASHINGTON,",WARD 4,minor,1,3f8df3c0fd30a0354a18d7b760ec31d2,ASPEN STREET NW AND BLAIR ROAD NW,ASPEN STREET NW,BLAIR ROAD NW,0.057169680513694046,3f8df3c0fd30a0354a18d7b760ec31d2,True
60779169112,"ASPEN STREET NW & BLAIR ROAD NW
WASHINGTON,",WARD 4,minor,2,ad048965dc899e45bc79f26222ef91f3,BLAIR ROAD NW AND 3RD STREET NW,BLAIR ROAD NW,3RD STREET NW,49.53327427622933,3f8df3c0fd30a0354a18d7b760ec31d2,False
60779169112,"ASPEN STREET NW & BLAIR ROAD NW
WASHINGTON,",WARD 4,minor,3,57e4f9ce1d3ea3ce25eeed347ba4af35,ASPEN STREET NW AND SANDY SPRING ROAD NW,ASPEN STREET NW,SANDY SPRING ROAD NW,51.63062224158533,3f8df3c0fd30a0354a18d7b760ec31d2,False
60779169112,"ASPEN STREET NW & BLAIR ROAD NW
WASHINGTON,",WARD 4,minor,4,0e5c05585d4267a4ec1e090d5a70a7ee,WILLOW STREET NW AND SANDY SPRING ROAD NW,WILLOW STREET NW,SANDY SPRING ROAD NW,72.07338994718819,3f8df3c0fd30a0354a18d7b760ec31d2,False
60779169112,"ASPEN STREET NW & BLAIR ROAD NW
WASHINGTON,",WARD 4,minor,5,7f97a5ba15566a58b7686dcb08952853,ASPEN STREET NW AND WILLOW STREET NW,ASPEN STREET NW,WILLOW STREET NW,72.88788923624357,3f8df3c0fd30a0354a18d7b760ec31d2,False
63476142900,1100 U STREET NW,WARD 1,major,1,5b5ace5bb823f2df5777a1ec26d22504,U STREET NW AND 11TH STREET NW,U STREET NW,11TH STREET NW,18.972835849866662,5b5ace5bb823f2df5777a1ec26d22504,True
63476142900,1100 U STREET NW,WARD 1,major,2,ebf99f53db07cd00ebd4a4f6d22dbef7,12TH STREET NW AND U STREET NW,12TH STREET NW,U STREET NW,71.59239409855742,5b5ace5bb823f2df5777a1ec26d22504,False
63476142900,1100 U STREET NW,WARD 1,major,3,f3292e567c431abdcaf382ec5bfe480b,U STREET NW AND 10TH STREET NW,U STREET NW,10TH STREET NW,109.5058375145259,5b5ace5bb823f2df5777a1ec26d22504,False
63476142900,1100 U STREET NW,WARD 1,major,4,310240b8c308e1ac8efada01caa586f5,U STREET NW AND BEN ALI WAY NW,U STREET NW,BEN ALI WAY NW,119.70917241683536,5b5ace5bb823f2df5777a1ec26d22504,False
63476142900,1100 U STREET NW,WARD 1,major,5,39e352de16e153f4595643be021c5c93,11TH STREET NW AND V STREET NW,11TH STREET NW,V STREET NW,124.8333336964445,5b5ace5bb823f2df5777a1ec26d22504,False
55760612971,4300 MARTIN LUTHER KING JR AVENUE SW,WARD 8,pdo,1,826c1474d6e3926656f42fef18ef3e85,MARTIN LUTHER KING JR AVENUE SW AND DANBURY STREET SW,MARTIN LUTHER KING JR AVENUE SW,DANBURY STREET SW,23.852290006267157,826c1474d6e3926656f42fef18ef3e85,True
55760612971,4300 MARTIN LUTHER KING JR AVENUE SW,WARD 8,pdo,2,76683e0500dfb7fb37a131a1ad48c03e,DARRINGTON STREET SW AND MARTIN LUTHER KING JR AVENUE SW,DARRINGTON STREET SW,MARTIN LUTHER KING JR AVENUE SW,91.95278699936037,826c1474d6e3926656f42fef18ef3e85,False
55760612971,4300 MARTIN LUTHER KING JR AVENUE SW,WARD 8,pdo,3,593056615d2c66c36d581928090ca2fb,CHESAPEAKE STREET SW AND MARTIN LUTHER KING JR AVENUE SW,CHESAPEAKE STREET SW,MARTIN LUTHER KING JR AVENUE SW,98.45958126961418,826c1474d6e3926656f42fef18ef3e85,False
55760612971,4300 MARTIN LUTHER KING JR AVENUE SW,WARD 8,pdo,4,a394b7d84c89ed3579f6d0ad640b9994,2ND STREET SW AND CHESAPEAKE STREET SW,2ND STREET SW,CHESAPEAKE STREET SW,158.46346557280233,826c1474d6e3926656f42fef18ef3e85,False
55760612971,4300 MARTIN LUTHER KING JR AVENUE SW,WARD 8,pdo,5,4ad58b9eb16d33bc636711727b24a1d5,ELMIRA STREET SW AND MARTIN LUTHER KING JR AVENUE SW,ELMIRA STREET SW,MARTIN LUTHER KING JR AVENUE SW,195.4599337780566,826c1474d6e3926656f42fef18ef3e85,False
70306769264,908 SOUTHERN AVENUE SE,WARD 8,major,1,b37744d58b49217b8d2bc9e2a534715b,SOUTHERN AVENUE SE AND 9TH STREET SE,SOUTHERN AVENUE SE,9TH STREET SE,42.11017581046511,b37744d58b49217b8d2bc9e2a534715b,True
70306769264,908 SOUTHERN AVENUE SE,WARD 8,major,2,2a260b76dfe863a2ba4a55fdc6910671,9TH STREET SE AND BELLEVUE STREET SE,9TH STREET SE,BELLEVUE STREET SE,83.95609386657975,b37744d58b49217b8d2bc9e2a534715b,False
70306769264,908 SOUTHERN AVENUE SE,WARD 8,major,3,66d988a8abceccaf8cac288a2fcf2469,BELLEVUE STREET SE AND BELLEVUE CIRCLE SE,BELLEVUE STREET SE,BELLEVUE CIRCLE SE,136.60923159438386,b37744d58b49217b8d2bc9e2a534715b,False
70306769264,908 SOUTHERN AVENUE SE,WARD 8,major,4,20c6cfc01295de45045cdd0e260ea110,MONTERIA COURT SE AND BELLEVUE CIRCLE SE,MONTERIA COURT SE,BELLEVUE CIRCLE SE,160.80005720177164,b37744d58b49217b8d2bc9e2a534715b,False
70306769264,908 SOUTHERN AVENUE SE,WARD 8,major,5,bdf8c2dd5f7655bd9e525fc8d7c55ca0,MARJORIE COURT SE AND BELLEVUE CIRCLE SE,MARJORIE COURT SE,BELLEVUE CIRCLE SE,171.31777924325868,b37744d58b49217b8d2bc9e2a534715b,False
58666100132,4414 BENNING ROAD NE,WARD 7,pdo,1,5f26d11e4f0d3cf6806caac9bfb87917,44TH STREET NE AND BENNING ROAD NE,44TH STREET NE,BENNING ROAD NE,56.74084323620662,5f26d11e4f0d3cf6806caac9bfb87917,True
58666100132,4414 BENNING ROAD NE,WARD 7,pdo,2,587e2adef3c765d39b09d6ec328b3b98,BENNING ROAD NE AND 45TH STREET NE,BENNING ROAD NE,45TH STREET NE,82.9180118189616,5f26d11e4f0d3cf6806caac9bfb87917,False
58666100132,4414 BENNING ROAD NE,WARD 7,pdo,3,2f6945429a7423bb5c238ca95e73c673,BLAINE STREET NE AND 44TH STREET NE,BLAINE STREET NE,44TH STREET NE,88.08035743920496,5f26d11e4f0d3cf6806caac9bfb87917,False
58666100132,4414 BENNING ROAD NE,WARD 7,pdo,4,32e4decc73b576747ccad4bdafc95711,45TH STREET NE AND BLAINE STREET NE,45TH STREET NE,BLAINE STREET NE,110.73813732921998,5f26d11e4f0d3cf6806caac9bfb87917,False
58666100132,4414 BENNING ROAD NE,WARD 7,pdo,5,c98bdff7e39403aeaa7729030beaf394,CENTRAL AVENUE NE AND BENNING ROAD NE,CENTRAL AVENUE NE,BENNING ROAD NE,153.83819538356846,5f26d11e4f0d3cf6806caac9bfb87917,False
54043862301,601 INDIANA AVENUE NW,WARD 6,minor,1,3cd0a5f8a317ab6c8454377569829c5b,6TH STREET NW AND D STREET NW,6TH STREET NW,D STREET NW,30.84005979055152,e39557a35897824a4e348a2b04b23a4e,False
54043862301,601 INDIANA AVENUE NW,WARD 6,minor,2,e39557a35897824a4e348a2b04b23a4e,INDIANA AVENUE NW AND 6TH STREET NW,INDIANA AVENUE NW,6TH STREET NW,52.664545029781294,e39557a35897824a4e348a2b04b23a4e,True
54043862301,601 INDIANA AVENUE NW,WARD 6,minor,3,663bf4268099bb6c7f97d647de895ccf,INDIANA AVENUE NW AND 5TH STREET NW,INDIANA AVENUE NW,5TH STREET NW,114.80819153009091,e39557a35897824a4e348a2b04b23a4e,False
54043862301,601 INDIANA AVENUE NW,WARD 6,minor,4,5cc45d4a4a1658e30d3fd85314d17137,C STREET NW AND 6TH STREET NW,C STREET NW,6TH STREET NW,136.0598407690875,e39557a35897824a4e348a2b04b23a4e,False
54043862301,601 INDIANA AVENUE NW,WARD 6,minor,5,da7d1baecc52ae4e958760ff95fbdfcd,D STREET NW AND 7TH STREET NW,D STREET NW,7TH STREET NW,142.51820732527034,e39557a35897824a4e348a2b04b23a4e,False
56080942115,5629 GEORGIA AVENUE NW,WARD 4,major,1,f40b15563c3184dd258a81cca27f1ae1,GEORGIA AVENUE NW AND MADISON STREET NW,GEORGIA AVENUE NW,MADISON STREET NW,19.53412065342248,f40b15563c3184dd258a81cca27f1ae1,True
56080942115,5629 GEORGIA AVENUE NW,WARD 4,major,2,7026afbdd79e803f7b7b687ab3076902,GEORGIA AVENUE NW AND LONGFELLOW STREET NW,GEORGIA AVENUE NW,LONGFELLOW STREET NW,120.23990658487011,f40b15563c3184dd258a81cca27f1ae1,False
56080942115,5629 GEORGIA AVENUE NW,WARD 4,major,3,938cce65a568060c7536e53d39cc733a,13TH STREET NW AND MADISON STREET NW,13TH STREET NW,MADISON STREET NW,145.85953534020584,f40b15563c3184dd258a81cca27f1ae1,False
56080942115,5629 GEORGIA AVENUE NW,WARD 4,major,4,ccc78565ebb390073e28020f357a7872,GEORGIA AVENUE NW AND ILLINOIS AVENUE NW,GEORGIA AVENUE NW,ILLINOIS AVENUE NW,147.8052864911467,f40b15563c3184dd258a81cca27f1ae1,False
56080942115,5629 GEORGIA AVENUE NW,WARD 4,major,5,a83223fd7a3102324529c3ed76d5739e,MADISON STREET NW AND 9TH STREET NW,MADISON STREET NW,9TH STREET NW,185.82493306575844,f40b15563c3184dd258a81cca27f1ae1,False
66271957744,501 7TH STREET NW,WARD 2,major,1,29ee8ec1cf2fb569b63df40b6f21ccac,7TH STREET NW AND E STREET NW,7TH STREET NW,E STREET NW,16.81059225577299,29ee8ec1cf2fb569b63df40b6f21ccac,True
66271957744,501 7TH STREET NW,WARD 2,major,2,6ef7021d4f15ab724ee56b77234b89ef,E STREET NW AND 8TH STREET NW,E STREET NW,8TH STREET NW,106.64601464795918,29ee8ec1cf2fb569b63df40b6f21ccac,False
66271957744,501 7TH STREET NW,WARD 2,major,3,4f27ea0441a7beb69ddde6c07bd0e10f,F STREET NW AND 7TH STREET NW,F STREET NW,7TH STREET NW,128.25976747069046,29ee8ec1cf2fb569b63df40b6f21ccac,False
66271957744,501 7TH STREET NW,WARD 2,major,4,da7d1baecc52ae4e958760ff95fbdfcd,D STREET NW AND 7TH STREET NW,D STREET NW,7TH STREET NW,149.57816578565442,29ee8ec1cf2fb569b63df40b6f21ccac,False
66271957744,501 7TH STREET NW,WARD 2,major,5,2a371255c03669f1635c516f7894153e,6TH STREET NW AND E STREET NW,6TH STREET NW,E STREET NW,157.29996129583574,29ee8ec1cf2fb569b63df40b6f21ccac,False
69641637351,1001 NORTH CAPITOL STREET NE,WARD 6,fatal,1,2a8cb69759af6b41935564a72d0b25fb,NORTH CAPITOL STREET AND K STREET NW,NORTH CAPITOL STREET,K STREET NW,31.349275359469342,2a8cb69759af6b41935564a72d0b25fb,True
69641637351,1001 NORTH CAPITOL STREET NE,WARD 6,fatal,2,514c6bd57046dc70b12c7e7efa651923,NORTH CAPITOL STREET NE AND TEMPLE COURT NW,NORTH CAPITOL STREET NE,TEMPLE COURT NW,89.63988056697326,2a8cb69759af6b41935564a72d0b25fb,False
69641637351,1001 NORTH CAPITOL STREET NE,WARD 6,fatal,3,da1d5493339be404e5aa57033fe71770,TEMPLE COURT NW AND K STREET NW,TEMPLE COURT NW,K STREET NW,95.22279590874055,2a8cb69759af6b41935564a72d0b25fb,False
69641637351,1001 NORTH CAPITOL STREET NE,WARD 6,fatal,4,70de50c955ed08bd927ecc6d8260e04c,L STREET NE AND NORTH CAPITOL STREET,L STREET NE,NORTH CAPITOL STREET,138.64142998192239,2a8cb69759af6b41935564a72d0b25fb,False
69641637351,1001 NORTH CAPITOL STREET NE,WARD 6,fatal,5,0499d9787706c283d48b29de0e7e110a,L STREET NW AND 1ST PLACE NW,L STREET NW,1ST PLACE NW,191.77478633885872,2a8cb69759af6b41935564a72d0b25fb,False
55745636387,3111 GEORGIA AVENUE NW,WARD 1,fatal,1,0c7345bf72b8825ca0badbd091d2e19f,IRVING STREET NW AND GEORGIA AVENUE NW,IRVING STREET NW,GEORGIA AVENUE NW,53.695319716441965,0c7345bf72b8825ca0badbd091d2e19f,True
55745636387,3111 GEORGIA AVENUE NW,WARD 1,fatal,2,e0db12969f35fa53cb3207a82716bc46,KENYON STREET NW AND GEORGIA AVENUE NW,KENYON STREET NW,GEORGIA AVENUE NW,80.68717346803315,0c7345bf72b8825ca0badbd091d2e19f,False
55745636387,3111 GEORGIA AVENUE NW,WARD 1,fatal,3,667b5ec237d46deb5882f396cf5a5303,KEEFER PLACE NW AND GEORGIA AVENUE NW,KEEFER PLACE NW,GEORGIA AVENUE NW,141.33403987559748,0c7345bf72b8825ca0badbd091d2e19f,False
55745636387,3111 GEORGIA AVENUE NW,WARD 1,fatal,4,f8b0ef8fbafe450a996cc4dddc7a3d98,COLUMBIA ROAD NW AND GEORGIA AVENUE NW,COLUMBIA ROAD NW,GEORGIA AVENUE NW,145.75759571597644,0c7345bf72b8825ca0badbd091d2e19f,False
55745636387,3111 GEORGIA AVENUE NW,WARD 1,fatal,5,13b853f155997ba9d1f24b7cb376a979,HOBART PLACE NW AND GEORGIA AVENUE NW,HOBART PLACE NW,GEORGIA AVENUE NW,170.12843406292913,0c7345bf72b8825ca0badbd091d2e19f,False
62329503244,6201 16TH STREET NW,WARD 4,pdo,1,ab65639a6cf60643ad7e88729379b6b4,RITTENHOUSE STREET NW AND 16TH STREET NW,RITTENHOUSE STREET NW,16TH STREET NW,36.52816425238658,ab65639a6cf60643ad7e88729379b6b4,True
62329503244,6201 16TH STREET NW,WARD 4,pdo,2,eae679d142a84178d2efce2059db0624,FORT STEVENS DRIVE NW AND 16TH STREET NW,FORT STEVENS DRIVE NW,16TH STREET NW,75.81252037685279,ab65639a6cf60643ad7e88729379b6b4,False
62329503244,6201 16TH STREET NW,WARD 4,pdo,3,bcb08fdc6e5f44df9c6fcee1d1fb38fd,16TH STREET NW AND SHERIDAN STREET NW,16TH STREET NW,SHERIDAN STREET NW,87.75244117554094,ab65639a6cf60643ad7e88729379b6b4,False
62329503244,6201 16TH STREET NW,WARD 4,pdo,4,df0aacb6117006ef831a0cbe47cf3b34,FORT STEVENS DRIVE NW AND ROCK CREEK FORD ROAD NW,FORT STEVENS DRIVE NW,ROCK CREEK FORD ROAD NW,102.72401774300145,ab65639a6cf60643ad7e88729379b6b4,False
62329503244,6201 16TH STREET NW,WARD 4,pdo,5,63158b21c882ce35f91896a6c0cd2cb0,SOMERSET PLACE NW AND LUZON AVENUE NW,SOMERSET PLACE NW,LUZON AVENUE NW,162.85807302374693,ab65639a6cf60643ad7e88729379b6b4,False
54146872598,6104 3RD STREET NW,WARD 4,fatal,1,7abf5addbc4a7921b92ae950b9eb426d,QUACKENBOS STREET NW AND 3RD STREET NW,QUACKENBOS STREET NW,3RD STREET NW,42.68842258942076,7abf5addbc4a7921b92ae950b9eb426d,True
54146872598,6104 3RD STREET NW,WARD 4,fatal,2,a2fd232ecea758dba435c76a5eb1571d,3RD STREET NW AND RITTENHOUSE STREET NW,3RD STREET NW,RITTENHOUSE STREET NW,88.63073615259525,7abf5addbc4a7921b92ae950b9eb426d,False
54146872598,6104 3RD STREET NW,WARD 4,fatal,3,5e863863b952457707bb39d68248cdaf,PEABODY STREET NW AND 3RD STREET NW,PEABODY STREET NW,3RD STREET NW,161.51677967795575,7abf5addbc4a7921b92ae950b9eb426d,False
54146872598,6104 3RD STREET NW,WARD 4,fatal,4,62be1b3904f4deb5ef135ceb3d6c304f,QUACKENBOS STREET NW AND 4TH STREET NW,QUACKENBOS STREET NW,4TH STREET NW,166.66647421790188,7abf5addbc4a7921b92ae950b9eb426d,False
54146872598,6104 3RD STREET NW,WARD 4,fatal,5,476008ba5d1e6dd0783f18795c65d535,NORTH DAKOTA AVENUE NW AND RITTENHOUSE STREET NW,NORTH DAKOTA AVENUE NW,RITTENHOUSE STREET NW,171.6738573434232,7abf5addbc4a7921b92ae950b9eb426d,False
66054980091,401 NEW YORK AVENUE NE,WARD 5,major,1,234aaca7d321d409e2adbdf5e3a1c55a,4TH STREET NE AND PENN STREET NE,4TH STREET NE,PENN STREET NE,25.91276258421148,af8af1c50ef2f0458559493f655a3187,False
66054980091,401 NEW YORK AVENUE NE,WARD 5,major,2,af8af1c50ef2f0458559493f655a3187,NEW YORK AVENUE NE AND 4TH STREET NE,NEW YORK AVENUE NE,4TH STREET NE,56.24841206812795,af8af1c50ef2f0458559493f655a3187,True
66054980091,401 NEW YORK AVENUE NE,WARD 5,major,3,e09e1607a150f0a4ec395eb592fe354c,5TH STREET NE AND PENN STREET NE,5TH STREET NE,PENN STREET NE,93.39538871632843,af8af1c50ef2f0458559493f655a3187,False
66054980091,401 NEW YORK AVENUE NE,WARD 5,major,4,594d626514ebd21bac21f63b3c4a99e8,PENN STREET NE AND 6TH STREET NE,PENN STREET NE,6TH STREET NE,211.40786381390805,af8af1c50ef2f0458559493f655a3187,False
66054980091,401 NEW YORK AVENUE NE,WARD 5,major,5,f091cf4f2908f79f03249d78aecfaa41,NEAL PLACE NE AND 4TH STREET NE,NEAL PLACE NE,4TH STREET NE,214.6356137553126,af8af1c50ef2f0458559493f655a3187,False
63954351409,1349 EUCLID STREET NW,WARD 1,minor,1,8b59b56bba4d77438a48d391be5e97c7,FAIRMONT STREET NW AND 14TH STREET NW,FAIRMONT STREET NW,14TH STREET NW,87.46673828074383,c31763b13d07804ca343fad9da1b7f2a,False
63954351409,1349 EUCLID STREET NW,WARD 1,minor,2,c31763b13d07804ca343fad9da1b7f2a,14TH STREET NW AND EUCLID STREET NW,14TH STREET NW,EUCLID STREET NW,93.30092387030422,c31763b13d07804ca343fad9da1b7f2a,True
63954351409,1349 EUCLID STREET NW,WARD 1,minor,3,94efd0b4fadb0478e8694afebe190d4f,14TH STREET NW AND FAIRMONT STREET NW,14TH STREET NW,FAIRMONT STREET NW,100.12884220432774,c31763b13d07804ca343fad9da1b7f2a,False
63954351409,1349 EUCLID STREET NW,WARD 1,minor,4,62e16558c8c798cd6dd709c1bb6443be,EUCLID STREET NW AND 14TH STREET NW,EUCLID STREET NW,14TH STREET NW,101.64489755127295,c31763b13d07804ca343fad9da1b7f2a,False
63954351409,1349 EUCLID STREET NW,WARD 1,minor,5,e4fe590a0a5d666cd8af60a1e094263d,FAIRMONT STREET NW AND 13TH STREET NW,FAIRMONT STREET NW,13TH STREET NW,146.0156534916572,c31763b13d07804ca343fad9da1b7f2a,False
60849044524,3700 CONNECTICUT AVENUE NW,WARD 3,minor,1,f14dc0329dd3e91869ac8fc693d86cf4,CONNECTICUT AVENUE NW AND RODMAN STREET NW,CONNECTICUT AVENUE NW,RODMAN STREET NW,35.320834126374805,f14dc0329dd3e91869ac8fc693d86cf4,True
60849044524,3700 CONNECTICUT AVENUE NW,WARD 3,minor,2,b7dc3d71c4f8ac4cd3f1d8f4b07e4c5a,PORTER STREET NW AND 30TH STREET NW,PORTER STREET NW,30TH STREET NW,125.84763837546281,f14dc0329dd3e91869ac8fc693d86cf4,False
60849044524,3700 CONNECTICUT AVENUE NW,WARD 3,minor,3,bcaa33742e964afe3b227b19630da83b,CONNECTICUT AVENUE NW AND SEDGWICK STREET NW,CONNECTICUT AVENUE NW,SEDGWICK STREET NW,135.96383310916247,f14dc0329dd3e91869ac8fc693d86cf4,False
60849044524,3700 CONNECTICUT AVENUE NW,WARD 3,minor,4,e27f638339d196ded9138304032f9d07,PORTER STREET NW AND CONNECTICUT AVENUE NW,PORTER STREET NW,CONNECTICUT AVENUE NW,184.46991968203292,f14dc0329dd3e91869ac8fc693d86cf4,False
60849044524,3700 CONNECTICUT AVENUE NW,WARD 3,minor,5,f4f474101c9d724dc6df6d117c72f966,QUEBEC PLACE NW AND RODMAN STREET NW,QUEBEC PLACE NW,RODMAN STREET NW,196.53424031895318,f14dc0329dd3e91869ac8fc693d86cf4,False
59514946948,730 KENILWORTH AVENUE NE,WARD 7,pdo,1,d8ea864b08821604977078ff7b4e1d1f,KENILWORTH AVENUE NE AND HAYES STREET NE,KENILWORTH AVENUE NE,HAYES STREET NE,9.941524545220936,d8ea864b08821604977078ff7b4e1d1f,True
59514946948,730 KENILWORTH AVENUE NE,WARD 7,pdo,2,4b9d01aa3914baa4655cd03a2e0406d8,KENILWORTH TERRACE NE AND HAYES STREET NE,KENILWORTH TERRACE NE,HAYES STREET NE,85.38957730186975,d8ea864b08821604977078ff7b4e1d1f,False
59514946948,730 KENILWORTH AVENUE NE,WARD 7,pdo,3,b476951dc6b6546e2d642ccfa257e973,ALBERT IRVIN CASSELL PLACE NE AND KENILWORTH TERRACE NE,ALBERT IRVIN CASSELL PLACE NE,KENILWORTH TERRACE NE,106.9501256254147,d8ea864b08821604977078ff7b4e1d1f,False
59514946948,730 KENILWORTH AVENUE NE,WARD 7,pdo,4,82228910f19280ac469c4552c563b015,MINNESOTA AVENUE NE AND GAULT PLACE NE,MINNESOTA AVENUE NE,GAULT PLACE NE,131.1941970054665,d8ea864b08821604977078ff7b4e1d1f,False
59514946948,730 KENILWORTH AVENUE NE,WARD 7,pdo,5,5c351971c236683431fcee8785300659,MINNESOTA AVENUE NE AND HAYES STREET NE,MINNESOTA AVENUE NE,HAYES STREET NE,142.3585096339387,d8ea864b08821604977078ff7b4e1d1f,False
65531033587,100 POTOMAC AVENUE SW,WARD 6,minor,1,bf9e269f569db44da0500547c92ba7ba,POTOMAC AVENUE SW AND R STREET SW,POTOMAC AVENUE SW,R STREET SW,19.25841966420263,85e9a121cbd806ee1cffd2ad1e156799,False
65531033587,100 POTOMAC AVENUE SW,WARD 6,minor,2,85e9a121cbd806ee1cffd2ad1e156799,POTOMAC AVENUE SW AND AUDI DRIVE SW,POTOMAC AVENUE SW,AUDI DRIVE SW,66.81528512522499,85e9a121cbd806ee1cffd2ad1e156799,True
65531033587,100 POTOMAC AVENUE SW,WARD 6,minor,3,8e60ae3d44c2562a053b5dd0232071f3,R STREET SW AND 2ND STREET SW,R STREET SW,2ND STREET SW,110.14900903717061,85e9a121cbd806ee1cffd2ad1e156799,False
65531033587,100 POTOMAC AVENUE SW,WARD 6,minor,4,4c54b5676bdde1a051273d7b235e5e54,1ST STREET SW AND Q STREET SW,1ST STREET SW,Q STREET SW,141.32263706876603,85e9a121cbd806ee1cffd2ad1e156799,False
65531033587,100 POTOMAC AVENUE SW,WARD 6,minor,5,2f522523d002def245f8b2817b323c5c,HALF STREET SW AND R STREET SW,HALF STREET SW,R STREET SW,148.2223374288221,85e9a121cbd806ee1cffd2ad1e156799,False
53606783098,4009 SOUTH CAPITOL STREET SW,WARD 8,major,1,549ff741c2ebe62594967aa1b75d0552,ATLANTIC STREET SW AND SOUTH CAPITOL STREET,ATLANTIC STREET SW,SOUTH CAPITOL STREET,38.01511172192488,549ff741c2ebe62594967aa1b75d0552,True
53606783098,4009 SOUTH CAPITOL STREET SW,WARD 8,major,2,e04a3f1dab729827878a4a101c9134e0,SOUTH CAPITOL STREET AND BRANDYWINE STREET SE,SOUTH CAPITOL STREET,BRANDYWINE STREET SE,93.5365507720319,549ff741c2ebe62594967aa1b75d0552,False
53606783098,4009 SOUTH CAPITOL STREET SW,WARD 8,major,3,c82bd94a753c5d82c58c705ee1ac7432,ATLANTIC STREET SW AND SOUTH CAPITOL TERRACE SW,ATLANTIC STREET SW,SOUTH CAPITOL TERRACE SW,123.17097039254473,549ff741c2ebe62594967aa1b75d0552,False
53606783098,4009 SOUTH CAPITOL STREET SW,WARD 8,major,4,819817b79b7c9b45bf7374880486a7fd,MISSISSIPPI AVENUE SE AND HALLEY TERRACE SE,MISSISSIPPI AVENUE SE,HALLEY TERRACE SE,131.9314050601546,549ff741c2ebe62594967aa1b75d0552,False
53606783098,4009 SOUTH CAPITOL STREET SW,WARD 8,major,5,3aadfd1766141a126fa9996bdccbc407,1ST STREET SE AND ATLANTIC STREET SE,1ST STREET SE,ATLANTIC STREET SE,155.9157841295757,549ff741c2ebe62594967aa1b75d0552,False
68549378445,3210 WISCONSIN AVENUE NW,WARD 3,minor,1,fc4012afade50b338ed70f7e2bebcf31,LOWELL STREET NW AND WISCONSIN AVENUE NW,LOWELL STREET NW,WISCONSIN AVENUE NW,54.56178801301612,fc4012afade50b338ed70f7e2bebcf31,True
68549378445,3210 WISCONSIN AVENUE NW,WARD 3,minor,2,2668a3b665a15421ed5fc58595ff19aa,WOODLEY ROAD NW AND WISCONSIN AVENUE NW,WOODLEY ROAD NW,WISCONSIN AVENUE NW,55.89430427098609,fc4012afade50b338ed70f7e2bebcf31,False
68549378445,3210 WISCONSIN AVENUE NW,WARD 3,minor,3,81e5c050ac41378f64408ebc9f112dd2,WOODLEY ROAD NW AND 38TH STREET NW,WOODLEY ROAD NW,38TH STREET NW,105.15275258269322,fc4012afade50b338ed70f7e2bebcf31,False
68549378445,3210 WISCONSIN AVENUE NW,WARD 3,minor,4,c2c3ed09bace8ecac5a79576f65352e6,WISCONSIN AVENUE NW AND MACOMB STREET NW,WISCONSIN AVENUE NW,MACOMB STREET NW,146.74689101874668,fc4012afade50b338ed70f7e2bebcf31,False
68549378445,3210 WISCONSIN AVENUE NW,WARD 3,minor,5,eaa0f8095ff429be52142c96b475d78a,38TH STREET NW AND MACOMB STREET NW,38TH STREET NW,MACOMB STREET NW,157.32186848984296,fc4012afade50b338ed70f7e2bebcf31,False
65499442160,930 SOUTHERN AVENUE SE,WARD 8,fatal,1,b37744d58b49217b8d2bc9e2a534715b,SOUTHERN AVENUE SE AND 9TH STREET SE,SOUTHERN AVENUE SE,9TH STREET SE,90.05435158654413,b37744d58b49217b8d2bc9e2a534715b,True
65499442160,930 SOUTHERN AVENUE SE,WARD 8,fatal,2,548dbfd27df6b66d2c23465109576763,WHEELER ROAD SE AND SOUTHERN AVENUE SE,WHEELER ROAD SE,SOUTHERN AVENUE SE,112.38386110661521,b37744d58b49217b8d2bc9e2a534715b,False
65499442160,930 SOUTHERN AVENUE SE,WARD 8,fatal,3,792a7075b12024242103c13e76365b59,BELLEVUE STREET SE AND WHEELER ROAD SE,BELLEVUE STREET SE,WHEELER ROAD SE,140.0228989424811,b37744d58b49217b8d2bc9e2a534715b,False
65499442160,930 SOUTHERN AVENUE SE,WARD 8,fatal,4,2a260b76dfe863a2ba4a55fdc6910671,9TH STREET SE AND BELLEVUE STREET SE,9TH STREET SE,BELLEVUE STREET SE,149.14055141638028,b37744d58b49217b8d2bc9e2a534715b,False
65499442160,930 SOUTHERN AVENUE SE,WARD 8,fatal,5,a65213e4044f903103730ff80297dc37,WHEELER ROAD SE AND BELLEVUE STREET SE,WHEELER ROAD SE,BELLEVUE STREET SE,154.03214355142833,b37744d58b49217b8d2bc9e2a534715b,False
56360361602,629 4TH STREET SW,WARD 6,minor,1,2a64703cc4ab31a896f4762112952ab2,4TH STREET SW AND G STREET SW,4TH STREET SW,G STREET SW,24.206008392737942,2a64703cc4ab31a896f4762112952ab2,True
56360361602,629 4TH STREET SW,WARD 6,minor,2,2b18fd91ba3a517837268b7171b89afb,INTERSTATE 395 AND INTERSTATE 695,INTERSTATE 395,INTERSTATE 695,100.2253475112976,2a64703cc4ab31a896f4762112952ab2,False
56360361602,629 4TH STREET SW,WARD 6,minor,3,0f9a43bf6eaad2cfa0a3b54a1cdea439,G STREET SW AND 4TH PLACE SW,G STREET SW,4TH PLACE SW,115.13171954739339,2a64703cc4ab31a896f4762112952ab2,False
56360361602,629 4TH STREET SW,WARD 6,minor,4,0ee1dabfe1a682cccb52f7a2d46ee327,INTERSTATE 695 AND INTERSTATE 395,INTERSTATE 695,INTERSTATE 395,178.84376645612895,2a64703cc4ab31a896f4762112952ab2,False
56360361602,629 4TH STREET SW,WARD 6,minor,5,a6ffd13fc65fe44b1209225542e7d2c7,E STREET SW AND 4TH STREET SW,E STREET SW,4TH STREET SW,193.22049924568643,2a64703cc4ab31a896f4762112952ab2,False
61413442076,1633 16TH STREET NW,WARD 2,major,1,cd1c8616fed712b52eac6872543a00c1,R STREET NW AND 16TH STREET NW,R STREET NW,16TH STREET NW,38.550433968052566,cd1c8616fed712b52eac6872543a00c1,True
61413442076,1633 16TH STREET NW,WARD 2,major,2,13973cf5f9e3e29be64b293d8ef1225a,16TH STREET NW AND CORCORAN STREET NW,16TH STREET NW,CORCORAN STREET NW,74.35624846021919,cd1c8616fed712b52eac6872543a00c1,False
61413442076,1633 16TH STREET NW,WARD 2,major,3,992ef0e5819a7afba2499b3e51a92a8a,16TH STREET NW AND RIGGS PLACE NW,16TH STREET NW,RIGGS PLACE NW,104.50827670070218,cd1c8616fed712b52eac6872543a00c1,False
61413442076,1633 16TH STREET NW,WARD 2,major,4,560a1a90768861d85af7d894c5e0bc98,R STREET NW AND 15TH STREET NW,R STREET NW,15TH STREET NW,136.18254005447307,cd1c8616fed712b52eac6872543a00c1,False
61413442076,1633 16TH STREET NW,WARD 2,major,5,9efcc79d62ee03a31a8b9e48625f630f,CORCORAN STREET NW AND 15TH STREET NW,CORCORAN STREET NW,15TH STREET NW,150.01379813398577,cd1c8616fed712b52eac6872543a00c1,False
64766277778,2070 BELMONT ROAD NW,WARD 1,pdo,1,b3804dcb18c196fdc26841ed2152b969,BELMONT ROAD NW AND CONNECTICUT AVENUE NW,BELMONT ROAD NW,CONNECTICUT AVENUE NW,26.181552911099857,b3804dcb18c196fdc26841ed2152b969,True
64766277778,2070 BELMONT ROAD NW,WARD 1,pdo,2,d2fcc93ab0033aa061c5ce9702204433,CONNECTICUT AVENUE NW AND ASHMEAD PLACE NW,CONNECTICUT AVENUE NW,ASHMEAD PLACE NW,102.22468236862441,b3804dcb18c196fdc26841ed2152b969,False
64766277778,2070 BELMONT ROAD NW,WARD 1,pdo,3,022e1a38c1ee7b839af1a75d060c6926,KALORAMA ROAD NW AND CONNECTICUT AVENUE NW,KALORAMA ROAD NW,CONNECTICUT AVENUE NW,130.05612992220185,b3804dcb18c196fdc26841ed2152b969,False
64766277778,2070 BELMONT ROAD NW,WARD 1,pdo,4,f7ffca5e98a7adbd8b943f280c96dbef,BELMONT ROAD NW AND WATERSIDE DRIVE NW,BELMONT ROAD NW,WATERSIDE DRIVE NW,131.2212991100184,b3804dcb18c196fdc26841ed2152b969,False
64766277778,2070 BELMONT ROAD NW,WARD 1,pdo,5,80e6fba40fa9250d593f37255d9485e1,THORNTON PLACE NW AND KALORAMA ROAD NW,THORNTON PLACE NW,KALORAMA ROAD NW,180.20522679774444,b3804dcb18c196fdc26841ed2152b969,False
69529213062,2400 20TH STREET NW,WARD 1,minor,1,ab3757962996e579e81e3a37090e84a0,ASHMEAD PLACE NW AND BELMONT ROAD NW,ASHMEAD PLACE NW,BELMONT ROAD NW,26.62442687634767,e5d02e72c4db75086c8913ec6857cecf,False
69529213062,2400 20TH STREET NW,WARD 1,minor,2,aaee3e994668384809546029049e7a63,20TH STREET NW AND KALORAMA PLACE NW,20TH STREET NW,KALORAMA PLACE NW,48.54786080260033,e5d02e72c4db75086c8913ec6857cecf,False
69529213062,2400 20TH STREET NW,WARD 1,minor,3,e5d02e72c4db75086c8913ec6857cecf,ALLEN PLACE NW AND 20TH STREET NW,ALLEN PLACE NW,20TH STREET NW,74.89449026550075,e5d02e72c4db75086c8913ec6857cecf,True
69529213062,2400 20TH STREET NW,WARD 1,minor,4,2296c0637cc465e51e9eb00d4a15a492,19TH STREET NW AND KALORAMA PLACE NW,19TH STREET NW,KALORAMA PLACE NW,102.31301310693145,e5d02e72c4db75086c8913ec6857cecf,False
69529213062,2400 20TH STREET NW,WARD 1,minor,5,bc71e296e3703c0d55d1db2c772fd87b,19TH STREET NW AND MINTWOOD PLACE NW,19TH STREET NW,MINTWOOD PLACE NW,106.27966488279961,e5d02e72c4db75086c8913ec6857cecf,False
56398561463,1300 D STREET SW,WARD 2,pdo,1,5115b3622ec3c870154a06c02a32e5a6,13TH STREET SW AND D STREET SW,13TH STREET SW,D STREET SW,30.23275740228071,5115b3622ec3c870154a06c02a32e5a6,True
56398561463,1300 D STREET SW,WARD 2,pdo,2,8d059d7b2399a005c3cd1e6214e463b6,13TH STREET SW AND C STREET SW,13TH STREET SW,C STREET SW,114.40495632568577,5115b3622ec3c870154a06c02a32e5a6,False
56398561463,1300 D STREET SW,WARD 2,pdo,3,eb977f7f36b7eb11dc4770919eb9e92b,14TH STREET SW NORTHBOUND AND RAMP FROM MAINE AVENUE SW NORTHBOUND,14TH STREET SW,MAINE AVENUE SW,157.33787438319763,5115b3622ec3c870154a06c02a32e5a6,False
56398561463,1300 D STREET SW,WARD 2,pdo,4,d0050be38e8b2438d78e11e3739c9454,12TH STREET SW AND RAMP FROM INTERSTATE 395 SOUTHBOUND,12TH STREET SW,INTERSTATE 395,159.4029676508833,5115b3622ec3c870154a06c02a32e5a6,False
56398561463,1300 D STREET SW,WARD 2,pdo,5,d0050be38e8b2438d78e11e3739c9454,12TH STREET SW AND D STREET SW,12TH STREET SW,D STREET SW,159.40297943440575,5115b3622ec3c870154a06c02a32e5a6,False
64564559119,724 11TH STREET NE,WARD 6,pdo,1,c50d4bb6612e005aa4a3d2424897bfb1,H STREET NE AND 11TH STREET NE,H STREET NE,11TH STREET NE,74.28321788342662,6f0db0c1077fc5e3c097223c4ad42f87,False
64564559119,724 11TH STREET NE,WARD 6,pdo,2,6f0db0c1077fc5e3c097223c4ad42f87,11TH STREET NE AND G STREET NE,11TH STREET NE,G STREET NE,74.45139354540991,6f0db0c1077fc5e3c097223c4ad42f87,True
64564559119,724 11TH STREET NE,WARD 6,pdo,3,69f16f776b126a78a042178018446694,10TH STREET NE AND H STREET NE,10TH STREET NE,H STREET NE,105.76453231172191,6f0db0c1077fc5e3c097223c4ad42f87,False
64564559119,724 11TH STREET NE,WARD 6,pdo,4,cb21044850ad3743985b5b137354e63e,G STREET NE AND 10TH STREET NE,G STREET NE,10TH STREET NE,105.86270680763727,6f0db0c1077fc5e3c097223c4ad42f87,False
64564559119,724 11TH STREET NE,WARD 6,pdo,5,546c730689f6be934d74fce2b53d9bad,LINDEN PLACE NE AND 12TH STREET NE,LINDEN PLACE NE,12TH STREET NE,130.56956601292103,6f0db0c1077fc5e3c097223c4ad42f87,False
54287435340,1000 WISCONSIN AVENUE NW,WARD 2,major,1,0bcd52ded2c4ab2a390d5a03f57512cc,WISCONSIN AVENUE NW AND WATER STREET NW,WISCONSIN AVENUE NW,WATER STREET NW,21.937026598890743,0bcd52ded2c4ab2a390d5a03f57512cc,True
54287435340,1000 WISCONSIN AVENUE NW,WARD 2,major,2,0bcd52ded2c4ab2a390d5a03f57512cc,WISCONSIN AVENUE NW UNDER WHITEHURST FREEWAY NW,WISCONSIN AVENUE NW,WHITEHURST FREEWAY NW,22.622619704546654,0bcd52ded2c4ab2a390d5a03f57512cc,True
54287435340,1000 WISCONSIN AVENUE NW,WARD 2,major,3,119be6636e1cc0711b61ebbc37608fa9,WATER STREET NW AND CECIL PLACE NW,WATER STREET NW,CECIL PLACE NW,80.4307289939384,0bcd52ded2c4ab2a390d5a03f57512cc,False
54287435340,1000 WISCONSIN AVENUE NW,WARD 2,major,4,0b63418f0d77e9a6546be8f9a1fcabeb,SOUTH STREET NW AND WISCONSIN AVENUE NW,SOUTH STREET NW,WISCONSIN AVENUE NW,89.39935503196043,0bcd52ded2c4ab2a390d5a03f57512cc,False
54287435340,1000 WISCONSIN AVENUE NW,WARD 2,major,5,e1d47f9d6cb22ef6763f53c5bf65ff1f,CECIL PLACE NW AND CHERRY HILL LANE NW,CECIL PLACE NW,CHERRY HILL LANE NW,122.25250029751216,0bcd52ded2c4ab2a390d5a03f57512cc,False
66355305076,1800 RHODE ISLAND AVENUE NE,WARD 5,major,1,4b7c1de5f551a321ba0883d33ac7ea01,HAMLIN STREET NE AND 18TH STREET NE,HAMLIN STREET NE,18TH STREET NE,19.300336704588602,ad9e4e89aac4756487a9a2e954bdfb12,False
66355305076,1800 RHODE ISLAND AVENUE NE,WARD 5,major,2,dd2b94fde6e8d969dc43a2cea058cc63,HAMLIN STREET NE AND QUEENS CHAPEL ROAD NE,HAMLIN STREET NE,QUEENS CHAPEL ROAD NE,34.09218928686872,ad9e4e89aac4756487a9a2e954bdfb12,False
66355305076,1800 RHODE ISLAND AVENUE NE,WARD 5,major,3,ad9e4e89aac4756487a9a2e954bdfb12,RHODE ISLAND AVENUE NE AND HAMLIN STREET NE,RHODE ISLAND AVENUE NE,HAMLIN STREET NE,46.64381184775844,ad9e4e89aac4756487a9a2e954bdfb12,True
66355305076,1800 RHODE ISLAND AVENUE NE,WARD 5,major,4,e3bd030a28966c7162e420ade71dd3a9,QUEENS CHAPEL ROAD NE AND RHODE ISLAND AVENUE NE,QUEENS CHAPEL ROAD NE,RHODE ISLAND AVENUE NE,53.77832174276346,ad9e4e89aac4756487a9a2e954bdfb12,False
66355305076,1800 RHODE ISLAND AVENUE NE,WARD 5,major,5,e1e2a9d8902d17cecdd3a22000df51fc,RHODE ISLAND AVENUE NE AND 18TH STREET NE,RHODE ISLAND AVENUE NE,18TH STREET NE,59.34683666715208,ad9e4e89aac4756487a9a2e954bdfb12,False
58671923043,646 MAINE AVENUE SW,WARD 6,pdo,1,6949ccaeedc63faec14506f8aeb4b6c3,MAINE AVENUE SW AND PARKER ROW SW,MAINE AVENUE SW,PARKER ROW SW,22.253503240295238,23722e45e47eb72085d3974427f3d545,False
58671923043,646 MAINE AVENUE SW,WARD 6,pdo,2,d9148c13109194c3a7940eb32fdaa22c,MAINE AVENUE SW AND RILEY STREET SW,MAINE AVENUE SW,RILEY STREET SW,52.2767978408962,23722e45e47eb72085d3974427f3d545,False
58671923043,646 MAINE AVENUE SW,WARD 6,pdo,3,989033563bf9def031560032d00c73f4,WATER STREET SW AND PARKER ROW SW,WATER STREET SW,PARKER ROW SW,66.33971239209639,23722e45e47eb72085d3974427f3d545,False
58671923043,646 MAINE AVENUE SW,WARD 6,pdo,4,78c9ba2cb41a43518069a7e28db7dcfe,WATER STREET SW AND RILEY STREET SW,WATER STREET SW,RILEY STREET SW,81.5892501783706,23722e45e47eb72085d3974427f3d545,False
58671923043,646 MAINE AVENUE SW,WARD 6,pdo,5,56beb99370162468f2449636b4e7d789,WHARF STREET SW AND MAINE AVENUE SW,WHARF STREET SW,MAINE AVENUE SW,82.67486693373102,23722e45e47eb72085d3974427f3d545,False
68446679833,1636 COLUMBIA ROAD NW,WARD 1,major,1,f3b28f358001b04e2f496df0af81c03e,COLUMBIA ROAD NW AND MOZART PLACE NW,COLUMBIA ROAD NW,MOZART PLACE NW,14.225266959303132,f3b28f358001b04e2f496df0af81c03e,True
68446679833,1636 COLUMBIA ROAD NW,WARD 1,major,2,b5e245579f397e4d07503acd6e13ad85,COLUMBIA ROAD NW AND QUARRY ROAD NW,COLUMBIA ROAD NW,QUARRY ROAD NW,50.81579244706223,f3b28f358001b04e2f496df0af81c03e,False
68446679833,1636 COLUMBIA ROAD NW,WARD 1,major,3,516cfb3e69b9fe9bdf5cfc16aa91db7d,MOZART PLACE NW AND FULLER STREET NW,MOZART PLACE NW,FULLER STREET NW,89.79901745535096,f3b28f358001b04e2f496df0af81c03e,False
68446679833,1636 COLUMBIA ROAD NW,WARD 1,major,4,0db0b1dad0106145386d64f5b0012206,HARVARD STREET NW AND COLUMBIA ROAD NW,HARVARD STREET NW,COLUMBIA ROAD NW,119.02783222425144,f3b28f358001b04e2f496df0af81c03e,False
68446679833,1636 COLUMBIA ROAD NW,WARD 1,major,5,2f11fdab9535064ee576b01428c4c753,COLUMBIA ROAD NW AND 17TH STREET NW,COLUMBIA ROAD NW,17TH STREET NW,125.44655337699298,f3b28f358001b04e2f496df0af81c03e,False
60392693222,1801 MARTIN LUTHER KING JR AVENUE SE,WARD 8,minor,1,d19fcc4a409ff3fa37035e209e6f93e5,MARION BARRY AVENUE SE AND MARTIN LUTHER KING JR AVENUE SE,MARION BARRY AVENUE SE,MARTIN LUTHER KING JR AVENUE SE,73.126029409366,9cac1e345180317440391973b261040b,False
60392693222,1801 MARTIN LUTHER KING JR AVENUE SE,WARD 8,minor,2,9cac1e345180317440391973b261040b,11TH STREET SE AND MARTIN LUTHER KING JR AVENUE SE,MARTIN LUTHER KING JR AVENUE SE,11TH STREET SE,81.84315181044887,9cac1e345180317440391973b261040b,True
60392693222,1801 MARTIN LUTHER KING JR AVENUE SE,WARD 8,minor,3,f229b59f204e34912e88577b2b549abb,S STREET SE AND 13TH STREET SE,S STREET SE,13TH STREET SE,110.79616246394039,9cac1e345180317440391973b261040b,False
60392693222,1801 MARTIN LUTHER KING JR AVENUE SE,WARD 8,minor,4,0d57286113fa36fe0c2248ae52f530d4,INTERSTATE 295 NORTHBOUND AND INTERSTATE 695 WESTBOUND,INTERSTATE 295 NORTHBOUND,INTERSTATE 695 WESTBOUND,117.1619374673012,9cac1e345180317440391973b261040b,False
60392693222,1801 MARTIN LUTHER KING JR AVENUE SE,WARD 8,minor,5,c4c3c137fa90089888c7eff3303b08a9,T STREET SE AND 13TH STREET SE,T STREET SE,13TH STREET SE,122.578822652879,9cac1e345180317440391973b261040b,False
69411825867,5828 GEORGIA AVENUE NW,WARD 4,pdo,1,2f7b1060157bcd9b4342b112fcc17af5,GEORGIA AVENUE NW AND MISSOURI AVENUE NW,GEORGIA AVENUE NW,MISSOURI AVENUE NW,13.341358329017245,2f7b1060157bcd9b4342b112fcc17af5,True
69411825867,5828 GEORGIA AVENUE NW,WARD 4,pdo,2,36e4351b4d5b6029344301d405e9b8d0,GEORGIA AVENUE NW AND MISSOURI AVENUE NW,GEORGIA AVENUE NW,MISSOURI AVENUE NW,40.67441889893054,2f7b1060157bcd9b4342b112fcc17af5,False
69411825867,5828 GEORGIA AVENUE NW,WARD 4,pdo,3,9b29671978b7b92274c28ae97bd71b93,MISSOURI AVENUE NW AND COLORADO AVENUE NW,MISSOURI AVENUE NW,COLORADO AVENUE NW,64.51231138306116,2f7b1060157bcd9b4342b112fcc17af5,False
69411825867,5828 GEORGIA AVENUE NW,WARD 4,pdo,4,e7de09c6e0714aec5dd3c53fbb9691df,ROCK CREEK FORD ROAD NW AND PINEY BRANCH ROAD NW,ROCK CREEK FORD ROAD NW,PINEY BRANCH ROAD NW,104.35567141935915,2f7b1060157bcd9b4342b112fcc17af5,False
69411825867,5828 GEORGIA AVENUE NW,WARD 4,pdo,5,cf69bd6ae7e4b9a7cb35eb7cb8347383,MISSOURI AVENUE NW AND 13TH STREET NW,MISSOURI AVENUE NW,13TH STREET NW,158.3865765101951,2f7b1060157bcd9b4342b112fcc17af5,False
61680316776,5405 NORTH CAPITOL STREET NE,WARD 4,pdo,1,075f31a4edd35b577f2a50544055d121,JEFFERSON STREET NE AND NORTH CAPITOL STREET,JEFFERSON STREET NE,NORTH CAPITOL STREET,25.698848861154893,075f31a4edd35b577f2a50544055d121,True
61680316776,5405 NORTH CAPITOL STREET NE,WARD 4,pdo,2,31d3edd9b5798e9c141ed089f32df22c,MISSOURI AVENUE NW AND NORTH CAPITOL STREET,MISSOURI AVENUE NW,NORTH CAPITOL STREET,101.499043041494,075f31a4edd35b577f2a50544055d121,False
61680316776,5405 NORTH CAPITOL STREET NE,WARD 4,pdo,3,89d321d2689f7ee58ac14351845a8e7c,KENNEDY STREET NE AND NORTH CAPITOL STREET,KENNEDY STREET NE,NORTH CAPITOL STREET,102.01910965478702,075f31a4edd35b577f2a50544055d121,False
61680316776,5405 NORTH CAPITOL STREET NE,WARD 4,pdo,4,bbb8488dcfaec151c15c9379ccdb49f2,KENNEDY STREET NW AND NEW HAMPSHIRE AVENUE NW,KENNEDY STREET NW,NEW HAMPSHIRE AVENUE NW,109.43714286630338,075f31a4edd35b577f2a50544055d121,False
61680316776,5405 NORTH CAPITOL STREET NE,WARD 4,pdo,5,70fc4e335ad06d6e8f1859a930ec6d63,1ST PLACE NW AND NEW HAMPSHIRE AVENUE NW,1ST PLACE NW,NEW HAMPSHIRE AVENUE NW,114.60736764355717,075f31a4edd35b577f2a50544055d121,False
66143931994,3919 SOUTH CAPITOL STREET SW,WARD 8,pdo,1,c82bd94a753c5d82c58c705ee1ac7432,ATLANTIC STREET SW AND SOUTH CAPITOL TERRACE SW,ATLANTIC STREET SW,SOUTH CAPITOL TERRACE SW,59.85617262933175,549ff741c2ebe62594967aa1b75d0552,False
66143931994,3919 SOUTH CAPITOL STREET SW,WARD 8,pdo,2,40a2dce723f6c166229b85e02437bce9,MARTIN LUTHER KING JR AVENUE SW AND ATLANTIC STREET SW,MARTIN LUTHER KING JR AVENUE SW,ATLANTIC STREET SW,110.33965024614307,549ff741c2ebe62594967aa1b75d0552,False
66143931994,3919 SOUTH CAPITOL STREET SW,WARD 8,pdo,3,549ff741c2ebe62594967aa1b75d0552,ATLANTIC STREET SW AND SOUTH CAPITOL STREET,ATLANTIC STREET SW,SOUTH CAPITOL STREET,119.77423663958801,549ff741c2ebe62594967aa1b75d0552,True
66143931994,3919 SOUTH CAPITOL STREET SW,WARD 8,pdo,4,819817b79b7c9b45bf7374880486a7fd,MISSISSIPPI AVENUE SE AND HALLEY TERRACE SE,MISSISSIPPI AVENUE SE,HALLEY TERRACE SE,149.00654318767934,549ff741c2ebe62594967aa1b75d0552,False
66143931994,3919 SOUTH CAPITOL STREET SW,WARD 8,pdo,5,fca196516efd499015a093ef9a294e94,MARTIN LUTHER KING JR AVENUE SW AND XENIA STREET SW,MARTIN LUTHER KING JR AVENUE SW,XENIA STREET SW,180.5307352512129,549ff741c2ebe62594967aa1b75d0552,False
57907062514,"11TH STREET SE
WASHINGTON,",WARD 6,minor,1,68871fb5d5dcf50966aadb7a96c56451,L STREET SE AND 11TH STREET SE,L STREET SE,11TH STREET SE,45.82680462437947,cbeccfda5c67372f33e05ee4545a3faa,False
57907062514,"11TH STREET SE
WASHINGTON,",WARD 6,minor,2,6da86ed79e16d82ca7ffcde067ef5b1f,L STREET SE AND POTOMAC AVENUE SE,L STREET SE,POTOMAC AVENUE SE,51.01408796086353,cbeccfda5c67372f33e05ee4545a3faa,False
57907062514,"11TH STREET SE
WASHINGTON,",WARD 6,minor,3,cbeccfda5c67372f33e05ee4545a3faa,SOUTHEAST BOULEVARD SE AND 11TH STREET SE,SOUTHEAST BOULEVARD SE,11TH STREET SE,65.91416729207646,cbeccfda5c67372f33e05ee4545a3faa,True
57907062514,"11TH STREET SE
WASHINGTON,",WARD 6,minor,4,d724e44c26e2f7bb110cde79dd4ad448,M STREET SE AND 11TH STREET SE,M STREET SE,11TH STREET SE,93.1576095262541,cbeccfda5c67372f33e05ee4545a3faa,False
57907062514,"11TH STREET SE
WASHINGTON,",WARD 6,minor,5,b2da74289ec04631482878461c893cf7,10TH STREET SE AND M STREET SE,10TH STREET SE,M STREET SE,98.58559984174474,cbeccfda5c67372f33e05ee4545a3faa,False
53930262998,801 FLORIDA AVENUE NW,WARD 1,minor,1,1cca1fa4dbe75d26afef2bdc0437b2ca,FLORIDA AVENUE NW AND 8TH STREET NW,FLORIDA AVENUE NW,8TH STREET NW,27.15110708960451,1cca1fa4dbe75d26afef2bdc0437b2ca,True
53930262998,801 FLORIDA AVENUE NW,WARD 1,minor,2,b907ceccaec5936b06ae7c3f52123bfd,U STREET NW AND 9TH STREET NW,U STREET NW,9TH STREET NW,87.40768786017526,1cca1fa4dbe75d26afef2bdc0437b2ca,False
53930262998,801 FLORIDA AVENUE NW,WARD 1,minor,3,65697d5674a98f8b30a5571aec011ee8,V STREET NW AND 8TH STREET NW,V STREET NW,8TH STREET NW,89.74538657587252,1cca1fa4dbe75d26afef2bdc0437b2ca,False
53930262998,801 FLORIDA AVENUE NW,WARD 1,minor,4,aa205ed493bcbe9cd86470c5178f5a46,FLORIDA AVENUE NW AND 7TH STREET NW,FLORIDA AVENUE NW,7TH STREET NW,119.34647451977878,1cca1fa4dbe75d26afef2bdc0437b2ca,False
53930262998,801 FLORIDA AVENUE NW,WARD 1,minor,5,8d51c21a8958f4e17ef9eba54e5686a6,V STREET NW AND 9TH STREET NW,V STREET NW,9TH STREET NW,124.62706745168343,1cca1fa4dbe75d26afef2bdc0437b2ca,False
61463599115,3375 MINNESOTA AVENUE SE,WARD 7,pdo,1,cf1b334797887f8a6194da2b5ff40469,E STREET SE AND MINNESOTA AVENUE SE,E STREET SE,MINNESOTA AVENUE SE,34.77412224384748,cf1b334797887f8a6194da2b5ff40469,True
61463599115,3375 MINNESOTA AVENUE SE,WARD 7,pdo,2,b61cffc1a10801ed77464b3753e6905d,ELY PLACE SE AND 34TH STREET SE,ELY PLACE SE,34TH STREET SE,66.7469103650934,cf1b334797887f8a6194da2b5ff40469,False
61463599115,3375 MINNESOTA AVENUE SE,WARD 7,pdo,3,900b2762ba39b2fef29846aac4de200a,F STREET SE AND MINNESOTA AVENUE SE,F STREET SE,MINNESOTA AVENUE SE,143.38861746921833,cf1b334797887f8a6194da2b5ff40469,False
61463599115,3375 MINNESOTA AVENUE SE,WARD 7,pdo,4,6feb3de301bf6126f1d50752966be8bf,D STREET SE AND 34TH STREET SE,D STREET SE,34TH STREET SE,149.30191861517332,cf1b334797887f8a6194da2b5ff40469,False
61463599115,3375 MINNESOTA AVENUE SE,WARD 7,pdo,5,37292a674f74146051be1075a021edff,ANACOSTIA ROAD SE AND ELY PLACE SE,ANACOSTIA ROAD SE,ELY PLACE SE,150.68180378086308,cf1b334797887f8a6194da2b5ff40469,False
64630269389,304 EASTERN AVENUE NE,WARD 7,minor,1,33df66a802baf590a8efa81a92b4fd69,EASTERN AVENUE NE AND SOUTHERN AVENUE NE,EASTERN AVENUE NE,SOUTHERN AVENUE NE,16.46181587745529,33df66a802baf590a8efa81a92b4fd69,True
64630269389,304 EASTERN AVENUE NE,WARD 7,minor,2,338d7a7e505913c741e1c2e5ac0e8869,63RD STREET NE AND CLAY STREET NE,63RD STREET NE,CLAY STREET NE,116.99714214887058,33df66a802baf590a8efa81a92b4fd69,False
64630269389,304 EASTERN AVENUE NE,WARD 7,minor,3,bfe19b2ffd847468951666f4f3e80347,BANKS PLACE NE AND MARYLAND PARK DRIVE NE,BANKS PLACE NE,MARYLAND PARK DRIVE NE,146.74687423494277,33df66a802baf590a8efa81a92b4fd69,False
64630269389,304 EASTERN AVENUE NE,WARD 7,minor,4,892dfb446812cb8628414c89def156dd,63RD STREET NE AND EASTERN AVENUE NE,63RD STREET NE,EASTERN AVENUE NE,155.37164629661694,33df66a802baf590a8efa81a92b4fd69,False
64630269389,304 EASTERN AVENUE NE,WARD 7,minor,5,3bbdc02b6b2615aa135187c853f1f54d,63RD STREET NE AND BANKS PLACE NE,63RD STREET NE,BANKS PLACE NE,163.87271147812928,33df66a802baf590a8efa81a92b4fd69,False
56161509465,1727 1ST STREET NW,WARD 5,minor,1,f896e32137d8091f312ab657308eb6f2,RANDOLPH PLACE NW AND 1ST STREET NW,RANDOLPH PLACE NW,1ST STREET NW,22.587200156862014,f896e32137d8091f312ab657308eb6f2,True
56161509465,1727 1ST STREET NW,WARD 5,minor,2,5ab453d9e3bea6b6a1ae9ec1b8aeb86a,R STREET NW AND 1ST STREET NW,R STREET NW,1ST STREET NW,85.19272385804973,f896e32137d8091f312ab657308eb6f2,False
56161509465,1727 1ST STREET NW,WARD 5,minor,3,2a7a49551203f851e9d673ef5aed0817,1ST STREET NW AND S STREET NW,1ST STREET NW,S STREET NW,85.39979521404518,f896e32137d8091f312ab657308eb6f2,False
56161509465,1727 1ST STREET NW,WARD 5,minor,4,4eac6116567377179ff307382e19a3fe,FLORIDA AVENUE NW AND 1ST STREET NW,FLORIDA AVENUE NW,1ST STREET NW,138.32400758584575,f896e32137d8091f312ab657308eb6f2,False
56161509465,1727 1ST STREET NW,WARD 5,minor,5,7e97b7c7824c206ef124963bcda3454a,FLORIDA AVENUE NW AND R STREET NW,FLORIDA AVENUE NW,R STREET NW,147.15086967737497,f896e32137d8091f312ab657308eb6f2,False
63451902997,2305 SHERMAN AVENUE NW,WARD 1,major,1,a4f1c969e3860bd910d814c6f6f68863,BARRY PLACE NW AND SHERMAN AVENUE NW,BARRY PLACE NW,SHERMAN AVENUE NW,23.28038461993172,a4f1c969e3860bd910d814c6f6f68863,True
63451902997,2305 SHERMAN AVENUE NW,WARD 1,major,2,04812ba100da2d822fd0b65ff2e007df,BARRY PLACE NW AND 9TH STREET NW,BARRY PLACE NW,9TH STREET NW,77.36707579412025,a4f1c969e3860bd910d814c6f6f68863,False
63451902997,2305 SHERMAN AVENUE NW,WARD 1,major,3,008d05d00ac52b8b19b3abb66997f3b9,SHERMAN AVENUE NW AND FLORIDA AVENUE NW,SHERMAN AVENUE NW,FLORIDA AVENUE NW,83.79876990909366,a4f1c969e3860bd910d814c6f6f68863,False
63451902997,2305 SHERMAN AVENUE NW,WARD 1,major,4,ff381304bdb7eeecf72ae00f11835831,FLORIDA AVENUE NW AND 10TH STREET NW,FLORIDA AVENUE NW,10TH STREET NW,91.65051542598488,a4f1c969e3860bd910d814c6f6f68863,False
63451902997,2305 SHERMAN AVENUE NW,WARD 1,major,5,0366cfafa05d6d8b107e8d5b96c100ab,8TH STREET NW AND BARRY PLACE NW,8TH STREET NW,BARRY PLACE NW,161.52627660384474,a4f1c969e3860bd910d814c6f6f68863,False
69879236393,26 K STREET NE,WARD 6,pdo,1,40736cafb4216780e39074395946fe5a,1ST STREET NE AND K STREET NE,1ST STREET NE,K STREET NE,129.26445022444773,40736cafb4216780e39074395946fe5a,True
69879236393,26 K STREET NE,WARD 6,pdo,2,2a8cb69759af6b41935564a72d0b25fb,NORTH CAPITOL STREET AND K STREET NW,NORTH CAPITOL STREET,K STREET NW,145.659855039401,40736cafb4216780e39074395946fe5a,False
69879236393,26 K STREET NE,WARD 6,pdo,3,514c6bd57046dc70b12c7e7efa651923,NORTH CAPITOL STREET NE AND TEMPLE COURT NW,NORTH CAPITOL STREET NE,TEMPLE COURT NW,168.11745456518543,40736cafb4216780e39074395946fe5a,False
69879236393,26 K STREET NE,WARD 6,pdo,4,f0f2a1994c7826350de6f01231810b6f,1ST STREET NE AND L STREET NE,1ST STREET NE,L STREET NE,187.23701557047863,40736cafb4216780e39074395946fe5a,False
69879236393,26 K STREET NE,WARD 6,pdo,5,70de50c955ed08bd927ecc6d8260e04c,L STREET NE AND NORTH CAPITOL STREET,L STREET NE,NORTH CAPITOL STREET,198.74195423189528,40736cafb4216780e39074395946fe5a,False
68190493416,3031 11TH STREET NW,WARD 1,pdo,1,0531213ab0dd7e5d7426f2d2c25802a1,IRVING STREET NW AND 11TH STREET NW,IRVING STREET NW,11TH STREET NW,24.159106109220186,0531213ab0dd7e5d7426f2d2c25802a1,True
68190493416,3031 11TH STREET NW,WARD 1,pdo,2,31f74e527d2c69162fc1dae95cda7656,IRVING STREET NW AND SHERMAN AVENUE NW,IRVING STREET NW,SHERMAN AVENUE NW,87.1352512935814,0531213ab0dd7e5d7426f2d2c25802a1,False
68190493416,3031 11TH STREET NW,WARD 1,pdo,3,1a8b4c09569395337ef82f081c0fff61,11TH STREET NW AND COLUMBIA ROAD NW,11TH STREET NW,COLUMBIA ROAD NW,111.31638225678829,0531213ab0dd7e5d7426f2d2c25802a1,False
68190493416,3031 11TH STREET NW,WARD 1,pdo,4,42c6bf548959a605cb811ea0f0e759c6,KENYON STREET NW AND 11TH STREET NW,KENYON STREET NW,11TH STREET NW,113.80903854747733,0531213ab0dd7e5d7426f2d2c25802a1,False
68190493416,3031 11TH STREET NW,WARD 1,pdo,5,e3659eab37c7fb65f4a2598d56b359ef,SHERMAN AVENUE NW AND KENYON STREET NW,SHERMAN AVENUE NW,KENYON STREET NW,139.9591218445863,0531213ab0dd7e5d7426f2d2c25802a1,False
59398543816,1000 PENNSYLVANIA AVENUE SE,WARD 6,minor,1,ddad4cfb432b18ba38cbf2a35064bf03,10TH STREET SE AND PENNSYLVANIA AVENUE SE,10TH STREET SE,PENNSYLVANIA AVENUE SE,20.719886775558326,ddad4cfb432b18ba38cbf2a35064bf03,True
59398543816,1000 PENNSYLVANIA AVENUE SE,WARD 6,minor,2,900f1de9f94752d3c20c90794fdfa608,D STREET SE AND 10TH STREET SE,D STREET SE,10TH STREET SE,75.86889901359369,ddad4cfb432b18ba38cbf2a35064bf03,False
59398543816,1000 PENNSYLVANIA AVENUE SE,WARD 6,minor,3,57ecd103d51a37265296ca4824b4479b,10TH STREET SE AND E STREET SE,10TH STREET SE,E STREET SE,77.64977338537184,ddad4cfb432b18ba38cbf2a35064bf03,False
59398543816,1000 PENNSYLVANIA AVENUE SE,WARD 6,minor,4,70e29f428b68669abcb78c59ff22d73e,WALKER COURT SE AND 11TH STREET SE,WALKER COURT SE,11TH STREET SE,96.88096190961103,ddad4cfb432b18ba38cbf2a35064bf03,False
59398543816,1000 PENNSYLVANIA AVENUE SE,WARD 6,minor,5,67b30276832fc423a608fb53afcb6f4b,9TH STREET SE AND PENNSYLVANIA AVENUE SE,9TH STREET SE,PENNSYLVANIA AVENUE SE,101.115115725409,ddad4cfb432b18ba38cbf2a35064bf03,False
60622503693,331 N STREET NE,WARD 6,major,1,c020a4c96b19fd3c55741d3d71ad8142,N STREET NE AND FLORIDA AVENUE NE,N STREET NE,FLORIDA AVENUE NE,21.477451307147298,c020a4c96b19fd3c55741d3d71ad8142,True
60622503693,331 N STREET NE,WARD 6,major,2,0d5e5000fedd3f13f32785b72619a20f,4TH STREET NE AND FLORIDA AVENUE NE,4TH STREET NE,FLORIDA AVENUE NE,48.97895419216212,c020a4c96b19fd3c55741d3d71ad8142,False
60622503693,331 N STREET NE,WARD 6,major,3,223024723c6ab2645d8f5a31dde367c5,N STREET NE AND 3RD STREET NE,N STREET NE,3RD STREET NE,86.03890944914058,c020a4c96b19fd3c55741d3d71ad8142,False
60622503693,331 N STREET NE,WARD 6,major,4,d5d7c855aeaa420429658f311f3d349f,3RD STREET NE AND FLORIDA AVENUE NE,3RD STREET NE,FLORIDA AVENUE NE,104.79146549667598,c020a4c96b19fd3c55741d3d71ad8142,False
60622503693,331 N STREET NE,WARD 6,major,5,a04323cd16cc264bd807b3b5cce847ef,MORSE STREET NE AND 4TH STREET NE,MORSE STREET NE,4TH STREET NE,114.19796649328092,c020a4c96b19fd3c55741d3d71ad8142,False
60415836612,1539 PENNSYLVANIA AVENUE SE,WARD 6,pdo,1,4711a6955a862a0fa7fd15d260190e0f,BARNEY CIRCLE SE AND PENNSYLVANIA AVENUE SE,BARNEY CIRCLE SE,PENNSYLVANIA AVENUE SE,32.239232024348816,4711a6955a862a0fa7fd15d260190e0f,True
60415836612,1539 PENNSYLVANIA AVENUE SE,WARD 6,pdo,2,583eb54513732da5a61c621b3ec286a3,BARNEY CIRCLE SE AND K STREET SE,BARNEY CIRCLE SE,K STREET SE,39.941100771217634,4711a6955a862a0fa7fd15d260190e0f,False
60415836612,1539 PENNSYLVANIA AVENUE SE,WARD 6,pdo,3,8ccb3ec32c865b9e7d2ceb43b3e0c127,BARNEY CIRCLE SE AND KENTUCKY AVENUE SE,BARNEY CIRCLE SE,KENTUCKY AVENUE SE,65.36598445027555,4711a6955a862a0fa7fd15d260190e0f,False
60415836612,1539 PENNSYLVANIA AVENUE SE,WARD 6,pdo,4,f96c65e4432e1942d46e454d5417ab36,FREEDOM WAY SE AND KENTUCKY AVENUE SE,FREEDOM WAY SE,KENTUCKY AVENUE SE,82.35227330189778,4711a6955a862a0fa7fd15d260190e0f,False
60415836612,1539 PENNSYLVANIA AVENUE SE,WARD 6,pdo,5,d102f9f33c04da86265f48ffb50a2367,17TH STREET SE AND BARNEY CIRCLE SE,17TH STREET SE,BARNEY CIRCLE SE,118.37237459086074,4711a6955a862a0fa7fd15d260190e0f,False
70153019684,1317 9TH STREET NW,WARD 2,minor,1,cdde95a9b5bcbb57c02fa1b161453224,NAILORS ALLEY NW AND 9TH STREET NW,NAILORS ALLEY NW,9TH STREET NW,43.7583949369438,12381b95b91bf587b88bfab3392ac9f2,False
70153019684,1317 9TH STREET NW,WARD 2,minor,2,12381b95b91bf587b88bfab3392ac9f2,N STREET NW AND 9TH STREET NW,N STREET NW,9TH STREET NW,73.08261479006933,12381b95b91bf587b88bfab3392ac9f2,True
70153019684,1317 9TH STREET NW,WARD 2,minor,3,e285366d13ee10b3c470cbc5ce7a04b6,8TH STREET NW AND N STREET NW,8TH STREET NW,N STREET NW,75.12539447391192,12381b95b91bf587b88bfab3392ac9f2,False
70153019684,1317 9TH STREET NW,WARD 2,minor,4,94b07a1d2d02d13155bb9db52a9deac5,9TH STREET NW AND O STREET NW,9TH STREET NW,O STREET NW,98.80776972289084,12381b95b91bf587b88bfab3392ac9f2,False
70153019684,1317 9TH STREET NW,WARD 2,minor,5,2b0bb5e949e788b50c9df747cbf9b02e,8TH STREET NW AND O STREET NW,8TH STREET NW,O STREET NW,99.3055494668776,12381b95b91bf587b88bfab3392ac9f2,False
68153917273,4200 NANNIE HELEN BURROUGHS AVENUE NE,WARD 7,pdo,1,2d2ff9e17f09f5f1fa81aa2cf3fd7581,MINNESOTA AVENUE NE AND NANNIE HELEN BURROUGHS AVENUE NE,MINNESOTA AVENUE NE,NANNIE HELEN BURROUGHS AVENUE NE,73.32761575772895,8c94bf81399564ad3037c147b0f688b4,False
68153917273,4200 NANNIE HELEN BURROUGHS AVENUE NE,WARD 7,pdo,2,6ff479178b382500161a1c5ab5dae039,MINNESOTA AVENUE NE AND SHERIFF ROAD NE,MINNESOTA AVENUE NE,SHERIFF ROAD NE,109.26999696930237,8c94bf81399564ad3037c147b0f688b4,False
68153917273,4200 NANNIE HELEN BURROUGHS AVENUE NE,WARD 7,pdo,3,57b2284082032e03d69ca1432f56d2ca,JAY STREET NE AND 43RD PLACE NE,JAY STREET NE,43RD PLACE NE,144.1852631831997,8c94bf81399564ad3037c147b0f688b4,False
68153917273,4200 NANNIE HELEN BURROUGHS AVENUE NE,WARD 7,pdo,4,3015d0118c7f78b2bddc3832825423ff,43RD PLACE NE AND SHERIFF ROAD NE,43RD PLACE NE,SHERIFF ROAD NE,149.02273594997533,8c94bf81399564ad3037c147b0f688b4,False
68153917273,4200 NANNIE HELEN BURROUGHS AVENUE NE,WARD 7,pdo,5,8c94bf81399564ad3037c147b0f688b4,NANNIE HELEN BURROUGHS AVENUE NE AND RAMP FROM KENILWORTH AVENUE NE NORTHBOUND,NANNIE HELEN BURROUGHS AVENUE NE,KENILWORTH AVENUE NE,155.19353093928095,8c94bf81399564ad3037c147b0f688b4,True
63636842528,"EAST CAPITOL STREET SE
WASHINGTON,",WARD 7,major,1,966828e7185fb8af5ca50e5f0ad81550,EAST CAPITOL STREET EASTBOUND AND RAMP TO ANACOSTIA FREEWAY SE SOUTHBOUND,EAST CAPITOL STREET,ANACOSTIA FREEWAY SE,271.4437795244826,f5c461f2e8cc41b085cef4841bf862b1,False
63636842528,"EAST CAPITOL STREET SE
WASHINGTON,",WARD 7,major,2,6e1731cfd6f93c239034037f20865774,INDEPENDENCE AVENUE SE AND C STREET NE,INDEPENDENCE AVENUE SE,C STREET NE,272.91839737075105,f5c461f2e8cc41b085cef4841bf862b1,False
63636842528,"EAST CAPITOL STREET SE
WASHINGTON,",WARD 7,major,3,13ca7dd10d433d48c6f4736cb6eb1f94,EAST CAPITOL STREET NE AND ANACOSTIA AVENUE NE,EAST CAPITOL STREET NE,ANACOSTIA AVENUE NE,299.5251234000292,f5c461f2e8cc41b085cef4841bf862b1,False
63636842528,"EAST CAPITOL STREET SE
WASHINGTON,",WARD 7,major,4,41bd6a0d994b51e4427964bfbab7ebc6,ANACOSTIA FREEWAY SE SOUTHBOUND AND RAMP FROM EAST CAPITOL STREET EASTBOUND,ANACOSTIA FREEWAY SE,EAST CAPITOL STREET,344.8128126931578,f5c461f2e8cc41b085cef4841bf862b1,False
63636842528,"EAST CAPITOL STREET SE
WASHINGTON,",WARD 7,major,5,726103bc93061693cca4b765ee46873f,EAST CAPITOL STREET NE AND 33RD STREET NE,EAST CAPITOL STREET NE,33RD STREET NE,386.42983963974905,f5c461f2e8cc41b085cef4841bf862b1,False
54975016912,1622 7TH STREET NW,WARD 2,minor,1,847423703aa9e1c31913ceee0cf7aea8,8TH STREET NW AND RHODE ISLAND AVENUE NW,8TH STREET NW,RHODE ISLAND AVENUE NW,45.99498286915861,65acdfc31a1e695d42b471c5fa079105,False
54975016912,1622 7TH STREET NW,WARD 2,minor,2,65acdfc31a1e695d42b471c5fa079105,7TH STREET NW AND RHODE ISLAND AVENUE NW,7TH STREET NW,RHODE ISLAND AVENUE NW,62.976219233044596,65acdfc31a1e695d42b471c5fa079105,True
54975016912,1622 7TH STREET NW,WARD 2,minor,3,c1f22af79b65ede691cd90329fad1b42,R STREET NW AND 7TH STREET NW,R STREET NW,7TH STREET NW,89.84762886832316,65acdfc31a1e695d42b471c5fa079105,False
54975016912,1622 7TH STREET NW,WARD 2,minor,4,6ecbe21c5e4d39bf9213cf524bf0cc2a,8TH STREET NW AND R STREET NW,8TH STREET NW,R STREET NW,90.7731448141238,65acdfc31a1e695d42b471c5fa079105,False
54975016912,1622 7TH STREET NW,WARD 2,minor,5,67b492b4f962bd3e428afc7ea8f0b005,Q STREET NW AND 7TH STREET NW,Q STREET NW,7TH STREET NW,96.49692883669998,65acdfc31a1e695d42b471c5fa079105,False
68404517663,4201 18TH STREET NE,WARD 5,pdo,1,a257e4dd0462bd25935ec5edc1b2c520,18TH STREET NE AND TAYLOR STREET NE,18TH STREET NE,TAYLOR STREET NE,19.324502720868924,a257e4dd0462bd25935ec5edc1b2c520,True
68404517663,4201 18TH STREET NE,WARD 5,pdo,2,097f64b898a72a104f26869a0800bcba,TAYLOR STREET NE AND 18TH PLACE NE,TAYLOR STREET NE,18TH PLACE NE,66.98880357542238,a257e4dd0462bd25935ec5edc1b2c520,False
68404517663,4201 18TH STREET NE,WARD 5,pdo,3,7396a3fc12ade2e446517862e6e0cb93,BUNKER HILL ROAD NE AND 18TH STREET NE,BUNKER HILL ROAD NE,18TH STREET NE,91.72859671585435,a257e4dd0462bd25935ec5edc1b2c520,False
68404517663,4201 18TH STREET NE,WARD 5,pdo,4,d52047e43de1b86e5ce3aa6325760d6c,UPSHUR STREET NE AND 18TH STREET NE,UPSHUR STREET NE,18TH STREET NE,121.62619271542349,a257e4dd0462bd25935ec5edc1b2c520,False
68404517663,4201 18TH STREET NE,WARD 5,pdo,5,bb1c1f89339ba3ef085eb80713e72c26,SOUTH DAKOTA AVENUE NE AND TAYLOR STREET NE,SOUTH DAKOTA AVENUE NE,TAYLOR STREET NE,122.98601297244558,a257e4dd0462bd25935ec5edc1b2c520,False
68296130302,1008 N STREET NW,WARD 2,pdo,1,b9c13733303d29e8eb023bf71ed2d7c5,N STREET NW AND 10TH STREET NW,N STREET NW,10TH STREET NW,47.54325459619939,2c7d6a8054899da1e8397d9333c091a3,False
68296130302,1008 N STREET NW,WARD 2,pdo,2,2c7d6a8054899da1e8397d9333c091a3,N STREET NW AND 11TH STREET NW,N STREET NW,11TH STREET NW,50.611574845818765,2c7d6a8054899da1e8397d9333c091a3,True
68296130302,1008 N STREET NW,WARD 2,pdo,3,571bb742ca2cba00014a2eceae3ef6ee,NAILORS ALLEY NW AND 10TH STREET NW,NAILORS ALLEY NW,10TH STREET NW,80.29726819218084,2c7d6a8054899da1e8397d9333c091a3,False
68296130302,1008 N STREET NW,WARD 2,pdo,4,24798777f628fe7343aabdece6cd33b1,N STREET NW AND BLAGDEN ALLEY NW,N STREET NW,BLAGDEN ALLEY NW,131.85206528737905,2c7d6a8054899da1e8397d9333c091a3,False
68296130302,1008 N STREET NW,WARD 2,pdo,5,b6d4ec4ee5db06da35412e946c416f2a,N STREET NW AND 12TH STREET NW,N STREET NW,12TH STREET NW,139.3070570699678,2c7d6a8054899da1e8397d9333c091a3,False
60032263397,1401 18TH STREET SE,WARD 8,minor,1,20fb87d552cde5d34343bca85f9e977f,18TH STREET SE AND FAIRLAWN AVENUE SE,18TH STREET SE,FAIRLAWN AVENUE SE,27.181718996070884,20fb87d552cde5d34343bca85f9e977f,True
60032263397,1401 18TH STREET SE,WARD 8,minor,2,359016784404d328c21daef4752e5d6c,18TH PLACE SE AND FAIRLAWN AVENUE SE,18TH PLACE SE,FAIRLAWN AVENUE SE,59.15017590715685,20fb87d552cde5d34343bca85f9e977f,False
60032263397,1401 18TH STREET SE,WARD 8,minor,3,6bf7d8c1a345305b1eb338e400913b1d,18TH STREET SE AND P STREET SE,18TH STREET SE,P STREET SE,88.32339037758452,20fb87d552cde5d34343bca85f9e977f,False
60032263397,1401 18TH STREET SE,WARD 8,minor,4,9051c3bccf7075931b64f2dc6790ed63,P STREET SE AND 18TH PLACE SE,P STREET SE,18TH PLACE SE,128.7131858561689,20fb87d552cde5d34343bca85f9e977f,False
60032263397,1401 18TH STREET SE,WARD 8,minor,5,577fdbdbebc98c00ad7f5e3e3d440b76,NAYLOR ROAD SE AND FAIRLAWN AVENUE SE,NAYLOR ROAD SE,FAIRLAWN AVENUE SE,138.52157796210167,20fb87d552cde5d34343bca85f9e977f,False
65734183727,"14TH STREET NW & MILITARY ROAD NW
WASHINGTON,",WARD 4,pdo,1,c0eb254e5a00bf8655c9d020ab37b40e,MILITARY ROAD NW EASTBOUND AND RAMP FROM 16TH STREET NW,MILITARY ROAD NW,16TH STREET NW,0.03167334534009729,c0eb254e5a00bf8655c9d020ab37b40e,True
65734183727,"14TH STREET NW & MILITARY ROAD NW
WASHINGTON,",WARD 4,pdo,2,c0eb254e5a00bf8655c9d020ab37b40e,14TH STREET NW AND MILITARY ROAD NW,14TH STREET NW,MILITARY ROAD NW,0.03169453138619576,c0eb254e5a00bf8655c9d020ab37b40e,True
65734183727,"14TH STREET NW & MILITARY ROAD NW
WASHINGTON,",WARD 4,pdo,3,67a07f50babf1a701dbce100746f7357,14TH STREET NW AND MISSOURI AVENUE NW,14TH STREET NW,MISSOURI AVENUE NW,50.03758981281767,c0eb254e5a00bf8655c9d020ab37b40e,False
65734183727,"14TH STREET NW & MILITARY ROAD NW
WASHINGTON,",WARD 4,pdo,4,05c483d98ee9ef60e0633b3513db0283,MILITARY ROAD NW WESTBOUND AND RAMP TO 16TH STREET NW,MILITARY ROAD NW,16TH STREET NW,80.28937206369943,c0eb254e5a00bf8655c9d020ab37b40e,False
65734183727,"14TH STREET NW & MILITARY ROAD NW
WASHINGTON,",WARD 4,pdo,5,72fd99670841b0db8ce837478dc6012c,14TH STREET NW AND OGLETHORPE STREET NW,14TH STREET NW,OGLETHORPE STREET NW,113.92525531537443,c0eb254e5a00bf8655c9d020ab37b40e,False
62962807890,1013 KENILWORTH AVENUE NE,WARD 7,pdo,1,8c94bf81399564ad3037c147b0f688b4,NANNIE HELEN BURROUGHS AVENUE NE AND RAMP FROM KENILWORTH AVENUE NE NORTHBOUND,NANNIE HELEN BURROUGHS AVENUE NE,KENILWORTH AVENUE NE,53.7284840608816,8c94bf81399564ad3037c147b0f688b4,True
62962807890,1013 KENILWORTH AVENUE NE,WARD 7,pdo,2,8c94bf81399564ad3037c147b0f688b4,NANNIE HELEN BURROUGHS AVENUE NE AND KENILWORTH AVENUE NE,NANNIE HELEN BURROUGHS AVENUE NE,KENILWORTH AVENUE NE,53.728508401049865,8c94bf81399564ad3037c147b0f688b4,True
62962807890,1013 KENILWORTH AVENUE NE,WARD 7,pdo,3,dbb502567640eca18684e2f96bcd2be1,42ND STREET NE AND KENILWORTH AVENUE NE,42ND STREET NE,KENILWORTH AVENUE NE,71.15512091572319,8c94bf81399564ad3037c147b0f688b4,False
62962807890,1013 KENILWORTH AVENUE NE,WARD 7,pdo,4,2d2ff9e17f09f5f1fa81aa2cf3fd7581,MINNESOTA AVENUE NE AND NANNIE HELEN BURROUGHS AVENUE NE,MINNESOTA AVENUE NE,NANNIE HELEN BURROUGHS AVENUE NE,98.50769243444903,8c94bf81399564ad3037c147b0f688b4,False
62962807890,1013 KENILWORTH AVENUE NE,WARD 7,pdo,5,195c50bcdc26a69f13e861bc4bd376ea,KENILWORTH AVENUE NE NORTHBOUND AND RAMP TO NANNIE HELEN BURROUGHS AVENUE NE,KENILWORTH AVENUE NE,NANNIE HELEN BURROUGHS AVENUE NE,102.25801911461316,8c94bf81399564ad3037c147b0f688b4,False
63449446082,926 HILLTOP TERRACE SE,WARD 7,pdo,1,625ac00d421b7103b28a6bc205cb203d,H STREET SE AND 44TH PLACE SE,H STREET SE,44TH PLACE SE,87.9288852184181,e3a3ee61aa40411c76b892de5a007126,False
63449446082,926 HILLTOP TERRACE SE,WARD 7,pdo,2,d25e84f368bfc8e4c76a9d2e6844e1f3,H STREET SE AND 45TH PLACE SE,H STREET SE,45TH PLACE SE,109.31939742807484,e3a3ee61aa40411c76b892de5a007126,False
63449446082,926 HILLTOP TERRACE SE,WARD 7,pdo,3,e3a3ee61aa40411c76b892de5a007126,HILLTOP TERRACE SE AND 46TH STREET SE,HILLTOP TERRACE SE,46TH STREET SE,113.60159251278037,e3a3ee61aa40411c76b892de5a007126,True
63449446082,926 HILLTOP TERRACE SE,WARD 7,pdo,4,52e8b0673abb80599d489c396ebbe4ea,G STREET SE AND 46TH STREET SE,G STREET SE,46TH STREET SE,114.830693935455,e3a3ee61aa40411c76b892de5a007126,False
63449446082,926 HILLTOP TERRACE SE,WARD 7,pdo,5,f4cb7feaa7f6259352d3251946ab58b9,H STREET SE AND HANNA PLACE SE,H STREET SE,HANNA PLACE SE,139.06079593361454,e3a3ee61aa40411c76b892de5a007126,False
58887036246,4651 HILLSIDE ROAD SE,WARD 7,pdo,1,58c15b788d8ed57cf1552ab07d6eda2c,HILLSIDE ROAD SE AND BENNING ROAD SE,HILLSIDE ROAD SE,BENNING ROAD SE,26.207425285455784,58c15b788d8ed57cf1552ab07d6eda2c,True
58887036246,4651 HILLSIDE ROAD SE,WARD 7,pdo,2,878ee355c5d44cb23fa9469f657aad60,SOUTHERN AVENUE SE AND BENNING ROAD SE,SOUTHERN AVENUE SE,BENNING ROAD SE,31.860771875559337,58c15b788d8ed57cf1552ab07d6eda2c,False
58887036246,4651 HILLSIDE ROAD SE,WARD 7,pdo,3,b18df9020ba9218c2b17a0ea9b8d7990,SOUTHERN AVENUE SE AND EASY PLACE SE,SOUTHERN AVENUE SE,EASY PLACE SE,69.14168382599105,58c15b788d8ed57cf1552ab07d6eda2c,False
58887036246,4651 HILLSIDE ROAD SE,WARD 7,pdo,4,672da70b4831714fba68c00a7569e1de,SOUTHERN AVENUE SE AND HEATH STREET SE,SOUTHERN AVENUE SE,HEATH STREET SE,132.0004394482247,58c15b788d8ed57cf1552ab07d6eda2c,False
58887036246,4651 HILLSIDE ROAD SE,WARD 7,pdo,5,4faf52633cad8a4bf905d87d2e02edc9,SOUTHERN AVENUE SE AND REED TERRACE SE,SOUTHERN AVENUE SE,REED TERRACE SE,188.49091630770207,58c15b788d8ed57cf1552ab07d6eda2c,False
56917064063,305 15TH STREET NE,WARD 6,pdo,1,9518230eab523b9ff355ab8e03dcef25,15TH STREET NE AND C STREET NE,15TH STREET NE,C STREET NE,14.672144530272522,9518230eab523b9ff355ab8e03dcef25,True
56917064063,305 15TH STREET NE,WARD 6,pdo,2,6aa5f780779934239544c68995ed00d3,14TH PLACE NE AND C STREET NE,14TH PLACE NE,C STREET NE,93.84787135068619,9518230eab523b9ff355ab8e03dcef25,False
56917064063,305 15TH STREET NE,WARD 6,pdo,3,4ab8ab9e132fbc2b4f9a61ee76e6adab,15TH STREET NE AND NORTH CAROLINA AVENUE NE,15TH STREET NE,NORTH CAROLINA AVENUE NE,106.69308207326672,9518230eab523b9ff355ab8e03dcef25,False
56917064063,305 15TH STREET NE,WARD 6,pdo,4,c9029aa7491a54179b99bd1647522c36,16TH STREET NE AND C STREET NE,16TH STREET NE,C STREET NE,112.19720208473957,9518230eab523b9ff355ab8e03dcef25,False
56917064063,305 15TH STREET NE,WARD 6,pdo,5,eaffb877b8b4bcc65e73ad458db0626e,NORTH CAROLINA AVENUE NE AND 16TH STREET NE,NORTH CAROLINA AVENUE NE,16TH STREET NE,118.90919214666533,9518230eab523b9ff355ab8e03dcef25,False
56268567853,83 M STREET SE,WARD 6,pdo,1,81eb553aecf471154e77b516f49541a9,M STREET SE AND 1ST STREET SE,M STREET SE,1ST STREET SE,22.214475476782038,81eb553aecf471154e77b516f49541a9,True
56268567853,83 M STREET SE,WARD 6,pdo,2,8ee5fd8107f093cfa738cb2df6d29df9,M STREET SE AND CUSHING PLACE SE,M STREET SE,CUSHING PLACE SE,75.03295395332069,81eb553aecf471154e77b516f49541a9,False
56268567853,83 M STREET SE,WARD 6,pdo,3,f06969fdda4edc735f79c2b2a219467d,QUANDER STREET SE AND 1ST STREET SE,QUANDER STREET SE,1ST STREET SE,98.41657242230583,81eb553aecf471154e77b516f49541a9,False
56268567853,83 M STREET SE,WARD 6,pdo,4,f238590ff80e118e0b5f4a4bc27a3d07,YARDS PLACE SE AND QUANDER STREET SE,YARDS PLACE SE,QUANDER STREET SE,136.5093535991148,81eb553aecf471154e77b516f49541a9,False
56268567853,83 M STREET SE,WARD 6,pdo,5,b254d801d5be2683883025e32ca4127a,1ST STREET SE AND L STREET SE,1ST STREET SE,L STREET SE,138.66865607081772,81eb553aecf471154e77b516f49541a9,False
56616111599,1947 14TH STREET NW,WARD 1,major,1,1c17f0b62ba1344e3cc10c41da9f6285,14TH STREET NW AND U STREET NW,14TH STREET NW,U STREET NW,20.049449202980274,1c17f0b62ba1344e3cc10c41da9f6285,True
56616111599,1947 14TH STREET NW,WARD 1,major,2,88e20e8b6c7d94b18b5d86ed1f07c1fe,WALLACH PLACE NW AND 14TH STREET NW,WALLACH PLACE NW,14TH STREET NW,81.46117139069455,1c17f0b62ba1344e3cc10c41da9f6285,False
56616111599,1947 14TH STREET NW,WARD 1,major,3,d4c09a9144ee36c213a13b19bae1f9ac,PALOMA WAY NW AND TRETO WAY NW,PALOMA WAY NW,TRETO WAY NW,114.78525234785276,1c17f0b62ba1344e3cc10c41da9f6285,False
56616111599,1947 14TH STREET NW,WARD 1,major,4,440cd5c413c6a3f6c6cc586c60883a32,V STREET NW AND 14TH STREET NW,V STREET NW,14TH STREET NW,125.43732829420063,1c17f0b62ba1344e3cc10c41da9f6285,False
56616111599,1947 14TH STREET NW,WARD 1,major,5,14cf3575c2f86e27f05fd81d182ffeeb,HISTORIC WAVERLY ALLEY NW AND U STREET NW,HISTORIC WAVERLY ALLEY NW,U STREET NW,131.7077447430971,1c17f0b62ba1344e3cc10c41da9f6285,False
55984372683,3030 14TH STREET NW,WARD 1,major,1,192e3a6b09842b3993685739c360d04f,IRVING STREET NW AND 14TH STREET NW,IRVING STREET NW,14TH STREET NW,34.79633853905999,192e3a6b09842b3993685739c360d04f,True
55984372683,3030 14TH STREET NW,WARD 1,major,2,d94ccd7d10c897c7800f5395c1c09aca,HIATT PLACE NW AND IRVING STREET NW,HIATT PLACE NW,IRVING STREET NW,138.46195954544498,192e3a6b09842b3993685739c360d04f,False
55984372683,3030 14TH STREET NW,WARD 1,major,3,c23b165154fee9f53d580fdcacfe1544,HARVARD COURT NW AND COLUMBIA ROAD NW,HARVARD COURT NW,COLUMBIA ROAD NW,144.91498757759334,192e3a6b09842b3993685739c360d04f,False
55984372683,3030 14TH STREET NW,WARD 1,major,4,a05a096abf78d68d77d83198b0d852f4,14TH STREET NW AND COLUMBIA ROAD NW,14TH STREET NW,COLUMBIA ROAD NW,145.4641852557075,192e3a6b09842b3993685739c360d04f,False
55984372683,3030 14TH STREET NW,WARD 1,major,5,753788b3247a705c07f28aa22372fbab,KENYON STREET NW AND 14TH STREET NW,KENYON STREET NW,14TH STREET NW,163.19387311064713,192e3a6b09842b3993685739c360d04f,False
66273309827,1115 O STREET SE,WARD 6,pdo,1,5b97127c6aa9687c42fcfcf2d522ce9b,11TH STREET SE AND O STREET SE,11TH STREET SE,O STREET SE,77.00071924988619,5b97127c6aa9687c42fcfcf2d522ce9b,True
66273309827,1115 O STREET SE,WARD 6,pdo,2,b2c8df096c4b2f842dea52cdf5dede76,O STREET SE AND WATER STREET SE,O STREET SE,WATER STREET SE,95.7433476057952,5b97127c6aa9687c42fcfcf2d522ce9b,False
66273309827,1115 O STREET SE,WARD 6,pdo,3,cd21bcf9514f057d7149df0476209592,10TH STREET SE AND BUCHANAN STREET SE,10TH STREET SE,BUCHANAN STREET SE,178.64462160305618,5b97127c6aa9687c42fcfcf2d522ce9b,False
66273309827,1115 O STREET SE,WARD 6,pdo,4,187ec9906e6919b11eee124c14bf8562,O STREET SE AND 10TH STREET SE,O STREET SE,10TH STREET SE,181.7895281092901,5b97127c6aa9687c42fcfcf2d522ce9b,False
66273309827,1115 O STREET SE,WARD 6,pdo,5,b21099e5b99e0ad1f60ec4cd4438cfa8,NORTON PLACE SE AND 10TH STREET SE,NORTON PLACE SE,10TH STREET SE,198.30782727077252,5b97127c6aa9687c42fcfcf2d522ce9b,False
65802741611,1120 EASTERN AVENUE NE,WARD 7,fatal,1,36b1914dbf6fa4cef421d029b6a0a26a,BOOTH LANE NE AND EASTERN AVENUE NE,BOOTH LANE NE,EASTERN AVENUE NE,69.35575099316853,36b1914dbf6fa4cef421d029b6a0a26a,True
65802741611,1120 EASTERN AVENUE NE,WARD 7,fatal,2,bcf446ee22643338938e93381e226ed1,MEADE STREET NE AND EASTERN AVENUE NE,MEADE STREET NE,EASTERN AVENUE NE,71.48475271596081,36b1914dbf6fa4cef421d029b6a0a26a,False
65802741611,1120 EASTERN AVENUE NE,WARD 7,fatal,3,9b386e9a380dcd6700dcc86a98a8afa0,51ST STREET NE AND LEE STREET NE,51ST STREET NE,LEE STREET NE,118.92078046378722,36b1914dbf6fa4cef421d029b6a0a26a,False
65802741611,1120 EASTERN AVENUE NE,WARD 7,fatal,4,590ed7515d031f651f4e72222e0ae605,LEE STREET NE AND EASTERN AVENUE NE,LEE STREET NE,EASTERN AVENUE NE,143.9305178088162,36b1914dbf6fa4cef421d029b6a0a26a,False
65802741611,1120 EASTERN AVENUE NE,WARD 7,fatal,5,ea99223256bb60dc035bbf7d303724b0,MEADE STREET NE AND 51ST PLACE NE,MEADE STREET NE,51ST PLACE NE,162.66134981390636,36b1914dbf6fa4cef421d029b6a0a26a,False
65440186399,632 MASSACHUSETTS AVENUE NE,WARD 6,minor,1,9b841e298763da7cf6efc10a787050e9,C STREET NE AND 7TH STREET NE,C STREET NE,7TH STREET NE,94.03101882593104,f29d7c1c355aa6062d0ddcca51a14eb9,False
65440186399,632 MASSACHUSETTS AVENUE NE,WARD 6,minor,2,f29d7c1c355aa6062d0ddcca51a14eb9,C STREET NE AND 6TH STREET NE,C STREET NE,6TH STREET NE,114.00309008926871,f29d7c1c355aa6062d0ddcca51a14eb9,True
65440186399,632 MASSACHUSETTS AVENUE NE,WARD 6,minor,3,226045af3640ae5e8d645880480e77e3,C STREET NE AND 6TH STREET NE,C STREET NE,6TH STREET NE,121.14877565665006,f29d7c1c355aa6062d0ddcca51a14eb9,False
65440186399,632 MASSACHUSETTS AVENUE NE,WARD 6,minor,4,342fb69440a3faa8767d6e62d5ea58d9,MASSACHUSETTS AVENUE NE AND 7TH STREET NE,MASSACHUSETTS AVENUE NE,7TH STREET NE,138.2486716755127,f29d7c1c355aa6062d0ddcca51a14eb9,False
65440186399,632 MASSACHUSETTS AVENUE NE,WARD 6,minor,5,d7f795109a0139d8b651e197f0be8bc8,6TH STREET NE AND C STREET NE,6TH STREET NE,C STREET NE,147.37230053230962,f29d7c1c355aa6062d0ddcca51a14eb9,False
60892343891,1222 I STREET SE,WARD 6,pdo,1,48c7548d3fcc525af54488dd795c6767,13TH STREET SE AND I STREET SE,13TH STREET SE,I STREET SE,45.18614019202712,48c7548d3fcc525af54488dd795c6767,True
60892343891,1222 I STREET SE,WARD 6,pdo,2,1fdb732282692112cdf221353b368d12,13TH STREET SE AND POTOMAC AVENUE SE,13TH STREET SE,POTOMAC AVENUE SE,46.29580177822516,48c7548d3fcc525af54488dd795c6767,False
60892343891,1222 I STREET SE,WARD 6,pdo,3,bc4447e9a2bc673039a08cc156f5ad61,I STREET SE AND POTOMAC AVENUE SE,I STREET SE,POTOMAC AVENUE SE,64.74429682529583,48c7548d3fcc525af54488dd795c6767,False
60892343891,1222 I STREET SE,WARD 6,pdo,4,743efbfc7868386548073c0e3916255e,K STREET SE AND 13TH STREET SE,K STREET SE,13TH STREET SE,107.52586990338428,48c7548d3fcc525af54488dd795c6767,False
60892343891,1222 I STREET SE,WARD 6,pdo,5,3466a259849586c732a733b5e3211c28,I STREET SE AND 12TH STREET SE,I STREET SE,12TH STREET SE,122.34421324137402,48c7548d3fcc525af54488dd795c6767,False
55166108255,701 PENNSYLVANIA AVENUE NW,WARD 6,fatal,1,da7d1baecc52ae4e958760ff95fbdfcd,D STREET NW AND 7TH STREET NW,D STREET NW,7TH STREET NW,40.95315977752296,da7d1baecc52ae4e958760ff95fbdfcd,True
55166108255,701 PENNSYLVANIA AVENUE NW,WARD 6,fatal,2,10f0140f88a65061c3fdafcaa44a5ced,8TH STREET NW AND D STREET NW,8TH STREET NW,D STREET NW,50.32351959714966,da7d1baecc52ae4e958760ff95fbdfcd,False
55166108255,701 PENNSYLVANIA AVENUE NW,WARD 6,fatal,3,66ef4cbd78c8a6b8c175555e128f69b7,7TH STREET NW AND INDIANA AVENUE NW,7TH STREET NW,INDIANA AVENUE NW,109.89304294867584,da7d1baecc52ae4e958760ff95fbdfcd,False
55166108255,701 PENNSYLVANIA AVENUE NW,WARD 6,fatal,4,a57df77acff2d16b0e1d9951b6f7df31,D STREET NW AND 9TH STREET NW,D STREET NW,9TH STREET NW,137.72537391824451,da7d1baecc52ae4e958760ff95fbdfcd,False
55166108255,701 PENNSYLVANIA AVENUE NW,WARD 6,fatal,5,29ee8ec1cf2fb569b63df40b6f21ccac,7TH STREET NW AND E STREET NW,7TH STREET NW,E STREET NW,153.96944689003192,da7d1baecc52ae4e958760ff95fbdfcd,False
64024207371,666 MONROE STREET NE,WARD 5,pdo,1,b983315cdcad23d8abf95cf08757e688,7TH STREET NE AND MONROE STREET NE,7TH STREET NE,MONROE STREET NE,35.24627966164811,b983315cdcad23d8abf95cf08757e688,True
64024207371,666 MONROE STREET NE,WARD 5,pdo,2,f3c0fdd0e05533c44ca677e187da8299,MICHIGAN AVENUE NE AND 7TH STREET NE,MICHIGAN AVENUE NE,7TH STREET NE,80.72979058868127,b983315cdcad23d8abf95cf08757e688,False
64024207371,666 MONROE STREET NE,WARD 5,pdo,3,b22c9880c477769d4ac33522e0d0bbf0,MICHIGAN AVENUE NE AND MONROE STREET NE,MICHIGAN AVENUE NE,MONROE STREET NE,97.88977527259348,b983315cdcad23d8abf95cf08757e688,False
64024207371,666 MONROE STREET NE,WARD 5,pdo,4,d4ac60ebc1c0fd4c98ec2a112c4409d6,7TH STREET NE AND LAWRENCE STREET NE,7TH STREET NE,LAWRENCE STREET NE,115.07007244076843,b983315cdcad23d8abf95cf08757e688,False
64024207371,666 MONROE STREET NE,WARD 5,pdo,5,d4ac60ebc1c0fd4c98ec2a112c4409d6,LANCASTER STREET NE AND LAWRENCE STREET NE,LANCASTER STREET NE,LAWRENCE STREET NE,115.0700879525023,b983315cdcad23d8abf95cf08757e688,False
65594251274,908 52ND STREET NE,WARD 7,pdo,1,4a5524a605fa142a78d02862aebd0f50,52ND STREET NE AND JAY STREET NE,52ND STREET NE,JAY STREET NE,50.377376632523514,4a5524a605fa142a78d02862aebd0f50,True
65594251274,908 52ND STREET NE,WARD 7,pdo,2,613e46922df883435b0274d8ced3301e,52ND STREET NE AND JUST STREET NE,52ND STREET NE,JUST STREET NE,68.26622607836032,4a5524a605fa142a78d02862aebd0f50,False
65594251274,908 52ND STREET NE,WARD 7,pdo,3,57b1de6c668fc3a0437148f7447ee13d,51ST STREET NE AND JAY STREET NE,51ST STREET NE,JAY STREET NE,96.65711525520439,4a5524a605fa142a78d02862aebd0f50,False
65594251274,908 52ND STREET NE,WARD 7,pdo,4,de66649aef0bbc4ef62d0541ee966dc4,DIVISION AVENUE NE AND KARL PLACE NE,DIVISION AVENUE NE,KARL PLACE NE,123.44819018344754,4a5524a605fa142a78d02862aebd0f50,False
65594251274,908 52ND STREET NE,WARD 7,pdo,5,14a3e315267eb84b79111e7f6481ffb8,JAY STREET NE AND DIVISION AVENUE NE,JAY STREET NE,DIVISION AVENUE NE,127.44155542219855,4a5524a605fa142a78d02862aebd0f50,False
64630599608,"FIRTH STERLING AVENUE SE & STEVENS ROAD SE
WASHINGTON,",WARD 8,major,1,cee85dd13bca6a2a843cc469696cb68e,FIRTH STERLING AVENUE SE AND STEVENS ROAD SE,FIRTH STERLING AVENUE SE,STEVENS ROAD SE,0.041498987174423074,cee85dd13bca6a2a843cc469696cb68e,True
64630599608,"FIRTH STERLING AVENUE SE & STEVENS ROAD SE
WASHINGTON,",WARD 8,major,2,6c95fa33d6ee4a696be8510b1f40a1d2,BARRY ROAD SE AND FIRTH STERLING AVENUE SE,BARRY ROAD SE,FIRTH STERLING AVENUE SE,37.03015907796983,cee85dd13bca6a2a843cc469696cb68e,False
64630599608,"FIRTH STERLING AVENUE SE & STEVENS ROAD SE
WASHINGTON,",WARD 8,major,3,a2172384096937e7a60b19fdf07d45b6,EATON ROAD SE AND FIRTH STERLING AVENUE SE,EATON ROAD SE,FIRTH STERLING AVENUE SE,102.59273238403377,cee85dd13bca6a2a843cc469696cb68e,False
64630599608,"FIRTH STERLING AVENUE SE & STEVENS ROAD SE
WASHINGTON,",WARD 8,major,4,b63d8cf3a5e1269f149d5492779b63e3,FIRTH STERLING AVENUE SE AND EATON ROAD SE,FIRTH STERLING AVENUE SE,EATON ROAD SE,116.36725141906842,cee85dd13bca6a2a843cc469696cb68e,False
64630599608,"FIRTH STERLING AVENUE SE & STEVENS ROAD SE
WASHINGTON,",WARD 8,major,5,43f828e95cf043a5aa2f48afea4696ad,STEVENS COURT SE AND STEVENS ROAD SE,STEVENS COURT SE,STEVENS ROAD SE,127.25605820847234,cee85dd13bca6a2a843cc469696cb68e,False
67603754982,840 CHESAPEAKE STREET SE,WARD 8,minor,1,1ffa80e73d219785dcdb2875b7cb4a9b,CHESAPEAKE STREET SE AND SOUTHERN AVENUE SE,CHESAPEAKE STREET SE,SOUTHERN AVENUE SE,52.67007726136008,1ffa80e73d219785dcdb2875b7cb4a9b,True
67603754982,840 CHESAPEAKE STREET SE,WARD 8,minor,2,251190802b3bdea064e863ea38591abb,SOUTHERN AVENUE SE AND H R DRIVE SE,SOUTHERN AVENUE SE,H R DRIVE SE,83.7217255844185,1ffa80e73d219785dcdb2875b7cb4a9b,False
67603754982,840 CHESAPEAKE STREET SE,WARD 8,minor,3,20c6cfc01295de45045cdd0e260ea110,MONTERIA COURT SE AND BELLEVUE CIRCLE SE,MONTERIA COURT SE,BELLEVUE CIRCLE SE,134.77262529844765,1ffa80e73d219785dcdb2875b7cb4a9b,False
67603754982,840 CHESAPEAKE STREET SE,WARD 8,minor,4,bdf8c2dd5f7655bd9e525fc8d7c55ca0,MARJORIE COURT SE AND BELLEVUE CIRCLE SE,MARJORIE COURT SE,BELLEVUE CIRCLE SE,147.13349467164767,1ffa80e73d219785dcdb2875b7cb4a9b,False
67603754982,840 CHESAPEAKE STREET SE,WARD 8,minor,5,66d988a8abceccaf8cac288a2fcf2469,BELLEVUE STREET SE AND BELLEVUE CIRCLE SE,BELLEVUE STREET SE,BELLEVUE CIRCLE SE,170.97262798668632,1ffa80e73d219785dcdb2875b7cb4a9b,False
65339945628,1925 BLADENSBURG ROAD NE,WARD 5,minor,1,06e2fc6c9cfe39f40ef42c606ea170df,BLADENSBURG ROAD NE AND NEW YORK AVENUE NE,BLADENSBURG ROAD NE,NEW YORK AVENUE NE,21.264125550091276,06e2fc6c9cfe39f40ef42c606ea170df,True
65339945628,1925 BLADENSBURG ROAD NE,WARD 5,minor,2,fd775a2b311d65edac1f05a4c0f481ad,QUEENS CHAPEL ROAD NE AND BLADENSBURG ROAD NE,QUEENS CHAPEL ROAD NE,BLADENSBURG ROAD NE,178.96244003993993,06e2fc6c9cfe39f40ef42c606ea170df,False
65339945628,1925 BLADENSBURG ROAD NE,WARD 5,minor,3,012cf6b92b6c5702814e3f4c17ef68df,24TH STREET NE AND T STREET NE,24TH STREET NE,T STREET NE,182.94279600310284,06e2fc6c9cfe39f40ef42c606ea170df,False
65339945628,1925 BLADENSBURG ROAD NE,WARD 5,minor,4,d2cab36fd33a77f76bd834e069cecf42,BLADENSBURG ROAD NE AND T STREET NE,BLADENSBURG ROAD NE,T STREET NE,184.59612668239956,06e2fc6c9cfe39f40ef42c606ea170df,False
65339945628,1925 BLADENSBURG ROAD NE,WARD 5,minor,5,85748d2970c50ef7319db14f93a1d9dd,BLADENSBURG ROAD NE AND 24TH PLACE NE,BLADENSBURG ROAD NE,24TH PLACE NE,288.34112363322913,06e2fc6c9cfe39f40ef42c606ea170df,False
64308663202,1216 28TH STREET NW,WARD 2,pdo,1,5a68fb8a108475f4b3a91b5dc5ac2d68,OLIVE STREET NW AND 28TH STREET NW,OLIVE STREET NW,28TH STREET NW,33.82471185263212,5a68fb8a108475f4b3a91b5dc5ac2d68,True
64308663202,1216 28TH STREET NW,WARD 2,pdo,2,27ae76721a3a0d792c9ac70367d5b231,M STREET NW AND 28TH STREET NW,M STREET NW,28TH STREET NW,61.30666978858447,5a68fb8a108475f4b3a91b5dc5ac2d68,False
64308663202,1216 28TH STREET NW,WARD 2,pdo,3,f00c0cd1d1acf908bd2f63b71518af88,PENNSYLVANIA AVENUE NW AND 28TH STREET NW,PENNSYLVANIA AVENUE NW,28TH STREET NW,93.597761515169,5a68fb8a108475f4b3a91b5dc5ac2d68,False
64308663202,1216 28TH STREET NW,WARD 2,pdo,4,b385a08891f2957801e7394787003c6e,OLIVE STREET NW AND 29TH STREET NW,OLIVE STREET NW,29TH STREET NW,99.46325671744171,5a68fb8a108475f4b3a91b5dc5ac2d68,False
64308663202,1216 28TH STREET NW,WARD 2,pdo,5,4160c6f3ff10cfd4469cd16f79a77f87,PENNSYLVANIA AVENUE NW AND M STREET NW,PENNSYLVANIA AVENUE NW,M STREET NW,110.9183347975818,5a68fb8a108475f4b3a91b5dc5ac2d68,False
62202827313,1963 CAPITOL AVENUE NE,WARD 5,minor,1,c2e802efd31b24b46e3b5126155baae6,FENWICK STREET NE AND WEST VIRGINIA AVENUE NE,FENWICK STREET NE,WEST VIRGINIA AVENUE NE,26.278098447260398,1ea09a6eb5ba533d400f6839e91ec23a,False
62202827313,1963 CAPITOL AVENUE NE,WARD 5,minor,2,1ea09a6eb5ba533d400f6839e91ec23a,FENWICK STREET NE AND CAPITOL AVENUE NE,FENWICK STREET NE,CAPITOL AVENUE NE,26.7312733129328,1ea09a6eb5ba533d400f6839e91ec23a,True
62202827313,1963 CAPITOL AVENUE NE,WARD 5,minor,3,271eda263cc8142df0b543b54f0c3cc4,CAPITOL AVENUE NE AND PROVIDENCE STREET NE,CAPITOL AVENUE NE,PROVIDENCE STREET NE,73.33251457266303,1ea09a6eb5ba533d400f6839e91ec23a,False
62202827313,1963 CAPITOL AVENUE NE,WARD 5,minor,4,48333d8d9ce4a24b850dccc3501ed410,GALLAUDET STREET NE AND FENWICK STREET NE,GALLAUDET STREET NE,FENWICK STREET NE,153.04744775172554,1ea09a6eb5ba533d400f6839e91ec23a,False
62202827313,1963 CAPITOL AVENUE NE,WARD 5,minor,5,9cfcbaac1c6b8b64b9efa1b4a24e5f38,WEST VIRGINIA AVENUE NE AND 15TH STREET NE,WEST VIRGINIA AVENUE NE,15TH STREET NE,162.42610437180562,1ea09a6eb5ba533d400f6839e91ec23a,False
68497263867,3311 NEBRASKA AVENUE NW,WARD 3,minor,1,d3148bb584caae71bdb94ff4f8244032,MACOMB STREET NW AND NEBRASKA AVENUE NW,MACOMB STREET NW,NEBRASKA AVENUE NW,64.39514914661466,d3148bb584caae71bdb94ff4f8244032,True
68497263867,3311 NEBRASKA AVENUE NW,WARD 3,minor,2,adc5f2179f863e75f07606b660d758fb,NEWARK STREET NW AND ROCKWOOD PARKWAY NW,NEWARK STREET NW,ROCKWOOD PARKWAY NW,94.53883877973814,d3148bb584caae71bdb94ff4f8244032,False
68497263867,3311 NEBRASKA AVENUE NW,WARD 3,minor,3,ffa7635e61dd50166d4fd2f0f3224375,MACOMB STREET NW AND 45TH STREET NW,MACOMB STREET NW,45TH STREET NW,125.0435515898522,d3148bb584caae71bdb94ff4f8244032,False
68497263867,3311 NEBRASKA AVENUE NW,WARD 3,minor,4,6967c70c229fa0bf0504c34d7ccb344b,FOXHALL ROAD NW AND NEBRASKA AVENUE NW,FOXHALL ROAD NW,NEBRASKA AVENUE NW,127.58719654584976,d3148bb584caae71bdb94ff4f8244032,False
68497263867,3311 NEBRASKA AVENUE NW,WARD 3,minor,5,54d6550bc6f0296445901cf45a48019a,45TH STREET NW AND NEWARK STREET NW,45TH STREET NW,NEWARK STREET NW,132.01008606893836,d3148bb584caae71bdb94ff4f8244032,False
58455625107,600 M STREET NW,WARD 2,pdo,1,7d944cc9b76329737b3f2a0d1a0d8b67,M STREET NW AND 6TH STREET NW,M STREET NW,6TH STREET NW,17.81641409573979,7d944cc9b76329737b3f2a0d1a0d8b67,True
58455625107,600 M STREET NW,WARD 2,pdo,2,e67768d809857376f8c6b7e670dcef5b,M STREET NW AND 5TH STREET NW,M STREET NW,5TH STREET NW,101.68750917979067,7d944cc9b76329737b3f2a0d1a0d8b67,False
58455625107,600 M STREET NW,WARD 2,pdo,3,95d0de0b7d911b9e9da2b7288f9eaf4b,MCCOLLOUGH COURT NW AND M STREET NW,MCCOLLOUGH COURT NW,M STREET NW,114.54616052999646,7d944cc9b76329737b3f2a0d1a0d8b67,False
58455625107,600 M STREET NW,WARD 2,pdo,4,002a63df7946db632a6be450338064c7,5TH STREET NW AND CROWDY COURT NW,5TH STREET NW,CROWDY COURT NW,130.08457596364156,7d944cc9b76329737b3f2a0d1a0d8b67,False
58455625107,600 M STREET NW,WARD 2,pdo,5,458d324068bd4ee3ef34bfb56245e306,5TH STREET NW AND RIDGE STREET NW,5TH STREET NW,RIDGE STREET NW,135.1809231398441,7d944cc9b76329737b3f2a0d1a0d8b67,False
69725695616,25 PEABODY STREET NW,WARD 4,pdo,1,8c8d1d90f0179ea39f80e265b1d9bfe4,PEABODY STREET NW AND BLAIR ROAD NW,PEABODY STREET NW,BLAIR ROAD NW,20.56573209395232,e31bb5b3aa23ca37aa8d777c29de2f93,False
69725695616,25 PEABODY STREET NW,WARD 4,pdo,2,9216d166969fc03084ca188e06bc2194,PEABODY STREET NW AND NORTH DAKOTA AVENUE NW,PEABODY STREET NW,NORTH DAKOTA AVENUE NW,42.292516432527755,e31bb5b3aa23ca37aa8d777c29de2f93,False
69725695616,25 PEABODY STREET NW,WARD 4,pdo,3,e31bb5b3aa23ca37aa8d777c29de2f93,KANSAS AVENUE NW AND PEABODY STREET NW,KANSAS AVENUE NW,PEABODY STREET NW,46.37246196077719,e31bb5b3aa23ca37aa8d777c29de2f93,True
69725695616,25 PEABODY STREET NW,WARD 4,pdo,4,ab42295ffdb452d830ff388388f2b1d2,BLAIR ROAD NW AND NORTH DAKOTA AVENUE NW,BLAIR ROAD NW,NORTH DAKOTA AVENUE NW,61.775654742198945,e31bb5b3aa23ca37aa8d777c29de2f93,False
69725695616,25 PEABODY STREET NW,WARD 4,pdo,5,94eedad1b250dc09aaa88ca852ecffa5,QUACKENBOS STREET NW AND BLAIR ROAD NW,QUACKENBOS STREET NW,BLAIR ROAD NW,114.57144820803741,e31bb5b3aa23ca37aa8d777c29de2f93,False
66909966033,2817 NORTH CAPITOL STREET NE,WARD 5,fatal,1,ad9fe99047ed2f7d8674d48c5866b586,NORTH CAPITOL STREET AND GIRARD STREET NE,NORTH CAPITOL STREET,GIRARD STREET NE,25.083971175664693,ad9fe99047ed2f7d8674d48c5866b586,True
66909966033,2817 NORTH CAPITOL STREET NE,WARD 5,fatal,2,64857604ab14a8e56daf8610fc9cc4c4,NORTH CAPITOL STREET NW AND UPPER SERVICE COURT NW,NORTH CAPITOL STREET NW,UPPER SERVICE COURT NW,55.83943516614013,ad9fe99047ed2f7d8674d48c5866b586,False
66909966033,2817 NORTH CAPITOL STREET NE,WARD 5,fatal,3,1da9269c5b42a420e9f2d680f92247e2,NORTH CAPITOL STREET AND FRANKLIN STREET NE,NORTH CAPITOL STREET,FRANKLIN STREET NE,85.0857865483329,ad9fe99047ed2f7d8674d48c5866b586,False
66909966033,2817 NORTH CAPITOL STREET NE,WARD 5,fatal,4,0c2b03cfe03960c431ed6e6990a48f86,MICHIGAN AVENUE NE AND MICHIGAN AVENUE NW,MICHIGAN AVENUE NE,MICHIGAN AVENUE NW,92.79133541683821,ad9fe99047ed2f7d8674d48c5866b586,False
66909966033,2817 NORTH CAPITOL STREET NE,WARD 5,fatal,5,816d283ccb3ed3a63194cababdfcfd09,MICHIGAN AVENUE NE AND GENTAIN COURT NE,MICHIGAN AVENUE NE,GENTAIN COURT NE,122.4581375988082,ad9fe99047ed2f7d8674d48c5866b586,False
64404741838,4400 NEW HAMPSHIRE AVENUE NW,WARD 4,pdo,1,fe19d6ef8495d66b3518a1ae7a4bd225,NEW HAMPSHIRE AVENUE NW AND WEBSTER STREET NW,NEW HAMPSHIRE AVENUE NW,WEBSTER STREET NW,38.63349377699672,fe19d6ef8495d66b3518a1ae7a4bd225,True
64404741838,4400 NEW HAMPSHIRE AVENUE NW,WARD 4,pdo,2,ac734e79917bb7bb56575ed90a261081,WEBSTER STREET NW AND 5TH STREET NW,WEBSTER STREET NW,5TH STREET NW,46.63952802650473,fe19d6ef8495d66b3518a1ae7a4bd225,False
64404741838,4400 NEW HAMPSHIRE AVENUE NW,WARD 4,pdo,3,cd0deb0e0b364bbb65e0b3ac01153327,GRANT CIRCLE NW AND NEW HAMPSHIRE AVENUE NW,GRANT CIRCLE NW,NEW HAMPSHIRE AVENUE NW,86.99586485798851,fe19d6ef8495d66b3518a1ae7a4bd225,False
64404741838,4400 NEW HAMPSHIRE AVENUE NW,WARD 4,pdo,4,eb04d0bd87aadf868d39d04d6f4d63d0,GRANT CIRCLE NW AND 5TH STREET NW,GRANT CIRCLE NW,5TH STREET NW,87.93639839921077,fe19d6ef8495d66b3518a1ae7a4bd225,False
64404741838,4400 NEW HAMPSHIRE AVENUE NW,WARD 4,pdo,5,638f9c199d1248138e13eefb6321f1a6,WEBSTER STREET NW AND ILLINOIS AVENUE NW,WEBSTER STREET NW,ILLINOIS AVENUE NW,96.35810962612966,fe19d6ef8495d66b3518a1ae7a4bd225,False
70267766737,306 N STREET NE,WARD 6,minor,1,223024723c6ab2645d8f5a31dde367c5,N STREET NE AND 3RD STREET NE,N STREET NE,3RD STREET NE,45.53720126373128,c020a4c96b19fd3c55741d3d71ad8142,False
70267766737,306 N STREET NE,WARD 6,minor,2,c020a4c96b19fd3c55741d3d71ad8142,N STREET NE AND FLORIDA AVENUE NE,N STREET NE,FLORIDA AVENUE NE,61.77119394535437,c020a4c96b19fd3c55741d3d71ad8142,True
70267766737,306 N STREET NE,WARD 6,minor,3,d5d7c855aeaa420429658f311f3d349f,3RD STREET NE AND FLORIDA AVENUE NE,3RD STREET NE,FLORIDA AVENUE NE,76.46439710284818,c020a4c96b19fd3c55741d3d71ad8142,False
70267766737,306 N STREET NE,WARD 6,minor,4,0d5e5000fedd3f13f32785b72619a20f,4TH STREET NE AND FLORIDA AVENUE NE,4TH STREET NE,FLORIDA AVENUE NE,88.87832159775779,c020a4c96b19fd3c55741d3d71ad8142,False
70267766737,306 N STREET NE,WARD 6,minor,5,1c726146cc8c54a1ac939c20a968dd92,MORSE STREET NE AND UNION STREET NE,MORSE STREET NE,UNION STREET NE,128.13129980286644,c020a4c96b19fd3c55741d3d71ad8142,False
59509008143,1728 MINNESOTA AVENUE SE,WARD 8,minor,1,255678d1143f46ffce75b35af0d462a4,18TH STREET SE AND MINNESOTA AVENUE SE,18TH STREET SE,MINNESOTA AVENUE SE,48.395223822483885,255678d1143f46ffce75b35af0d462a4,True
59509008143,1728 MINNESOTA AVENUE SE,WARD 8,minor,2,98704864e0fb89eb1e2f8a39445189e2,R STREET SE AND 17TH PLACE SE,R STREET SE,17TH PLACE SE,49.37319232332095,255678d1143f46ffce75b35af0d462a4,False
59509008143,1728 MINNESOTA AVENUE SE,WARD 8,minor,3,43612eae2b26d70fd4f0fb6e5dff139f,R STREET SE AND 18TH STREET SE,R STREET SE,18TH STREET SE,57.254408518579126,255678d1143f46ffce75b35af0d462a4,False
59509008143,1728 MINNESOTA AVENUE SE,WARD 8,minor,4,c9a61492cd5750b78ff8c3007aa8b5d0,MINNESOTA AVENUE SE AND R STREET SE,MINNESOTA AVENUE SE,R STREET SE,76.09720238238029,255678d1143f46ffce75b35af0d462a4,False
59509008143,1728 MINNESOTA AVENUE SE,WARD 8,minor,5,a779ef6b110966ca5095da5d558bb1cf,18TH STREET SE AND S STREET SE,18TH STREET SE,S STREET SE,105.62265835798449,255678d1143f46ffce75b35af0d462a4,False
54522746996,500 3RD STREET NW,WARD 6,minor,1,345ad465e44f960323dfcc4ec1751846,E STREET NW AND 3RD STREET NW,E STREET NW,3RD STREET NW,22.1695959639228,465eb0480579f45570e75a81203713a3,False
54522746996,500 3RD STREET NW,WARD 6,minor,2,465eb0480579f45570e75a81203713a3,4TH STREET NW AND E STREET NW,4TH STREET NW,E STREET NW,63.87727356151528,465eb0480579f45570e75a81203713a3,True
54522746996,500 3RD STREET NW,WARD 6,minor,3,50ec83396a03bf9577d8993b42627275,F STREET NW AND 3RD STREET NW,F STREET NW,3RD STREET NW,136.81706176156325,465eb0480579f45570e75a81203713a3,False
54522746996,500 3RD STREET NW,WARD 6,minor,4,86c13e1aeb79d6cb287329c3f3b995ed,INTERSTATE 395 NORTHBOUND AND RAMP TO 2ND STREET NW NORTHBOUND,INTERSTATE 395,2ND STREET NW,141.98761527243178,465eb0480579f45570e75a81203713a3,False
54522746996,500 3RD STREET NW,WARD 6,minor,5,501658560b1c49d8dd58bd3fe5eeef2d,4TH STREET NW AND F STREET NW,4TH STREET NW,F STREET NW,149.38250497900603,465eb0480579f45570e75a81203713a3,False
68348504958,1215 44TH STREET NE,WARD 7,minor,1,c6f507c0aff08a42bbd0accfc8e2fe13,44TH STREET NE AND MARNE PLACE NE,44TH STREET NE,MARNE PLACE NE,22.690640582889444,c6f507c0aff08a42bbd0accfc8e2fe13,True
68348504958,1215 44TH STREET NE,WARD 7,minor,2,069b040b4824078e0d1fd6fd0bd77fd3,MEADE STREET NE AND 44TH STREET NE,MEADE STREET NE,44TH STREET NE,61.600785074778514,c6f507c0aff08a42bbd0accfc8e2fe13,False
68348504958,1215 44TH STREET NE,WARD 7,minor,3,0ad8674e55ce28784e8b98aebf4c8ede,KENILWORTH AVENUE NE AND KENILWORTH AVENUE NE,KENILWORTH AVENUE NE,KENILWORTH AVENUE NE,88.33656979540066,c6f507c0aff08a42bbd0accfc8e2fe13,False
68348504958,1215 44TH STREET NE,WARD 7,minor,4,872b04191f586270af2fb11d75d51211,KENILWORTH AVENUE NE AND KENILWORTH AVENUE NE,KENILWORTH AVENUE NE,KENILWORTH AVENUE NE,91.62474308255382,c6f507c0aff08a42bbd0accfc8e2fe13,False
68348504958,1215 44TH STREET NE,WARD 7,minor,5,7ca718e96d2713b923359f94e86059e9,KENILWORTH AVENUE NE NORTHBOUND AND RAMP TO KENILWORTH AVENUE NE NORTHBOUND (1200 - 1300 BLOCK),KENILWORTH AVENUE NE,NASH STREET NE,97.90925878257704,c6f507c0aff08a42bbd0accfc8e2fe13,False
65740897352,2300 6TH STREET NW,WARD 1,major,1,1f7ccaf0af40b6c69c5d3c5ca2a1d567,6TH STREET NW AND HOWARD PLACE NW,6TH STREET NW,HOWARD PLACE NW,82.80473803606866,860113aaa6977bd396d416de7e582aa8,False
65740897352,2300 6TH STREET NW,WARD 1,major,2,bf0be029b41ab72b68b1a0497044f1a6,GEORGIA AVENUE NW AND HOWARD PLACE NW,GEORGIA AVENUE NW,HOWARD PLACE NW,88.65030052748057,860113aaa6977bd396d416de7e582aa8,False
65740897352,2300 6TH STREET NW,WARD 1,major,3,860113aaa6977bd396d416de7e582aa8,6TH STREET NW AND COLLEGE STREET NW,6TH STREET NW,COLLEGE STREET NW,93.41006725523899,860113aaa6977bd396d416de7e582aa8,True
65740897352,2300 6TH STREET NW,WARD 1,major,4,b49bdd0ac57dca0376007f1e4dd132c7,GEORGIA AVENUE NW AND BARRY PLACE NW,GEORGIA AVENUE NW,BARRY PLACE NW,101.93153228780584,860113aaa6977bd396d416de7e582aa8,False
65740897352,2300 6TH STREET NW,WARD 1,major,5,0366cfafa05d6d8b107e8d5b96c100ab,8TH STREET NW AND BARRY PLACE NW,8TH STREET NW,BARRY PLACE NW,169.91525963118204,860113aaa6977bd396d416de7e582aa8,False
63960896670,2001 14TH STREET NW,WARD 1,minor,1,1c17f0b62ba1344e3cc10c41da9f6285,14TH STREET NW AND U STREET NW,14TH STREET NW,U STREET NW,19.61687934134193,1c17f0b62ba1344e3cc10c41da9f6285,True
63960896670,2001 14TH STREET NW,WARD 1,minor,2,88e20e8b6c7d94b18b5d86ed1f07c1fe,WALLACH PLACE NW AND 14TH STREET NW,WALLACH PLACE NW,14TH STREET NW,81.35540098936637,1c17f0b62ba1344e3cc10c41da9f6285,False
63960896670,2001 14TH STREET NW,WARD 1,minor,3,d4c09a9144ee36c213a13b19bae1f9ac,PALOMA WAY NW AND TRETO WAY NW,PALOMA WAY NW,TRETO WAY NW,114.47237409809266,1c17f0b62ba1344e3cc10c41da9f6285,False
63960896670,2001 14TH STREET NW,WARD 1,minor,4,440cd5c413c6a3f6c6cc586c60883a32,V STREET NW AND 14TH STREET NW,V STREET NW,14TH STREET NW,125.36845724643123,1c17f0b62ba1344e3cc10c41da9f6285,False
63960896670,2001 14TH STREET NW,WARD 1,minor,5,14cf3575c2f86e27f05fd81d182ffeeb,HISTORIC WAVERLY ALLEY NW AND U STREET NW,HISTORIC WAVERLY ALLEY NW,U STREET NW,131.27516559290981,1c17f0b62ba1344e3cc10c41da9f6285,False
58349979582,3505 AMES STREET NE,WARD 7,minor,1,e55584537f5317d4f40f2791b50d25aa,AMES STREET NE AND 35TH STREET NE,AMES STREET NE,35TH STREET NE,50.598003628469016,e55584537f5317d4f40f2791b50d25aa,True
58349979582,3505 AMES STREET NE,WARD 7,minor,2,34ce0b87099193479617d65ea1603564,AMES STREET NE AND 36TH STREET NE,AMES STREET NE,36TH STREET NE,102.45525610977245,e55584537f5317d4f40f2791b50d25aa,False
58349979582,3505 AMES STREET NE,WARD 7,minor,3,0e9a5268b471d44d63ee43268e3a14d2,35TH STREET SE AND 35TH STREET NE,35TH STREET SE,35TH STREET NE,114.35330812499058,e55584537f5317d4f40f2791b50d25aa,False
58349979582,3505 AMES STREET NE,WARD 7,minor,4,3bb6903580c343ef73d51af636055a85,EAST CAPITOL STREET NE WESTBOUND AND RAMP FROM MINNESOTA AVENUE NE NORTHBOUND,EAST CAPITOL STREET,EAST CAPITOL STREET NE,141.48120258365026,e55584537f5317d4f40f2791b50d25aa,False
58349979582,3505 AMES STREET NE,WARD 7,minor,5,08f226145d4af4a0df31fd9796992cbe,RIDGE ROAD SE AND MINNESOTA AVENUE SE,RIDGE ROAD SE,MINNESOTA AVENUE SE,159.71065458468235,e55584537f5317d4f40f2791b50d25aa,False
63151831216,640 SOUTHERN AVENUE SE,WARD 8,pdo,1,0393399618d56d11948f536906242943,SOUTHERN AVENUE SE AND EAST MEADOWS COURT SE,SOUTHERN AVENUE SE,EAST MEADOWS COURT SE,52.639736216398795,0393399618d56d11948f536906242943,True
63151831216,640 SOUTHERN AVENUE SE,WARD 8,pdo,2,fcf150e3545864dcd5ba8600d658ba97,BONINI ROAD SE AND OWENS ROAD SE,BONINI ROAD SE,OWENS ROAD SE,62.70322007728862,0393399618d56d11948f536906242943,False
63151831216,640 SOUTHERN AVENUE SE,WARD 8,pdo,3,86d9a0dcbc0ecc2ea31ea6554888923d,ELMIRA STREET SE AND BONINI ROAD SE,ELMIRA STREET SE,BONINI ROAD SE,85.1526564405715,0393399618d56d11948f536906242943,False
63151831216,640 SOUTHERN AVENUE SE,WARD 8,pdo,4,824188a3fe0c9a167b8b8b08616e0f33,FORRESTER STREET SE AND BARNABY ROAD SE,FORRESTER STREET SE,BARNABY ROAD SE,92.03819937621392,0393399618d56d11948f536906242943,False
63151831216,640 SOUTHERN AVENUE SE,WARD 8,pdo,5,0d399e6157cc2d00473c34d0694c3823,BARNABY ROAD SE AND DARRINGTON STREET SE,BARNABY ROAD SE,DARRINGTON STREET SE,125.51728154066205,0393399618d56d11948f536906242943,False
64451882297,803 6TH STREET NW,WARD 6,minor,1,bd08e4a17093ab0aeeaddaf81163916b,H STREET NW AND 6TH STREET NW,H STREET NW,6TH STREET NW,43.60666319325343,bd08e4a17093ab0aeeaddaf81163916b,True
64451882297,803 6TH STREET NW,WARD 6,minor,2,46bf700526b2ad0bb17146ddd3bb5cac,5TH STREET NW AND H STREET NW,5TH STREET NW,H STREET NW,77.70029433912605,bd08e4a17093ab0aeeaddaf81163916b,False
64451882297,803 6TH STREET NW,WARD 6,minor,3,d09f923a0041880fea1e91821f79f5b1,I STREET NW AND 6TH STREET NW,I STREET NW,6TH STREET NW,79.78957564965397,bd08e4a17093ab0aeeaddaf81163916b,False
64451882297,803 6TH STREET NW,WARD 6,minor,4,3a4b2a7019cd6ae0d2e0484c38b7de93,I STREET NW AND 5TH STREET NW,I STREET NW,5TH STREET NW,102.2243894215318,bd08e4a17093ab0aeeaddaf81163916b,False
64451882297,803 6TH STREET NW,WARD 6,minor,5,2256dbd805c029c1b0ecead823b965ce,5TH STREET NW AND MASSACHUSETTS AVENUE NW,5TH STREET NW,MASSACHUSETTS AVENUE NW,125.68869753313398,bd08e4a17093ab0aeeaddaf81163916b,False
64862654699,718 14TH STREET NW,WARD 2,minor,1,7dd9d86bc7747c3efeba6b3a75bf00fb,14TH STREET NW AND NEW YORK AVENUE NW,14TH STREET NW,NEW YORK AVENUE NW,42.10590175599277,7dd9d86bc7747c3efeba6b3a75bf00fb,True
64862654699,718 14TH STREET NW,WARD 2,minor,2,73cc48060de19dced90b9b1055863420,G STREET NW AND 14TH STREET NW,G STREET NW,14TH STREET NW,77.54924019801649,7dd9d86bc7747c3efeba6b3a75bf00fb,False
64862654699,718 14TH STREET NW,WARD 2,minor,3,05be984db67ef3afd873746e2ad3c76a,H STREET NW AND 14TH STREET NW,H STREET NW,14TH STREET NW,132.3788794083524,7dd9d86bc7747c3efeba6b3a75bf00fb,False
64862654699,718 14TH STREET NW,WARD 2,minor,4,c3f9b2301018eae5c38b9708f25c8d37,NEW YORK AVENUE NW AND PENNSYLVANIA AVENUE NW,NEW YORK AVENUE NW,PENNSYLVANIA AVENUE NW,148.5781244181793,7dd9d86bc7747c3efeba6b3a75bf00fb,False
64862654699,718 14TH STREET NW,WARD 2,minor,5,c4a3b08a664293daf74f64c87c69ba49,G STREET NW AND 15TH STREET NW,G STREET NW,15TH STREET NW,165.86035007985507,7dd9d86bc7747c3efeba6b3a75bf00fb,False
60027385128,4318 14TH STREET NW,WARD 4,minor,1,beeb0b0aa4a799b34850851e905dede4,ARKANSAS AVENUE NW AND 14TH STREET NW,ARKANSAS AVENUE NW,14TH STREET NW,53.14601110629699,beeb0b0aa4a799b34850851e905dede4,True
60027385128,4318 14TH STREET NW,WARD 4,minor,2,5ed0743c796c45344d308f49481b998e,WEBSTER STREET NW AND 14TH STREET NW,WEBSTER STREET NW,14TH STREET NW,63.26607277280667,beeb0b0aa4a799b34850851e905dede4,False
60027385128,4318 14TH STREET NW,WARD 4,minor,3,bbc59890b97a342859e38ddda113be33,VARNUM STREET NW AND ARKANSAS AVENUE NW,VARNUM STREET NW,ARKANSAS AVENUE NW,72.70095081364022,beeb0b0aa4a799b34850851e905dede4,False
60027385128,4318 14TH STREET NW,WARD 4,minor,4,746813a2b8877c40b3365b722adcd537,VARNUM STREET NW AND 14TH STREET NW,VARNUM STREET NW,14TH STREET NW,82.68126800978479,beeb0b0aa4a799b34850851e905dede4,False
60027385128,4318 14TH STREET NW,WARD 4,minor,5,5d7e911310e04631a9f62edcc68fce1e,ARKANSAS AVENUE NW AND WEBSTER STREET NW,ARKANSAS AVENUE NW,WEBSTER STREET NW,103.92031140744736,beeb0b0aa4a799b34850851e905dede4,False
66249064616,812 JEFFERSON STREET NW,WARD 4,pdo,1,9be6c35893016a1f621eb9159f41ae35,JEFFERSON STREET NW AND 9TH STREET NW,JEFFERSON STREET NW,9TH STREET NW,71.66826710135504,2f80be18986d5cdacfad40e71e4bd55d,False
66249064616,812 JEFFERSON STREET NW,WARD 4,pdo,2,2f80be18986d5cdacfad40e71e4bd55d,JEFFERSON STREET NW AND 8TH STREET NW,JEFFERSON STREET NW,8TH STREET NW,95.71709642211248,2f80be18986d5cdacfad40e71e4bd55d,True
66249064616,812 JEFFERSON STREET NW,WARD 4,pdo,3,b4d58a6ee4fece185842174525d3e91b,INGRAHAM STREET NW AND 9TH STREET NW,INGRAHAM STREET NW,9TH STREET NW,101.4971845813845,2f80be18986d5cdacfad40e71e4bd55d,False
66249064616,812 JEFFERSON STREET NW,WARD 4,pdo,4,013d4fdbd6fb5997012c9d8e54f2bb2f,8TH STREET NW AND INGRAHAM STREET NW,8TH STREET NW,INGRAHAM STREET NW,119.70886532185203,2f80be18986d5cdacfad40e71e4bd55d,False
66249064616,812 JEFFERSON STREET NW,WARD 4,pdo,5,7c56ffb0b9cccc2950222294a4ee9ac7,INGRAHAM STREET NW AND ILLINOIS AVENUE NW,INGRAHAM STREET NW,ILLINOIS AVENUE NW,130.20798391143097,2f80be18986d5cdacfad40e71e4bd55d,False
63299206209,"CONNECTICUT AVENUE NW
WASHINGTON,",WARD 2,minor,1,d2b75576a4ed5a284de0fedc3d0e8eec,CONNECTICUT AVENUE NW AND 17TH STREET NW,CONNECTICUT AVENUE NW,17TH STREET NW,26.56874471171049,d2b75576a4ed5a284de0fedc3d0e8eec,True
63299206209,"CONNECTICUT AVENUE NW
WASHINGTON,",WARD 2,minor,2,85d9930e0539052b4001513959511122,K STREET NW AND 17TH STREET NW,K STREET NW,17TH STREET NW,59.634301941021825,d2b75576a4ed5a284de0fedc3d0e8eec,False
63299206209,"CONNECTICUT AVENUE NW
WASHINGTON,",WARD 2,minor,3,a7366cf0e29d734c4a5e5412ddef0373,17TH STREET NW AND L STREET NW,17TH STREET NW,L STREET NW,135.27706710211305,d2b75576a4ed5a284de0fedc3d0e8eec,False
63299206209,"CONNECTICUT AVENUE NW
WASHINGTON,",WARD 2,minor,4,3464fc96825e5d47fe8c4eaa058ccc3f,L STREET NW AND CONNECTICUT AVENUE NW,L STREET NW,CONNECTICUT AVENUE NW,141.55993474746376,d2b75576a4ed5a284de0fedc3d0e8eec,False
63299206209,"CONNECTICUT AVENUE NW
WASHINGTON,",WARD 2,minor,5,c92445aa1ee6ecd6ed173f387c12b949,I STREET NW AND 17TH STREET NW,I STREET NW,17TH STREET NW,146.81312201399663,d2b75576a4ed5a284de0fedc3d0e8eec,False
63206281097,"BLADENSBURG ROAD NE
WASHINGTON,",WARD 5,minor,1,04eab17816b0ebe7fe88f4688908ed7c,H STREET NE AND MARYLAND AVENUE NE,H STREET NE,MARYLAND AVENUE NE,3.658928193582905,04eab17816b0ebe7fe88f4688908ed7c,True
63206281097,"BLADENSBURG ROAD NE
WASHINGTON,",WARD 5,minor,2,cf268e50bac3582a4569156f96c2e01c,FLORIDA AVENUE NE AND H STREET NE,FLORIDA AVENUE NE,H STREET NE,58.471438427014355,04eab17816b0ebe7fe88f4688908ed7c,False
63206281097,"BLADENSBURG ROAD NE
WASHINGTON,",WARD 5,minor,3,12d50bd8defebc2bac254c70ea392c34,MORSE STREET NE AND MARYLAND AVENUE NE,MORSE STREET NE,MARYLAND AVENUE NE,90.48823410759695,04eab17816b0ebe7fe88f4688908ed7c,False
63206281097,"BLADENSBURG ROAD NE
WASHINGTON,",WARD 5,minor,4,12d50bd8defebc2bac254c70ea392c34,BLADENSBURG ROAD NE AND MORSE STREET NE,BLADENSBURG ROAD NE,MORSE STREET NE,90.48823414595161,04eab17816b0ebe7fe88f4688908ed7c,False
63206281097,"BLADENSBURG ROAD NE
WASHINGTON,",WARD 5,minor,5,37aa20d3a63ec5c0d75fc67a2a7c3d3e,G STREET NE AND GALES STREET NE,G STREET NE,GALES STREET NE,138.1527716972155,04eab17816b0ebe7fe88f4688908ed7c,False
56905532849,3700 JENIFER STREET NW,WARD 3,pdo,1,2c8aca140caac05fdb28f33cf4fb0e24,JENIFER STREET NW AND CHEVY CHASE PARKWAY NW,JENIFER STREET NW,CHEVY CHASE PARKWAY NW,25.347560748141134,2c8aca140caac05fdb28f33cf4fb0e24,True
56905532849,3700 JENIFER STREET NW,WARD 3,pdo,2,0cacc112899ffe72efa7134257f763d3,CHEVY CHASE PARKWAY NW AND INGOMAR PLACE NW,CHEVY CHASE PARKWAY NW,INGOMAR PLACE NW,48.534431161323525,2c8aca140caac05fdb28f33cf4fb0e24,False
56905532849,3700 JENIFER STREET NW,WARD 3,pdo,3,17acb9e251235a2b6550392d294fd366,CHEVY CHASE PARKWAY NW AND JOCELYN STREET NW,CHEVY CHASE PARKWAY NW,JOCELYN STREET NW,98.43298603109037,2c8aca140caac05fdb28f33cf4fb0e24,False
56905532849,3700 JENIFER STREET NW,WARD 3,pdo,4,dc3e85cfc45fbf5d9da8ff859af8eb4c,NEBRASKA AVENUE NW AND INGOMAR PLACE NW,NEBRASKA AVENUE NW,INGOMAR PLACE NW,146.0634039291555,2c8aca140caac05fdb28f33cf4fb0e24,False
56905532849,3700 JENIFER STREET NW,WARD 3,pdo,5,3e2521b1a3a85ef8dcee2e3ba23c3d8b,INGOMAR STREET NW AND CONNECTICUT AVENUE NW,INGOMAR STREET NW,CONNECTICUT AVENUE NW,157.74253659861344,2c8aca140caac05fdb28f33cf4fb0e24,False
55722407679,3830 MINNESOTA AVENUE NE,WARD 7,major,1,ec01c712c793d2d04ed5aed9d66a818e,MINNESOTA AVENUE NE AND CLAY PLACE NE,MINNESOTA AVENUE NE,CLAY PLACE NE,36.07505081497307,8d246f319933fcbc05fa14e6be83d00a,False
55722407679,3830 MINNESOTA AVENUE NE,WARD 7,major,2,779e6eed0966ee665757da232f3645bc,MINNESOTA AVENUE NE AND CLAY PLACE NE,MINNESOTA AVENUE NE,CLAY PLACE NE,59.971329850042004,8d246f319933fcbc05fa14e6be83d00a,False
55722407679,3830 MINNESOTA AVENUE NE,WARD 7,major,3,e65cecf30a2e03b26711d90716ea43ce,BLAINE STREET NE AND MINNESOTA AVENUE NE,BLAINE STREET NE,MINNESOTA AVENUE NE,64.43693170133932,8d246f319933fcbc05fa14e6be83d00a,False
55722407679,3830 MINNESOTA AVENUE NE,WARD 7,major,4,24c043a4895fa18e22b6c7934a63dd46,CLAY PLACE NE AND 36TH STREET NE,CLAY PLACE NE,36TH STREET NE,77.35207044738047,8d246f319933fcbc05fa14e6be83d00a,False
55722407679,3830 MINNESOTA AVENUE NE,WARD 7,major,5,a37365bd08410935e220636d1ac6f00d,ANACOSTIA ROAD NE AND MINNESOTA AVENUE NE,ANACOSTIA ROAD NE,MINNESOTA AVENUE NE,102.60876618344281,8d246f319933fcbc05fa14e6be83d00a,False
69713135811,"NEW YORK AVENUE NE
WASHINGTON,",WARD 5,minor,1,f58d995ee2327b19c0ff94910468b1cd,NEW YORK AVENUE NE AND FLORIDA AVENUE NE,NEW YORK AVENUE NE,FLORIDA AVENUE NE,58.42482989713318,f58d995ee2327b19c0ff94910468b1cd,True
69713135811,"NEW YORK AVENUE NE
WASHINGTON,",WARD 5,minor,2,fb2ba4911387fac685c89c4a14de8836,1ST STREET NE AND FLORIDA AVENUE NE,1ST STREET NE,FLORIDA AVENUE NE,59.5139850254043,f58d995ee2327b19c0ff94910468b1cd,False
69713135811,"NEW YORK AVENUE NE
WASHINGTON,",WARD 5,minor,3,fb2ba4911387fac685c89c4a14de8836,ECKINGTON PLACE NE AND FLORIDA AVENUE NE,ECKINGTON PLACE NE,FLORIDA AVENUE NE,59.51398552570001,f58d995ee2327b19c0ff94910468b1cd,False
69713135811,"NEW YORK AVENUE NE
WASHINGTON,",WARD 5,minor,4,5550184a53d9dd124c0f9b81fea894c1,1ST STREET NE AND NEW YORK AVENUE NE,1ST STREET NE,NEW YORK AVENUE NE,64.04421626082625,f58d995ee2327b19c0ff94910468b1cd,False
69713135811,"NEW YORK AVENUE NE
WASHINGTON,",WARD 5,minor,5,f054bab3b52619c78f8b86cf51d6ee5e,2ND STREET NE AND FLORIDA AVENUE NE,2ND STREET NE,FLORIDA AVENUE NE,161.5219089429372,f58d995ee2327b19c0ff94910468b1cd,False
59349081651,1408 9TH STREET NW,WARD 2,pdo,1,94b07a1d2d02d13155bb9db52a9deac5,9TH STREET NW AND O STREET NW,9TH STREET NW,O STREET NW,42.45781237795956,94b07a1d2d02d13155bb9db52a9deac5,True
59349081651,1408 9TH STREET NW,WARD 2,pdo,2,a9467f7fb9e64019e913b8a067fef505,NAYLOR COURT NW AND O STREET NW,NAYLOR COURT NW,O STREET NW,54.95940685159393,94b07a1d2d02d13155bb9db52a9deac5,False
59349081651,1408 9TH STREET NW,WARD 2,pdo,3,26a011133ca0da333a8bbdda24e8e293,9TH STREET NW AND P STREET NW,9TH STREET NW,P STREET NW,81.29174838234701,94b07a1d2d02d13155bb9db52a9deac5,False
59349081651,1408 9TH STREET NW,WARD 2,pdo,4,13b1a5ba74630f744dbc4f15f25e44a8,COLUMBIA STREET NW AND O STREET NW,COLUMBIA STREET NW,O STREET NW,81.88445131561126,94b07a1d2d02d13155bb9db52a9deac5,False
59349081651,1408 9TH STREET NW,WARD 2,pdo,5,c8821842ae8693af05d8d56af24bf12a,COLUMBIA STREET NW AND P STREET NW,COLUMBIA STREET NW,P STREET NW,107.25929876706313,94b07a1d2d02d13155bb9db52a9deac5,False
65241265743,1766 FLORIDA AVENUE NW,WARD 1,minor,1,ec73d4c56a267420c4bb39b872486334,SEATON STREET NW AND FLORIDA AVENUE NW,SEATON STREET NW,FLORIDA AVENUE NW,12.664504983169543,ec73d4c56a267420c4bb39b872486334,True
65241265743,1766 FLORIDA AVENUE NW,WARD 1,minor,2,b2528b8fcb8518987f73db04fc26f912,CALIFORNIA STREET NW AND FLORIDA AVENUE NW,CALIFORNIA STREET NW,FLORIDA AVENUE NW,23.113342557609506,ec73d4c56a267420c4bb39b872486334,False
65241265743,1766 FLORIDA AVENUE NW,WARD 1,minor,3,42f217308bb896493f0b3dc8cbd3201c,FLORIDA AVENUE NW AND OLD MORGAN SCHOOL PLACE NW,FLORIDA AVENUE NW,OLD MORGAN SCHOOL PLACE NW,58.75852704959584,ec73d4c56a267420c4bb39b872486334,False
65241265743,1766 FLORIDA AVENUE NW,WARD 1,minor,4,a5e2c0fec31d78191d8cc11b626c9e33,U STREET NW AND FLORIDA AVENUE NW,U STREET NW,FLORIDA AVENUE NW,93.68096429385294,ec73d4c56a267420c4bb39b872486334,False
65241265743,1766 FLORIDA AVENUE NW,WARD 1,minor,5,18c5b519b12bb09d80110604b8b3af53,FLORIDA AVENUE NW AND V STREET NW,FLORIDA AVENUE NW,V STREET NW,99.9391481813193,ec73d4c56a267420c4bb39b872486334,False
57548386303,1805 7TH STREET NW,WARD 1,minor,1,afde745b5390da6d721bad7489f401bc,7TH STREET NW AND S STREET NW,7TH STREET NW,S STREET NW,22.48208204687059,afde745b5390da6d721bad7489f401bc,True
57548386303,1805 7TH STREET NW,WARD 1,minor,2,a7f99078a32b8774db2eeb795f32b489,WILTBERGER STREET NW AND S STREET NW,WILTBERGER STREET NW,S STREET NW,68.02157121565513,afde745b5390da6d721bad7489f401bc,False
57548386303,1805 7TH STREET NW,WARD 1,minor,3,c015ab456b0f087748032f82f8405f79,8TH STREET NW AND S STREET NW,8TH STREET NW,S STREET NW,111.48891515922628,afde745b5390da6d721bad7489f401bc,False
57548386303,1805 7TH STREET NW,WARD 1,minor,4,2d0ada6528c356cb754299cf3fab651c,S STREET NW AND 6TH STREET NW,S STREET NW,6TH STREET NW,152.14008218554565,afde745b5390da6d721bad7489f401bc,False
57548386303,1805 7TH STREET NW,WARD 1,minor,5,c1f22af79b65ede691cd90329fad1b42,R STREET NW AND 7TH STREET NW,R STREET NW,7TH STREET NW,166.06100170258168,afde745b5390da6d721bad7489f401bc,False
64795490292,1200 LONGFELLOW STREET NW,WARD 4,major,1,ccc78565ebb390073e28020f357a7872,GEORGIA AVENUE NW AND ILLINOIS AVENUE NW,GEORGIA AVENUE NW,ILLINOIS AVENUE NW,10.43455573573086,7026afbdd79e803f7b7b687ab3076902,False
64795490292,1200 LONGFELLOW STREET NW,WARD 4,major,2,7026afbdd79e803f7b7b687ab3076902,GEORGIA AVENUE NW AND LONGFELLOW STREET NW,GEORGIA AVENUE NW,LONGFELLOW STREET NW,17.706376341096323,7026afbdd79e803f7b7b687ab3076902,True
64795490292,1200 LONGFELLOW STREET NW,WARD 4,major,3,099433219972b77930d61e39ed126b40,KENNEDY STREET NW AND GEORGIA AVENUE NW,KENNEDY STREET NW,GEORGIA AVENUE NW,101.29486033613534,7026afbdd79e803f7b7b687ab3076902,False
64795490292,1200 LONGFELLOW STREET NW,WARD 4,major,4,ec9403ad454e19f0e4ed8d79814d1b2b,KENNEDY STREET NW AND ILLINOIS AVENUE NW,KENNEDY STREET NW,ILLINOIS AVENUE NW,116.98788360717067,7026afbdd79e803f7b7b687ab3076902,False
64795490292,1200 LONGFELLOW STREET NW,WARD 4,major,5,410ecc943cd1178731b2fa9d83244400,13TH STREET NW AND LONGFELLOW STREET NW,13TH STREET NW,LONGFELLOW STREET NW,134.39502686608708,7026afbdd79e803f7b7b687ab3076902,False
59976831718,5100 CONNECTICUT AVENUE NW,WARD 3,minor,1,c6872def31b852ce8ffa2b286bea8e16,NEBRASKA AVENUE NW AND CONNECTICUT AVENUE NW,NEBRASKA AVENUE NW,CONNECTICUT AVENUE NW,43.51751143945031,c6872def31b852ce8ffa2b286bea8e16,True
59976831718,5100 CONNECTICUT AVENUE NW,WARD 3,minor,2,759a720192edaeb9173bdb86435c2d11,HARRISON STREET NW AND CHEVY CHASE PARKWAY NW,HARRISON STREET NW,CHEVY CHASE PARKWAY NW,120.4362981240083,c6872def31b852ce8ffa2b286bea8e16,False
59976831718,5100 CONNECTICUT AVENUE NW,WARD 3,minor,3,d4de540e22dc013609ef1a4b58949432,CHEVY CHASE PARKWAY NW AND CONNECTICUT AVENUE NW,CHEVY CHASE PARKWAY NW,CONNECTICUT AVENUE NW,139.61074600209966,c6872def31b852ce8ffa2b286bea8e16,False
59976831718,5100 CONNECTICUT AVENUE NW,WARD 3,minor,4,0611cbdde83acb9984010d561c3f233a,FESSENDEN STREET NW AND NEBRASKA AVENUE NW,FESSENDEN STREET NW,NEBRASKA AVENUE NW,153.46219770697766,c6872def31b852ce8ffa2b286bea8e16,False
59976831718,5100 CONNECTICUT AVENUE NW,WARD 3,minor,5,d793fc8d456bcf6232da54bcead63031,GARRISON STREET NW AND 36TH STREET NW,GARRISON STREET NW,36TH STREET NW,174.99741694915244,c6872def31b852ce8ffa2b286bea8e16,False
56920475995,1024 6TH STREET NW,WARD 2,fatal,1,d7a7469c77c590f694b4ddea9ce15da2,6TH STREET NW AND NEW YORK AVENUE NW,6TH STREET NW,NEW YORK AVENUE NW,20.82006564497432,d7a7469c77c590f694b4ddea9ce15da2,True
56920475995,1024 6TH STREET NW,WARD 2,fatal,2,9eb131a56519e9d01e2cbc8f281e9e4d,L STREET NW AND 6TH STREET NW,L STREET NW,6TH STREET NW,44.363634748085666,d7a7469c77c590f694b4ddea9ce15da2,False
56920475995,1024 6TH STREET NW,WARD 2,fatal,3,3c10c537bab1bb4300b7fd7c24b2fd0b,5TH STREET NW AND L STREET NW,5TH STREET NW,L STREET NW,84.8193328692702,d7a7469c77c590f694b4ddea9ce15da2,False
56920475995,1024 6TH STREET NW,WARD 2,fatal,4,8f9323e74d724d680ff99481b52090ae,5TH STREET NW AND NEW YORK AVENUE NW,5TH STREET NW,NEW YORK AVENUE NW,86.00771088955288,d7a7469c77c590f694b4ddea9ce15da2,False
56920475995,1024 6TH STREET NW,WARD 2,fatal,5,b8689765e329ca5dc4234c05f1a86f27,5TH STREET NW AND L STREET NW,5TH STREET NW,L STREET NW,95.56194354429361,d7a7469c77c590f694b4ddea9ce15da2,False
56843205093,2801 ALABAMA AVENUE SE,WARD 7,fatal,1,34caed4f9679d8a2589eff9e0432d2ab,ALABAMA AVENUE SE AND TOWN CENTER DRIVE SE,ALABAMA AVENUE SE,TOWN CENTER DRIVE SE,65.6000779021293,126f4d51281aadf1cc72810bf625e532,False
56843205093,2801 ALABAMA AVENUE SE,WARD 7,fatal,2,34caed4f9679d8a2589eff9e0432d2ab,ALABAMA AVENUE SE AND MARION BARRY AVENUE SE,ALABAMA AVENUE SE,MARION BARRY AVENUE SE,65.60011778786009,126f4d51281aadf1cc72810bf625e532,False
56843205093,2801 ALABAMA AVENUE SE,WARD 7,fatal,3,81daf17ef8cc579d9c4132587255070b,ALABAMA AVENUE SE AND NAYLOR ROAD SE,ALABAMA AVENUE SE,NAYLOR ROAD SE,93.70863736351433,126f4d51281aadf1cc72810bf625e532,False
56843205093,2801 ALABAMA AVENUE SE,WARD 7,fatal,4,7655fc098a2d1429a58bc8efd83a0dfd,DENVER STREET SE AND 29TH STREET SE,DENVER STREET SE,29TH STREET SE,170.1253935367446,126f4d51281aadf1cc72810bf625e532,False
56843205093,2801 ALABAMA AVENUE SE,WARD 7,fatal,5,a08f5c90898f8f8216b7de12e4ef34ad,ALABAMA AVENUE SE AND TOWN CENTER PLACE SE,ALABAMA AVENUE SE,TOWN CENTER PLACE SE,171.93914322100431,126f4d51281aadf1cc72810bf625e532,False
56497851424,1456 ALABAMA AVENUE SE,WARD 8,minor,1,9a7006b202965f8f13749c6196fde493,15TH PLACE SE AND ALABAMA AVENUE SE,15TH PLACE SE,ALABAMA AVENUE SE,28.90534142809691,9a7006b202965f8f13749c6196fde493,True
56497851424,1456 ALABAMA AVENUE SE,WARD 8,minor,2,6d5a41c4a19d2931374a48c96bd99345,15TH STREET SE AND ALABAMA AVENUE SE,15TH STREET SE,ALABAMA AVENUE SE,29.240463259569044,9a7006b202965f8f13749c6196fde493,False
56497851424,1456 ALABAMA AVENUE SE,WARD 8,minor,3,df84201209b73bde4d924b92cfc085c1,SMITH PLACE SE AND 15TH STREET SE,SMITH PLACE SE,15TH STREET SE,103.45843104388275,9a7006b202965f8f13749c6196fde493,False
56497851424,1456 ALABAMA AVENUE SE,WARD 8,minor,4,ab1db595ee0941edbaec39cd04cbd746,ALABAMA AVENUE SE AND CONGRESS PLACE SE,ALABAMA AVENUE SE,CONGRESS PLACE SE,120.83098930569736,9a7006b202965f8f13749c6196fde493,False
56497851424,1456 ALABAMA AVENUE SE,WARD 8,minor,5,a36c2074ba7b82e0a25ff168e60fc9bc,TANNER STREET SE AND 15TH PLACE SE,TANNER STREET SE,15TH PLACE SE,147.3554423466647,9a7006b202965f8f13749c6196fde493,False
63510065367,87 NEW YORK AVENUE NW,WARD 5,major,1,463efc5e5b0229dac099c6333e8a48fd,1ST STREET NW AND NEW YORK AVENUE NW,1ST STREET NW,NEW YORK AVENUE NW,36.06342266995396,463efc5e5b0229dac099c6333e8a48fd,True
63510065367,87 NEW YORK AVENUE NW,WARD 5,major,2,f5d9d7be92787b72ad77bb2129d7bfc3,N STREET NW AND 1ST STREET NW,N STREET NW,1ST STREET NW,71.40373163120528,463efc5e5b0229dac099c6333e8a48fd,False
63510065367,87 NEW YORK AVENUE NW,WARD 5,major,3,782c60fb046c13f94a26166d99e2efe5,1ST STREET NW AND M STREET NW,1ST STREET NW,M STREET NW,105.4271258861942,463efc5e5b0229dac099c6333e8a48fd,False
63510065367,87 NEW YORK AVENUE NW,WARD 5,major,4,9e1f5fdfb68299d9735364b1626da169,MORGAN STREET NW AND KIRBY STREET NW,MORGAN STREET NW,KIRBY STREET NW,129.64240085269856,463efc5e5b0229dac099c6333e8a48fd,False
63510065367,87 NEW YORK AVENUE NW,WARD 5,major,5,90e56854fe054bf6d04ca97dc74d52eb,1ST TERRACE NW AND M STREET NW,1ST TERRACE NW,M STREET NW,135.5850823828705,463efc5e5b0229dac099c6333e8a48fd,False
54048475111,333 HAWAII AVENUE NE,WARD 5,minor,1,0369cf0e69f44789915792bfa0cfbd5b,TAYLOR STREET NE AND HAWAII AVENUE NE,TAYLOR STREET NE,HAWAII AVENUE NE,97.5874405405388,0369cf0e69f44789915792bfa0cfbd5b,True
54048475111,333 HAWAII AVENUE NE,WARD 5,minor,2,a46cddbe4874e5b6c7eb56ac1bca2516,TAYLOR STREET NE AND RAMP TO JOHN MCCORMACK ROAD NE,TAYLOR STREET NE,JOHN MCCORMACK ROAD NE,146.1815808069501,0369cf0e69f44789915792bfa0cfbd5b,False
54048475111,333 HAWAII AVENUE NE,WARD 5,minor,3,8e535fb8669b7621189d037bb66bac57,HAWAII AVENUE NE AND VARNUM STREET NE,HAWAII AVENUE NE,VARNUM STREET NE,192.5027307328959,0369cf0e69f44789915792bfa0cfbd5b,False
54048475111,333 HAWAII AVENUE NE,WARD 5,minor,4,dad49131e5e30b8b9f32a554d5b278ce,JOHN MCCORMACK ROAD NE AND RAMP TO TAYLOR STREET NE,JOHN MCCORMACK ROAD NE,TAYLOR STREET NE,209.59481671918223,0369cf0e69f44789915792bfa0cfbd5b,False
54048475111,333 HAWAII AVENUE NE,WARD 5,minor,5,4105ef4ed7b5df59fc2ac68bbdec1276,TAYLOR STREET NE AND HAREWOOD ROAD NE,TAYLOR STREET NE,HAREWOOD ROAD NE,223.52951190037453,0369cf0e69f44789915792bfa0cfbd5b,False
64598744850,"11TH STREET SE
WASHINGTON,",WARD 6,pdo,1,68871fb5d5dcf50966aadb7a96c56451,L STREET SE AND 11TH STREET SE,L STREET SE,11TH STREET SE,45.82680462437947,cbeccfda5c67372f33e05ee4545a3faa,False
64598744850,"11TH STREET SE
WASHINGTON,",WARD 6,pdo,2,6da86ed79e16d82ca7ffcde067ef5b1f,L STREET SE AND POTOMAC AVENUE SE,L STREET SE,POTOMAC AVENUE SE,51.01408796086353,cbeccfda5c67372f33e05ee4545a3faa,False
64598744850,"11TH STREET SE
WASHINGTON,",WARD 6,pdo,3,cbeccfda5c67372f33e05ee4545a3faa,SOUTHEAST BOULEVARD SE AND 11TH STREET SE,SOUTHEAST BOULEVARD SE,11TH STREET SE,65.91416729207646,cbeccfda5c67372f33e05ee4545a3faa,True
64598744850,"11TH STREET SE
WASHINGTON,",WARD 6,pdo,4,d724e44c26e2f7bb110cde79dd4ad448,M STREET SE AND 11TH STREET SE,M STREET SE,11TH STREET SE,93.1576095262541,cbeccfda5c67372f33e05ee4545a3faa,False
64598744850,"11TH STREET SE
WASHINGTON,",WARD 6,pdo,5,b2da74289ec04631482878461c893cf7,10TH STREET SE AND M STREET SE,10TH STREET SE,M STREET SE,98.58559984174474,cbeccfda5c67372f33e05ee4545a3faa,False
55690452103,1103 MOUNT OLIVET ROAD NE,WARD 5,major,1,1b8e2af26d41cd9cc08c2b646b9ee053,WEST VIRGINIA AVENUE NE AND MOUNT OLIVET ROAD NE,WEST VIRGINIA AVENUE NE,MOUNT OLIVET ROAD NE,35.54765120682171,1b8e2af26d41cd9cc08c2b646b9ee053,True
55690452103,1103 MOUNT OLIVET ROAD NE,WARD 5,major,2,82f68743f6f52f895e151914b0712b17,MOUNT OLIVET ROAD NE AND MONTELLO AVENUE NE,MOUNT OLIVET ROAD NE,MONTELLO AVENUE NE,46.27554071281331,1b8e2af26d41cd9cc08c2b646b9ee053,False
55690452103,1103 MOUNT OLIVET ROAD NE,WARD 5,major,3,bbf07471d6586284a6aee92b21dc91e7,MONTELLO AVENUE NE AND SIMMS PLACE NE,MONTELLO AVENUE NE,SIMMS PLACE NE,66.51877603385091,1b8e2af26d41cd9cc08c2b646b9ee053,False
55690452103,1103 MOUNT OLIVET ROAD NE,WARD 5,major,4,f51b0d45ef99d787cab5900bb817b70d,CAPITOL AVENUE NE AND MOUNT OLIVET ROAD NE,CAPITOL AVENUE NE,MOUNT OLIVET ROAD NE,81.3569223439867,1b8e2af26d41cd9cc08c2b646b9ee053,False
55690452103,1103 MOUNT OLIVET ROAD NE,WARD 5,major,5,406da40711bfa00e740d3779c53ccea1,KENDALL STREET NE AND CAPITOL AVENUE NE,KENDALL STREET NE,CAPITOL AVENUE NE,99.10888086961891,1b8e2af26d41cd9cc08c2b646b9ee053,False
59399999570,1127 7TH STREET NW,WARD 2,minor,1,f0b7b0d37a63465dc70c321ea5fd5a2b,M STREET NW AND 7TH STREET NW,M STREET NW,7TH STREET NW,18.51339058200262,f0b7b0d37a63465dc70c321ea5fd5a2b,True
59399999570,1127 7TH STREET NW,WARD 2,minor,2,95d0de0b7d911b9e9da2b7288f9eaf4b,MCCOLLOUGH COURT NW AND M STREET NW,MCCOLLOUGH COURT NW,M STREET NW,45.95323985780676,f0b7b0d37a63465dc70c321ea5fd5a2b,False
59399999570,1127 7TH STREET NW,WARD 2,minor,3,9ffd9d096463a96d8c0162fbde4837a3,L STREET NW AND 7TH STREET NW,L STREET NW,7TH STREET NW,145.57366120399251,f0b7b0d37a63465dc70c321ea5fd5a2b,False
59399999570,1127 7TH STREET NW,WARD 2,minor,4,7d944cc9b76329737b3f2a0d1a0d8b67,M STREET NW AND 6TH STREET NW,M STREET NW,6TH STREET NW,175.23861325111326,f0b7b0d37a63465dc70c321ea5fd5a2b,False
59399999570,1127 7TH STREET NW,WARD 2,minor,5,47f907bdd457af3840909060bcedb5fd,M STREET NW AND 9TH STREET NW,M STREET NW,9TH STREET NW,180.7369730413838,f0b7b0d37a63465dc70c321ea5fd5a2b,False
67625771443,625 INDIANA AVENUE NW,WARD 6,minor,1,3cd0a5f8a317ab6c8454377569829c5b,6TH STREET NW AND D STREET NW,6TH STREET NW,D STREET NW,72.46714897079745,e39557a35897824a4e348a2b04b23a4e,False
67625771443,625 INDIANA AVENUE NW,WARD 6,minor,2,e39557a35897824a4e348a2b04b23a4e,INDIANA AVENUE NW AND 6TH STREET NW,INDIANA AVENUE NW,6TH STREET NW,84.2540764410487,e39557a35897824a4e348a2b04b23a4e,True
67625771443,625 INDIANA AVENUE NW,WARD 6,minor,3,da7d1baecc52ae4e958760ff95fbdfcd,D STREET NW AND 7TH STREET NW,D STREET NW,7TH STREET NW,100.89104926613182,e39557a35897824a4e348a2b04b23a4e,False
67625771443,625 INDIANA AVENUE NW,WARD 6,minor,4,66ef4cbd78c8a6b8c175555e128f69b7,7TH STREET NW AND INDIANA AVENUE NW,7TH STREET NW,INDIANA AVENUE NW,143.55806485752439,e39557a35897824a4e348a2b04b23a4e,False
67625771443,625 INDIANA AVENUE NW,WARD 6,minor,5,5cc45d4a4a1658e30d3fd85314d17137,C STREET NW AND 6TH STREET NW,C STREET NW,6TH STREET NW,150.56729442287457,e39557a35897824a4e348a2b04b23a4e,False
65233806549,1601 FAIRLAWN AVENUE SE,WARD 8,fatal,1,9af96ef756d1e40f0b82a1cde7a01256,16TH STREET SE AND FAIRLAWN AVENUE SE,16TH STREET SE,FAIRLAWN AVENUE SE,8.979546292662619,9af96ef756d1e40f0b82a1cde7a01256,True
65233806549,1601 FAIRLAWN AVENUE SE,WARD 8,fatal,2,55f310a089592857209e0cfa632457e9,Q STREET SE AND 16TH STREET SE,Q STREET SE,16TH STREET SE,69.60828701987532,9af96ef756d1e40f0b82a1cde7a01256,False
65233806549,1601 FAIRLAWN AVENUE SE,WARD 8,fatal,3,9a948eefd30910fcbaffeb0ee1361cb7,17TH STREET SE AND Q STREET SE,17TH STREET SE,Q STREET SE,136.22944571502742,9af96ef756d1e40f0b82a1cde7a01256,False
65233806549,1601 FAIRLAWN AVENUE SE,WARD 8,fatal,4,ecafbbf6da76881f8274d5db3ffb0ef5,17TH STREET SE AND FAIRLAWN AVENUE SE,17TH STREET SE,FAIRLAWN AVENUE SE,138.67440309567596,9af96ef756d1e40f0b82a1cde7a01256,False
65233806549,1601 FAIRLAWN AVENUE SE,WARD 8,fatal,5,8a226857bddc8d8dbcf0e45142d7e85c,Q STREET SE AND 17TH PLACE SE,Q STREET SE,17TH PLACE SE,204.71789057252255,9af96ef756d1e40f0b82a1cde7a01256,False
60038649717,327 CEDAR STREET NW,WARD 4,minor,1,26c6b30cd56ae19a2d8b35edfd5d2faf,CEDAR STREET NW AND 4TH STREET NW,CEDAR STREET NW,4TH STREET NW,45.375373073558514,26c6b30cd56ae19a2d8b35edfd5d2faf,True
60038649717,327 CEDAR STREET NW,WARD 4,minor,2,90f666adaf6742209c84b7c11990b372,4TH STREET NW AND BLAIR ROAD NW,4TH STREET NW,BLAIR ROAD NW,63.203609731618755,26c6b30cd56ae19a2d8b35edfd5d2faf,False
60038649717,327 CEDAR STREET NW,WARD 4,minor,3,faf5355b3ab912dc062f77d277133556,BLAIR ROAD NW AND CEDAR STREET NW,BLAIR ROAD NW,CEDAR STREET NW,68.13851837834038,26c6b30cd56ae19a2d8b35edfd5d2faf,False
60038649717,327 CEDAR STREET NW,WARD 4,minor,4,1ce66d161c3c054342a06fd4cef87cfc,CARROLL STREET NW AND CEDAR STREET NW,CARROLL STREET NW,CEDAR STREET NW,103.52497701482154,26c6b30cd56ae19a2d8b35edfd5d2faf,False
60038649717,327 CEDAR STREET NW,WARD 4,minor,5,c1e79a12626d1c28686b187b14efb425,BLAIR ROAD NW AND BUTTERNUT STREET NW,BLAIR ROAD NW,BUTTERNUT STREET NW,143.77880455043444,26c6b30cd56ae19a2d8b35edfd5d2faf,False
57603889787,1301 CONSTITUTION AVENUE NW,WARD 2,minor,1,4b58ae9d44efe03f6b40265071ad9ae5,CONSTITUTION AVENUE NW AND 12TH STREET NW,CONSTITUTION AVENUE NW,12TH STREET NW,163.79667477060607,4b58ae9d44efe03f6b40265071ad9ae5,True
57603889787,1301 CONSTITUTION AVENUE NW,WARD 2,minor,2,0250b56e22dc8214c47b0cba5b51e117,14TH STREET NW AND CONSTITUTION AVENUE NW,14TH STREET NW,CONSTITUTION AVENUE NW,167.36765325392608,4b58ae9d44efe03f6b40265071ad9ae5,False
57603889787,1301 CONSTITUTION AVENUE NW,WARD 2,minor,3,41bbd560fa50221da174fad32c27aecd,CONSTITUTION AVENUE NW AND MADISON DRIVE NW,CONSTITUTION AVENUE NW,MADISON DRIVE NW,214.96055863095629,4b58ae9d44efe03f6b40265071ad9ae5,False
57603889787,1301 CONSTITUTION AVENUE NW,WARD 2,minor,4,3df6c286c6b4277c9559e74f4fd94426,12TH STREET NW AND MADISON DRIVE NW,12TH STREET NW,MADISON DRIVE NW,241.2403258098746,4b58ae9d44efe03f6b40265071ad9ae5,False
57603889787,1301 CONSTITUTION AVENUE NW,WARD 2,minor,5,489fa92a47505c920449d2f65d103ed8,14TH STREET NW AND MADISON DRIVE NW,14TH STREET NW,MADISON DRIVE NW,250.0191099041444,4b58ae9d44efe03f6b40265071ad9ae5,False
56583742653,2804 WOODLAND DRIVE NW,WARD 3,pdo,1,e3cad00f11fdd10dbb0d36bc76604c3e,WOODLAND DRIVE NW AND ROCK CREEK DRIVE NW,WOODLAND DRIVE NW,ROCK CREEK DRIVE NW,66.46787203374555,e3cad00f11fdd10dbb0d36bc76604c3e,True
56583742653,2804 WOODLAND DRIVE NW,WARD 3,pdo,2,0af6909d69d4833f6682c1f2c33f23d4,NORMANSTONE DRIVE NW AND ROCK CREEK DRIVE NW,NORMANSTONE DRIVE NW,ROCK CREEK DRIVE NW,106.7456096081496,e3cad00f11fdd10dbb0d36bc76604c3e,False
56583742653,2804 WOODLAND DRIVE NW,WARD 3,pdo,3,a9804abaafb6c1b1146cfa7dc7f01ce4,28TH STREET NW AND ROCK CREEK DRIVE NW,28TH STREET NW,ROCK CREEK DRIVE NW,126.42181169412409,e3cad00f11fdd10dbb0d36bc76604c3e,False
56583742653,2804 WOODLAND DRIVE NW,WARD 3,pdo,4,65e19acf4e1539dcde15ce624d72fd19,28TH STREET NW AND MCGILL TERRACE NW,28TH STREET NW,MCGILL TERRACE NW,135.8501371733371,e3cad00f11fdd10dbb0d36bc76604c3e,False
56583742653,2804 WOODLAND DRIVE NW,WARD 3,pdo,5,54c66835c11969c2ac8257f73e5aa94c,NORMANSTONE DRIVE NW AND NORMANSTONE DRIVE NW,NORMANSTONE DRIVE NW,NORMANSTONE DRIVE NW,152.47994702729372,e3cad00f11fdd10dbb0d36bc76604c3e,False
59859727812,4901 9TH STREET NW,WARD 4,fatal,1,46154357ee8eee070f38ba10f5c482e4,EMERSON STREET NW AND 9TH STREET NW,EMERSON STREET NW,9TH STREET NW,20.479937325530546,46154357ee8eee070f38ba10f5c482e4,True
59859727812,4901 9TH STREET NW,WARD 4,fatal,2,03cd1b4ca64fbf43390cfddb58076a74,DELAFIELD PLACE NW AND 9TH STREET NW,DELAFIELD PLACE NW,9TH STREET NW,84.89729211468402,46154357ee8eee070f38ba10f5c482e4,False
59859727812,4901 9TH STREET NW,WARD 4,fatal,3,b3129d60f18f25c49738788f319f780f,FARRAGUT STREET NW AND 9TH STREET NW,FARRAGUT STREET NW,9TH STREET NW,120.57262663332762,46154357ee8eee070f38ba10f5c482e4,False
59859727812,4901 9TH STREET NW,WARD 4,fatal,4,a001f26444a65a19158af4920a45388e,EMERSON STREET NW AND 8TH STREET NW,EMERSON STREET NW,8TH STREET NW,128.59738118313751,46154357ee8eee070f38ba10f5c482e4,False
59859727812,4901 9TH STREET NW,WARD 4,fatal,5,36a17fdc69e1da3521bb4eb4accf2b4a,8TH STREET NW AND ILLINOIS AVENUE NW,8TH STREET NW,ILLINOIS AVENUE NW,139.63382894688337,46154357ee8eee070f38ba10f5c482e4,False
53937861417,800 KENILWORTH AVENUE NE,WARD 7,minor,1,0dc819495f66aa43f8c8df4311f0fae1,KENILWORTH AVENUE NE AND JAY STREET NE,KENILWORTH AVENUE NE,JAY STREET NE,65.70796744018561,0dc819495f66aa43f8c8df4311f0fae1,True
53937861417,800 KENILWORTH AVENUE NE,WARD 7,minor,2,c7952cdb49ace80569ac752a2c6883db,JAY STREET NE AND KENILWORTH TERRACE NE,JAY STREET NE,KENILWORTH TERRACE NE,107.71538578847338,0dc819495f66aa43f8c8df4311f0fae1,False
53937861417,800 KENILWORTH AVENUE NE,WARD 7,minor,3,52b8f663045fece142efe1b2802b312f,MINNESOTA AVENUE NE AND HUNT PLACE NE,MINNESOTA AVENUE NE,HUNT PLACE NE,128.05736299361013,0dc819495f66aa43f8c8df4311f0fae1,False
53937861417,800 KENILWORTH AVENUE NE,WARD 7,minor,4,d8ea864b08821604977078ff7b4e1d1f,KENILWORTH AVENUE NE AND HAYES STREET NE,KENILWORTH AVENUE NE,HAYES STREET NE,146.40611939032553,0dc819495f66aa43f8c8df4311f0fae1,False
53937861417,800 KENILWORTH AVENUE NE,WARD 7,minor,5,420e396c368198725d7b657111ed616c,KENILWORTH AVENUE NE SOUTHBOUND AND RAMP FROM KENILWORTH AVENUE NE NORTHBOUND,KENILWORTH AVENUE NE,KENILWORTH AVENUE NE,149.89616185600107,0dc819495f66aa43f8c8df4311f0fae1,False
69840626101,536 MADISON STREET NW,WARD 4,major,1,ccb1e2f9839f64aa4de7754ca4804f9d,MADISON STREET NW AND MISSOURI AVENUE NW,MADISON STREET NW,MISSOURI AVENUE NW,23.880276240691266,ccb1e2f9839f64aa4de7754ca4804f9d,True
69840626101,536 MADISON STREET NW,WARD 4,major,2,3d98f63ec3df9855dbd11c88a811fc9a,MISSOURI AVENUE NW AND MADISON STREET NW,MISSOURI AVENUE NW,MADISON STREET NW,50.098875864431974,ccb1e2f9839f64aa4de7754ca4804f9d,False
69840626101,536 MADISON STREET NW,WARD 4,major,3,1f9ba0e1e8a5cea6a81bfebba7e72812,MISSOURI AVENUE NW AND 6TH STREET NW,MISSOURI AVENUE NW,6TH STREET NW,68.68260228352027,ccb1e2f9839f64aa4de7754ca4804f9d,False
69840626101,536 MADISON STREET NW,WARD 4,major,4,35678399d1989c851480a5e661013f5e,MADISON STREET NW AND 7TH STREET NW,MADISON STREET NW,7TH STREET NW,95.75053312105588,ccb1e2f9839f64aa4de7754ca4804f9d,False
69840626101,536 MADISON STREET NW,WARD 4,major,5,8395b2b92228bd8431d0f1b045c7e46b,SHEPHERD ROAD NW AND 7TH STREET NW,SHEPHERD ROAD NW,7TH STREET NW,103.68166136015621,ccb1e2f9839f64aa4de7754ca4804f9d,False
53966507169,2500 PENNSYLVANIA AVENUE SE,WARD 7,fatal,1,4234ddb3e507fb399093e4fb52725769,L'ENFANT SQUARE SE AND MINNESOTA AVENUE SE,L'ENFANT SQUARE SE,MINNESOTA AVENUE SE,25.789999715742205,4408d7b3e15a2b8c4779622f65926d85,False
53966507169,2500 PENNSYLVANIA AVENUE SE,WARD 7,fatal,2,4408d7b3e15a2b8c4779622f65926d85,MINNESOTA AVENUE SE AND PENNSYLVANIA AVENUE SE,MINNESOTA AVENUE SE,PENNSYLVANIA AVENUE SE,53.332798855872774,4408d7b3e15a2b8c4779622f65926d85,True
53966507169,2500 PENNSYLVANIA AVENUE SE,WARD 7,fatal,3,b4abca2e566b93726457f3ceb4c9a6dc,BURNS STREET SE AND MINNESOTA AVENUE SE,BURNS STREET SE,MINNESOTA AVENUE SE,85.44755473219587,4408d7b3e15a2b8c4779622f65926d85,False
53966507169,2500 PENNSYLVANIA AVENUE SE,WARD 7,fatal,4,43ec5f30351db7356f4f1c0024c01ada,MINNESOTA AVENUE SE AND 25TH STREET SE,MINNESOTA AVENUE SE,25TH STREET SE,86.08421942921228,4408d7b3e15a2b8c4779622f65926d85,False
53966507169,2500 PENNSYLVANIA AVENUE SE,WARD 7,fatal,5,29d0970e3255df269f84b667b6cf01fa,PENNSYLVANIA AVENUE SE AND O STREET SE,PENNSYLVANIA AVENUE SE,O STREET SE,110.97114957011696,4408d7b3e15a2b8c4779622f65926d85,False
62020445077,19 DUPONT CIRCLE NW,WARD 2,pdo,1,8073b2b2b1a83033c86401b7a4558225,DUPONT CIRCLE NW AND 19TH STREET NW,DUPONT CIRCLE NW,19TH STREET NW,21.572278992571484,8073b2b2b1a83033c86401b7a4558225,True
62020445077,19 DUPONT CIRCLE NW,WARD 2,pdo,2,47f02b12269a6e599a4da3afc1ac8996,NEW HAMPSHIRE AVENUE NW AND DUPONT CIRCLE NW,NEW HAMPSHIRE AVENUE NW,DUPONT CIRCLE NW,52.7979619732931,8073b2b2b1a83033c86401b7a4558225,False
62020445077,19 DUPONT CIRCLE NW,WARD 2,pdo,3,dad42427dbb2a671dfc219be1b3219bb,DUPONT CIRCLE NW AND CONNECTICUT AVENUE NW,DUPONT CIRCLE NW,CONNECTICUT AVENUE NW,59.66609093683438,8073b2b2b1a83033c86401b7a4558225,False
62020445077,19 DUPONT CIRCLE NW,WARD 2,pdo,4,0c48247e5ea90ab4a3b98ac3b9f8d363,19TH STREET NW AND Q STREET NW,19TH STREET NW,Q STREET NW,75.04339498110679,8073b2b2b1a83033c86401b7a4558225,False
62020445077,19 DUPONT CIRCLE NW,WARD 2,pdo,5,a36db81e9c623f4836a312b7ef6de753,DUPONT CIRCLE NW AND MASSACHUSETTS AVENUE NW,DUPONT CIRCLE NW,MASSACHUSETTS AVENUE NW,88.71827612059573,8073b2b2b1a83033c86401b7a4558225,False
61390887470,2420 16TH STREET NW,WARD 1,pdo,1,8578410cf7dc8df762598876b089c766,16TH STREET NW AND CRESCENT PLACE NW,16TH STREET NW,CRESCENT PLACE NW,69.92194443087423,8578410cf7dc8df762598876b089c766,True
61390887470,2420 16TH STREET NW,WARD 1,pdo,2,c6d6230693b19d91fa6cb4129d1cf7a2,CHAPIN STREET NW AND 15TH STREET NW,CHAPIN STREET NW,15TH STREET NW,111.4544720083403,8578410cf7dc8df762598876b089c766,False
61390887470,2420 16TH STREET NW,WARD 1,pdo,3,588ee53c8fa54b1f69b3ff9e18e3949f,16TH STREET NW AND KALORAMA ROAD NW,16TH STREET NW,KALORAMA ROAD NW,126.67795023854144,8578410cf7dc8df762598876b089c766,False
61390887470,2420 16TH STREET NW,WARD 1,pdo,4,f1588fbd70383b9a9a02cffd17a35191,BELMONT STREET NW AND 16TH STREET NW,BELMONT STREET NW,16TH STREET NW,136.6946487906652,8578410cf7dc8df762598876b089c766,False
61390887470,2420 16TH STREET NW,WARD 1,pdo,5,791b559be4c0565e618cdeeaf6f93821,BELMONT STREET NW AND BEEKMAN PLACE NW,BELMONT STREET NW,BEEKMAN PLACE NW,153.57155946764183,8578410cf7dc8df762598876b089c766,False
63605078740,456 M STREET SW,WARD 6,fatal,1,83739ce11f1813e96f8b4066b8f51306,MAINE AVENUE SW AND 6TH STREET SW,MAINE AVENUE SW,6TH STREET SW,32.03889332173115,83739ce11f1813e96f8b4066b8f51306,True
63605078740,456 M STREET SW,WARD 6,fatal,2,23722e45e47eb72085d3974427f3d545,MAINE AVENUE SW AND 6TH STREET SW,MAINE AVENUE SW,6TH STREET SW,93.08451548901051,83739ce11f1813e96f8b4066b8f51306,False
63605078740,456 M STREET SW,WARD 6,fatal,3,c8f8b590c668127cbb6c70c5d8db1742,M PLACE SW AND 6TH STREET SW,M PLACE SW,6TH STREET SW,95.86689077732747,83739ce11f1813e96f8b4066b8f51306,False
63605078740,456 M STREET SW,WARD 6,fatal,4,56beb99370162468f2449636b4e7d789,WHARF STREET SW AND MAINE AVENUE SW,WHARF STREET SW,MAINE AVENUE SW,128.7008900834176,83739ce11f1813e96f8b4066b8f51306,False
63605078740,456 M STREET SW,WARD 6,fatal,5,a2889b6e9dae10d3753a8ef7d64ba4d8,WATER STREET SW AND M PLACE SW,WATER STREET SW,M PLACE SW,139.88909297365407,83739ce11f1813e96f8b4066b8f51306,False
66051856189,98 M STREET NW,WARD 6,minor,1,782c60fb046c13f94a26166d99e2efe5,1ST STREET NW AND M STREET NW,1ST STREET NW,M STREET NW,16.336376609376668,782c60fb046c13f94a26166d99e2efe5,True
66051856189,98 M STREET NW,WARD 6,minor,2,463efc5e5b0229dac099c6333e8a48fd,1ST STREET NW AND NEW YORK AVENUE NW,1ST STREET NW,NEW YORK AVENUE NW,85.70595766317733,782c60fb046c13f94a26166d99e2efe5,False
66051856189,98 M STREET NW,WARD 6,minor,3,90e56854fe054bf6d04ca97dc74d52eb,1ST TERRACE NW AND M STREET NW,1ST TERRACE NW,M STREET NW,87.66070442041527,782c60fb046c13f94a26166d99e2efe5,False
66051856189,98 M STREET NW,WARD 6,minor,4,0279e1d22a3c75afa6a3731dcff6c4d1,PIERCE STREET NW AND 1ST STREET NW,PIERCE STREET NW,1ST STREET NW,90.11569366914664,782c60fb046c13f94a26166d99e2efe5,False
66051856189,98 M STREET NW,WARD 6,minor,5,0279e1d22a3c75afa6a3731dcff6c4d1,BANNER LANE NW AND PIERCE STREET NW,BANNER LANE NW,PIERCE STREET NW,90.1157066438183,782c60fb046c13f94a26166d99e2efe5,False
66356225934,1458 COLUMBIA ROAD NW,WARD 1,pdo,1,c23b165154fee9f53d580fdcacfe1544,HARVARD COURT NW AND COLUMBIA ROAD NW,HARVARD COURT NW,COLUMBIA ROAD NW,110.64634021540988,532dd51fea1e9418a61ac231f7465562,False
66356225934,1458 COLUMBIA ROAD NW,WARD 1,pdo,2,532dd51fea1e9418a61ac231f7465562,15TH STREET NW AND COLUMBIA ROAD NW,15TH STREET NW,COLUMBIA ROAD NW,110.96714309678697,532dd51fea1e9418a61ac231f7465562,True
66356225934,1458 COLUMBIA ROAD NW,WARD 1,pdo,3,bca6d8fcb0bd55e616027446a49c391a,15TH STREET NW AND HARVARD STREET NW,15TH STREET NW,HARVARD STREET NW,124.43263041976921,532dd51fea1e9418a61ac231f7465562,False
66356225934,1458 COLUMBIA ROAD NW,WARD 1,pdo,4,ccdbfccb5bdfc7deeff1d87d59e7828d,HARVARD STREET NW AND 14TH STREET NW,HARVARD STREET NW,14TH STREET NW,163.16565455990488,532dd51fea1e9418a61ac231f7465562,False
66356225934,1458 COLUMBIA ROAD NW,WARD 1,pdo,5,a05a096abf78d68d77d83198b0d852f4,14TH STREET NW AND COLUMBIA ROAD NW,14TH STREET NW,COLUMBIA ROAD NW,165.97775881354633,532dd51fea1e9418a61ac231f7465562,False
56913171706,901 5TH STREET NW,WARD 6,major,1,309823f2ea8ca3c9a7d9cc106e1d00ce,I STREET NW AND 5TH STREET NW,I STREET NW,5TH STREET NW,33.918896975654214,309823f2ea8ca3c9a7d9cc106e1d00ce,True
56913171706,901 5TH STREET NW,WARD 6,major,2,2256dbd805c029c1b0ecead823b965ce,5TH STREET NW AND MASSACHUSETTS AVENUE NW,5TH STREET NW,MASSACHUSETTS AVENUE NW,55.93583882343219,309823f2ea8ca3c9a7d9cc106e1d00ce,False
56913171706,901 5TH STREET NW,WARD 6,major,3,6f86758024dcbb2691e46fbb4043cec1,I STREET NW AND MASSACHUSETTS AVENUE NW,I STREET NW,MASSACHUSETTS AVENUE NW,58.76494762776432,309823f2ea8ca3c9a7d9cc106e1d00ce,False
56913171706,901 5TH STREET NW,WARD 6,major,4,3a4b2a7019cd6ae0d2e0484c38b7de93,I STREET NW AND 5TH STREET NW,I STREET NW,5TH STREET NW,84.96376667879196,309823f2ea8ca3c9a7d9cc106e1d00ce,False
56913171706,901 5TH STREET NW,WARD 6,major,5,2a31abc00786f802bf3250a5e0529302,6TH STREET NW AND MASSACHUSETTS AVENUE NW,6TH STREET NW,MASSACHUSETTS AVENUE NW,87.4928796349081,309823f2ea8ca3c9a7d9cc106e1d00ce,False
64644603611,925 MONROE STREET NE,WARD 5,minor,1,e5e572afc3d44cb645b0a5d71ebd1a57,MONROE STREET NE AND 10TH STREET NE,MONROE STREET NE,10TH STREET NE,19.685879211649358,e5e572afc3d44cb645b0a5d71ebd1a57,True
64644603611,925 MONROE STREET NE,WARD 5,minor,2,efe6d5b91945882fd326d1ffa1fb5ba7,MONROE STREET NE AND 9TH STREET NE,MONROE STREET NE,9TH STREET NE,73.05922838796361,e5e572afc3d44cb645b0a5d71ebd1a57,False
64644603611,925 MONROE STREET NE,WARD 5,minor,3,e656bc6ed6f02e50eced9f3183028b76,10TH STREET NE AND NEWTON STREET NE,10TH STREET NE,NEWTON STREET NE,111.38652653456658,e5e572afc3d44cb645b0a5d71ebd1a57,False
64644603611,925 MONROE STREET NE,WARD 5,minor,4,6ffebd1f192b6c3bb8637cbab813c988,10TH STREET NE AND LAWRENCE STREET NE,10TH STREET NE,LAWRENCE STREET NE,111.75861994171703,e5e572afc3d44cb645b0a5d71ebd1a57,False
64644603611,925 MONROE STREET NE,WARD 5,minor,5,47a19aa2c6cf07c3d2e15341310abf31,LAWRENCE STREET NE AND 9TH STREET NE,LAWRENCE STREET NE,9TH STREET NE,131.9170767672773,e5e572afc3d44cb645b0a5d71ebd1a57,False
56878637116,4925 SOUTH DAKOTA AVENUE NE,WARD 5,pdo,1,45376dfd4eb4da3bdcba644e179a3f9f,EMERSON STREET NE AND 11TH STREET NE,EMERSON STREET NE,11TH STREET NE,78.88811302645563,cb89ca0dcf6a35f2c86814c6e5b090c3,False
56878637116,4925 SOUTH DAKOTA AVENUE NE,WARD 5,pdo,2,7c43fa2c263d8baa0d56ce234c831733,10TH STREET NE AND EMERSON STREET NE,10TH STREET NE,EMERSON STREET NE,88.29687951407662,cb89ca0dcf6a35f2c86814c6e5b090c3,False
56878637116,4925 SOUTH DAKOTA AVENUE NE,WARD 5,pdo,3,cb89ca0dcf6a35f2c86814c6e5b090c3,SOUTH DAKOTA AVENUE NE AND DELAFIELD STREET NE,SOUTH DAKOTA AVENUE NE,DELAFIELD STREET NE,102.8259954585507,cb89ca0dcf6a35f2c86814c6e5b090c3,True
56878637116,4925 SOUTH DAKOTA AVENUE NE,WARD 5,pdo,4,acf9fd426c40c489485c24688f955255,SOUTH DAKOTA AVENUE NE AND 11TH STREET NE,SOUTH DAKOTA AVENUE NE,11TH STREET NE,107.32332316194972,cb89ca0dcf6a35f2c86814c6e5b090c3,False
56878637116,4925 SOUTH DAKOTA AVENUE NE,WARD 5,pdo,5,8d8822a8499a53e82aceccf0e49ea293,EMERSON STREET NE AND 12TH STREET NE,EMERSON STREET NE,12TH STREET NE,152.68063756408836,cb89ca0dcf6a35f2c86814c6e5b090c3,False
59975190143,127 E STREET NW,WARD 6,pdo,1,7e21c19450b2740775928c8f4fdacfb0,E STREET NW AND 2ND STREET NW,E STREET NW,2ND STREET NW,34.00672248446998,8989597d9fee918ee360fa9ca7456714,False
59975190143,127 E STREET NW,WARD 6,pdo,2,8989597d9fee918ee360fa9ca7456714,E STREET NW AND 1ST STREET NW,E STREET NW,1ST STREET NW,95.33822109543023,8989597d9fee918ee360fa9ca7456714,True
59975190143,127 E STREET NW,WARD 6,pdo,3,86c13e1aeb79d6cb287329c3f3b995ed,INTERSTATE 395 NORTHBOUND AND RAMP TO 2ND STREET NW NORTHBOUND,INTERSTATE 395,2ND STREET NW,104.31004033763995,8989597d9fee918ee360fa9ca7456714,False
59975190143,127 E STREET NW,WARD 6,pdo,4,53e99de389f09aa1ca0b9bd52baca14b,2ND STREET NW AND F STREET NW,2ND STREET NW,F STREET NW,139.13633031955226,8989597d9fee918ee360fa9ca7456714,False
59975190143,127 E STREET NW,WARD 6,pdo,5,dc111eed249698877c2d88f078ac4a46,MITCH SNYDER PLACE NW AND D STREET NW,MITCH SNYDER PLACE NW,D STREET NW,153.91464560783592,8989597d9fee918ee360fa9ca7456714,False
58677992813,930 U STREET NW,WARD 1,fatal,1,890a5844dca57698a2b29bb5e0cfc347,U STREET NW AND VERMONT AVENUE NW,U STREET NW,VERMONT AVENUE NW,17.011545766224586,890a5844dca57698a2b29bb5e0cfc347,True
58677992813,930 U STREET NW,WARD 1,fatal,2,6fe81b5d47e6e7c9cf92aa927c29d678,9 1/2 STREET NW AND U STREET NW,9 1/2 STREET NW,U STREET NW,35.845323805697085,890a5844dca57698a2b29bb5e0cfc347,False
58677992813,930 U STREET NW,WARD 1,fatal,3,fd196e435cc0acfee68bdadeaeddf307,VERMONT AVENUE NW AND 10TH STREET NW,VERMONT AVENUE NW,10TH STREET NW,66.65010065784436,890a5844dca57698a2b29bb5e0cfc347,False
58677992813,930 U STREET NW,WARD 1,fatal,4,f3292e567c431abdcaf382ec5bfe480b,U STREET NW AND 10TH STREET NW,U STREET NW,10TH STREET NW,75.55257623396236,890a5844dca57698a2b29bb5e0cfc347,False
58677992813,930 U STREET NW,WARD 1,fatal,5,b907ceccaec5936b06ae7c3f52123bfd,U STREET NW AND 9TH STREET NW,U STREET NW,9TH STREET NW,100.50884469386972,890a5844dca57698a2b29bb5e0cfc347,False
64538465267,1900 K STREET NW,WARD 2,pdo,1,1b5c28b574d29166f36007506a2ca55d,K STREET NW AND 20TH STREET NW,K STREET NW,20TH STREET NW,77.32327862076114,a3824894d12d4c51dc65e5bcb3dc99bf,False
64538465267,1900 K STREET NW,WARD 2,pdo,2,a3824894d12d4c51dc65e5bcb3dc99bf,19TH STREET NW AND K STREET NW,19TH STREET NW,K STREET NW,83.32567459486546,a3824894d12d4c51dc65e5bcb3dc99bf,True
64538465267,1900 K STREET NW,WARD 2,pdo,3,af7d2c6714fbc625e1606c5b666bcd73,I STREET NW AND 20TH STREET NW,I STREET NW,20TH STREET NW,100.20307856867512,a3824894d12d4c51dc65e5bcb3dc99bf,False
64538465267,1900 K STREET NW,WARD 2,pdo,4,77cb5a2300da0f1d155b8859d6a5d722,I STREET NW AND 19TH STREET NW,I STREET NW,19TH STREET NW,104.81766579227381,a3824894d12d4c51dc65e5bcb3dc99bf,False
64538465267,1900 K STREET NW,WARD 2,pdo,5,2a47fe3fd4e08864832a369d6d509fdb,19TH STREET NW AND CONSTITUTION COURT NW,19TH STREET NW,CONSTITUTION COURT NW,141.87252721289423,a3824894d12d4c51dc65e5bcb3dc99bf,False
57964742104,3359 V STREET NE,WARD 5,pdo,1,6b73c7c2469bffa569fa4b5783a4fac7,V STREET NE AND 33RD STREET NE,V STREET NE,33RD STREET NE,155.04384353729247,6b73c7c2469bffa569fa4b5783a4fac7,True
57964742104,3359 V STREET NE,WARD 5,pdo,2,a485106a13b17b611a6ada2563d5b3ab,NEW YORK AVENUE NE EASTBOUND AND RAMP TO 36TH PLACE NE NORTHBOUND,NEW YORK AVENUE NE,36TH PLACE NE,218.26646192611028,6b73c7c2469bffa569fa4b5783a4fac7,False
57964742104,3359 V STREET NE,WARD 5,pdo,3,bfff093b92b88154875ee3faacb2dbee,NEW YORK AVENUE NE AND 36TH PLACE NE,NEW YORK AVENUE NE,36TH PLACE NE,234.55334198320438,6b73c7c2469bffa569fa4b5783a4fac7,False
57964742104,3359 V STREET NE,WARD 5,pdo,4,6e9b4cc4a67b6842ed42029b328316ab,HOLLY SPRING ROAD NE AND CONIFER ROAD NE,HOLLY SPRING ROAD NE,CONIFER ROAD NE,239.5524434126667,6b73c7c2469bffa569fa4b5783a4fac7,False
57964742104,3359 V STREET NE,WARD 5,pdo,5,2324afe169a1c2bd794980952618092f,33RD PLACE NE AND SOUTH DAKOTA AVENUE NE,33RD PLACE NE,SOUTH DAKOTA AVENUE NE,239.81130623310446,6b73c7c2469bffa569fa4b5783a4fac7,False
62129008998,2100 CHANNING STREET NE,WARD 5,fatal,1,bff976f2bdabd2850c1c115663fc3f85,CHANNING STREET NE AND QUEENS CHAPEL ROAD NE,CHANNING STREET NE,QUEENS CHAPEL ROAD NE,16.99668146545399,bff976f2bdabd2850c1c115663fc3f85,True
62129008998,2100 CHANNING STREET NE,WARD 5,fatal,2,5ce941d01f1ad19f74039b33a80ec4e6,22ND STREET NE AND CHANNING STREET NE,22ND STREET NE,CHANNING STREET NE,24.953429885187965,bff976f2bdabd2850c1c115663fc3f85,False
62129008998,2100 CHANNING STREET NE,WARD 5,fatal,3,5be945d7de49dae4c66f1edadfc2a876,LAFAYETTE AVENUE NE AND QUEENS CHAPEL ROAD NE,LAFAYETTE AVENUE NE,QUEENS CHAPEL ROAD NE,54.08298652933495,bff976f2bdabd2850c1c115663fc3f85,False
62129008998,2100 CHANNING STREET NE,WARD 5,fatal,4,a99747e3c3580a84c827ac2f883c1073,21ST PLACE NE AND CHANNING STREET NE,21ST PLACE NE,CHANNING STREET NE,69.59369170207773,bff976f2bdabd2850c1c115663fc3f85,False
62129008998,2100 CHANNING STREET NE,WARD 5,fatal,5,f0c9dca9e6358c505780dafaaebd7cb2,22ND STREET NE AND QUEENS CHAPEL ROAD NE,22ND STREET NE,QUEENS CHAPEL ROAD NE,75.21744761624402,bff976f2bdabd2850c1c115663fc3f85,False
55853141160,1500 E STREET NW,WARD 2,fatal,1,2dc3ecc59242ba748ed141411dbd5d31,PENNSYLVANIA AVENUE NW AND E STREET NW,PENNSYLVANIA AVENUE NW,E STREET NW,39.081996460708964,2dc3ecc59242ba748ed141411dbd5d31,True
55853141160,1500 E STREET NW,WARD 2,fatal,2,c06456bba91171f3e436c46e1068cd76,E STREET NW AND EAST EXECUTIVE AVENUE NW,E STREET NW,EAST EXECUTIVE AVENUE NW,80.28929018646588,2dc3ecc59242ba748ed141411dbd5d31,False
55853141160,1500 E STREET NW,WARD 2,fatal,3,af9b95744372421fb499bb247d7faa71,15TH STREET NW AND ALEXANDER HAMILTON PLACE NW,15TH STREET NW,ALEXANDER HAMILTON PLACE NW,110.17448172103516,2dc3ecc59242ba748ed141411dbd5d31,False
55853141160,1500 E STREET NW,WARD 2,fatal,4,0d4ae74b710d96d5ef7a09c86e5b5eba,ALEXANDER HAMILTON PLACE NW AND SOUTH EXECUTIVE AVENUE NW,ALEXANDER HAMILTON PLACE NW,SOUTH EXECUTIVE AVENUE NW,133.48390647094078,2dc3ecc59242ba748ed141411dbd5d31,False
55853141160,1500 E STREET NW,WARD 2,fatal,5,3537e6275c7844f7dbe53b8203ca13b2,E STREET NW AND ELLIPSE ROAD NW,E STREET NW,ELLIPSE ROAD NW,179.6956616778723,2dc3ecc59242ba748ed141411dbd5d31,False
59147819454,1730 POTOMAC AVENUE SE,WARD 6,pdo,1,30044059d0fe0f54e9bab6eb5e99a619,POTOMAC AVENUE SE AND E STREET SE,POTOMAC AVENUE SE,E STREET SE,11.89551920184637,30044059d0fe0f54e9bab6eb5e99a619,True
59147819454,1730 POTOMAC AVENUE SE,WARD 6,pdo,2,ee0e8b3b1835b7b55832e9171afa6d66,E STREET SE AND 18TH STREET SE,E STREET SE,18TH STREET SE,41.16113398723636,30044059d0fe0f54e9bab6eb5e99a619,False
59147819454,1730 POTOMAC AVENUE SE,WARD 6,pdo,3,a2e97499e8b7897d374130f41783be4e,18TH STREET SE AND POTOMAC AVENUE SE,18TH STREET SE,POTOMAC AVENUE SE,43.97849463739943,30044059d0fe0f54e9bab6eb5e99a619,False
59147819454,1730 POTOMAC AVENUE SE,WARD 6,pdo,4,b48ac356e85110f9c5e4148e8225b3c9,E STREET SE AND 17TH STREET SE,E STREET SE,17TH STREET SE,111.8386028719992,30044059d0fe0f54e9bab6eb5e99a619,False
59147819454,1730 POTOMAC AVENUE SE,WARD 6,pdo,5,c78f8bdb520c2b275f4dea5a1d866588,POTOMAC AVENUE SE AND 17TH STREET SE,POTOMAC AVENUE SE,17TH STREET SE,128.40392929498572,30044059d0fe0f54e9bab6eb5e99a619,False
65015476331,2319 WISCONSIN AVENUE NW,WARD 3,major,1,1693da7149727fa7a0586d425a321593,WISCONSIN AVENUE NW AND OBSERVATORY LANE NW,WISCONSIN AVENUE NW,OBSERVATORY LANE NW,32.24648865253558,1693da7149727fa7a0586d425a321593,True
65015476331,2319 WISCONSIN AVENUE NW,WARD 3,major,2,a0020d4a844d41e1285cd434edba6211,WISCONSIN AVENUE NW AND HALL PLACE NW,WISCONSIN AVENUE NW,HALL PLACE NW,75.36153227566527,1693da7149727fa7a0586d425a321593,False
65015476331,2319 WISCONSIN AVENUE NW,WARD 3,major,3,b921d28ae41fc13d0cc1722d598dfc5c,TUNLAW ROAD NW AND 37TH STREET NW,TUNLAW ROAD NW,37TH STREET NW,153.13408351993343,1693da7149727fa7a0586d425a321593,False
65015476331,2319 WISCONSIN AVENUE NW,WARD 3,major,4,ac6411a9c1fa25feeed1673e8b6a225f,BENTON STREET NW AND TUNLAW ROAD NW,BENTON STREET NW,TUNLAW ROAD NW,158.41754824554968,1693da7149727fa7a0586d425a321593,False
65015476331,2319 WISCONSIN AVENUE NW,WARD 3,major,5,d9a81cfd6443550f4fb5ec1b4af1e44f,TUNLAW ROAD NW AND 37TH STREET NW,TUNLAW ROAD NW,37TH STREET NW,166.12912593001636,1693da7149727fa7a0586d425a321593,False
65192208064,1005 7TH STREET NW,WARD 2,major,1,93667065a3b82c1c7e707b22ceb44bc7,7TH STREET NW AND ALLEN Y LEW PLACE NW,7TH STREET NW,ALLEN Y LEW PLACE NW,58.9892781960706,93667065a3b82c1c7e707b22ceb44bc7,True
65192208064,1005 7TH STREET NW,WARD 2,major,2,a61fbbe87065492828e2e7c69924cb96,7TH STREET NW AND K STREET NW,7TH STREET NW,K STREET NW,97.26868709739158,93667065a3b82c1c7e707b22ceb44bc7,False
65192208064,1005 7TH STREET NW,WARD 2,major,3,9ffd9d096463a96d8c0162fbde4837a3,L STREET NW AND 7TH STREET NW,L STREET NW,7TH STREET NW,104.10416757614601,93667065a3b82c1c7e707b22ceb44bc7,False
65192208064,1005 7TH STREET NW,WARD 2,major,4,d7a7469c77c590f694b4ddea9ce15da2,6TH STREET NW AND NEW YORK AVENUE NW,6TH STREET NW,NEW YORK AVENUE NW,135.35570599674654,93667065a3b82c1c7e707b22ceb44bc7,False
65192208064,1005 7TH STREET NW,WARD 2,major,5,ff9d7ae9f76593885fcb0612370c9385,MASSACHUSETTS AVENUE NW AND 7TH STREET NW,MASSACHUSETTS AVENUE NW,7TH STREET NW,140.744813751905,93667065a3b82c1c7e707b22ceb44bc7,False
66637355426,"COLUMBIA ROAD NW
WASHINGTON,",WARD 1,minor,1,0db0b1dad0106145386d64f5b0012206,HARVARD STREET NW AND COLUMBIA ROAD NW,HARVARD STREET NW,COLUMBIA ROAD NW,44.207129657675814,6bc6ee0bbbb59195195d1911c1fed411,False
66637355426,"COLUMBIA ROAD NW
WASHINGTON,",WARD 1,minor,2,0f71be17080a4db6e4ecf415214829f1,ARGONNE PLACE NW AND HARVARD STREET NW,ARGONNE PLACE NW,HARVARD STREET NW,47.39264408565774,6bc6ee0bbbb59195195d1911c1fed411,False
66637355426,"COLUMBIA ROAD NW
WASHINGTON,",WARD 1,minor,3,6bc6ee0bbbb59195195d1911c1fed411,16TH STREET NW AND MOUNT PLEASANT STREET NW,16TH STREET NW,MOUNT PLEASANT STREET NW,65.42464753808706,6bc6ee0bbbb59195195d1911c1fed411,True
66637355426,"COLUMBIA ROAD NW
WASHINGTON,",WARD 1,minor,4,5438dd56eb6be6ba1f3e6639a6483629,ARGONNE PLACE NW AND MOUNT PLEASANT STREET NW,ARGONNE PLACE NW,MOUNT PLEASANT STREET NW,72.89419058441354,6bc6ee0bbbb59195195d1911c1fed411,False
66637355426,"COLUMBIA ROAD NW
WASHINGTON,",WARD 1,minor,5,76b6747385f0e234917a37bcf56a9f30,HARVARD STREET NW AND 16TH STREET NW,HARVARD STREET NW,16TH STREET NW,74.70843483745116,6bc6ee0bbbb59195195d1911c1fed411,False
56628127720,"VIRGINIA AVENUE NW
WASHINGTON,",WARD 2,pdo,1,c7b5bacb56dccd965cad5254ba1b5100,25TH STREET NW AND NEW HAMPSHIRE AVENUE NW,25TH STREET NW,NEW HAMPSHIRE AVENUE NW,30.28257608269583,07bd60c2e25615a823ba1f9e7b2abe43,False
56628127720,"VIRGINIA AVENUE NW
WASHINGTON,",WARD 2,pdo,2,07bd60c2e25615a823ba1f9e7b2abe43,25TH STREET NW AND VIRGINIA AVENUE NW,25TH STREET NW,VIRGINIA AVENUE NW,37.30374914032607,07bd60c2e25615a823ba1f9e7b2abe43,True
56628127720,"VIRGINIA AVENUE NW
WASHINGTON,",WARD 2,pdo,3,49511547c2eb97df4f3287330651a94f,VIRGINIA AVENUE NW AND 25TH STREET NW,VIRGINIA AVENUE NW,25TH STREET NW,39.01011892275208,07bd60c2e25615a823ba1f9e7b2abe43,False
56628127720,"VIRGINIA AVENUE NW
WASHINGTON,",WARD 2,pdo,4,bf4f504d784dd45998c84bb95764b550,25TH STREET NW AND 25TH STREET NW,25TH STREET NW,25TH STREET NW,44.11112936377801,07bd60c2e25615a823ba1f9e7b2abe43,False
56628127720,"VIRGINIA AVENUE NW
WASHINGTON,",WARD 2,pdo,5,7b4af2023db70dd24f08a8363089f2d4,25TH STREET NW AND NEW HAMPSHIRE AVENUE NW,25TH STREET NW,NEW HAMPSHIRE AVENUE NW,49.71617001417331,07bd60c2e25615a823ba1f9e7b2abe43,False
68626675680,1800 35TH STREET NW,WARD 2,minor,1,76c3e7c87301ea74563cf2352c3329ba,35TH STREET NW AND S STREET NW,35TH STREET NW,S STREET NW,23.023187815408125,76c3e7c87301ea74563cf2352c3329ba,True
68626675680,1800 35TH STREET NW,WARD 2,minor,2,b3458ae569b407eb02de7ae9cffdd5b1,T STREET NW AND 35TH STREET NW,T STREET NW,35TH STREET NW,102.51502023631244,76c3e7c87301ea74563cf2352c3329ba,False
68626675680,1800 35TH STREET NW,WARD 2,minor,3,db1274a6fc4ed5261aea4e597834a569,35TH STREET NW AND R STREET NW,35TH STREET NW,R STREET NW,104.13804252577556,76c3e7c87301ea74563cf2352c3329ba,False
68626675680,1800 35TH STREET NW,WARD 2,minor,4,b702acfd730f83e1e9fd70b1a9701eac,T STREET NW AND 35TH PLACE NW,T STREET NW,35TH PLACE NW,112.6724090536736,76c3e7c87301ea74563cf2352c3329ba,False
68626675680,1800 35TH STREET NW,WARD 2,minor,5,d34ceeb99fbd65492787d1b394712e4f,36TH STREET NW AND S STREET NW,36TH STREET NW,S STREET NW,134.95784808901786,76c3e7c87301ea74563cf2352c3329ba,False
60000343260,1226 H STREET NE,WARD 6,minor,1,1ffa29691f1b2025c32370a666b5a5ed,WYLIE STREET NE AND 13TH STREET NE,WYLIE STREET NE,13TH STREET NE,83.06749186161976,1a0f746ff9415ac89fdf964a5367254e,False
60000343260,1226 H STREET NE,WARD 6,minor,2,1a0f746ff9415ac89fdf964a5367254e,13TH STREET NE AND H STREET NE,13TH STREET NE,H STREET NE,87.26914655671284,1a0f746ff9415ac89fdf964a5367254e,True
60000343260,1226 H STREET NE,WARD 6,minor,3,97314b18db32c2bb636cc6d8e8a8b928,WYLIE STREET NE AND 12TH STREET NE,WYLIE STREET NE,12TH STREET NE,91.82997906147358,1a0f746ff9415ac89fdf964a5367254e,False
60000343260,1226 H STREET NE,WARD 6,minor,4,97314b18db32c2bb636cc6d8e8a8b928,ATLAS COURT NE AND 12TH STREET NE,ATLAS COURT NE,12TH STREET NE,91.82999413765003,1a0f746ff9415ac89fdf964a5367254e,False
60000343260,1226 H STREET NE,WARD 6,minor,5,16d61c141bbba4717740f57eaef17c4d,12TH STREET NE AND H STREET NE,12TH STREET NE,H STREET NE,95.25191577153095,1a0f746ff9415ac89fdf964a5367254e,False
66091381460,4745 MASSACHUSETTS AVENUE NW,WARD 3,minor,1,ce58f77b931aa7c2881cef7857102ab8,48TH STREET NW AND WARREN STREET NW,48TH STREET NW,WARREN STREET NW,22.02369353204803,9f06c464795d29480ae42e50b0153773,False
66091381460,4745 MASSACHUSETTS AVENUE NW,WARD 3,minor,2,9f06c464795d29480ae42e50b0153773,FORDHAM ROAD NW AND 48TH STREET NW,FORDHAM ROAD NW,48TH STREET NW,34.650873961707255,9f06c464795d29480ae42e50b0153773,True
66091381460,4745 MASSACHUSETTS AVENUE NW,WARD 3,minor,3,36dbc6d6636fe160dbbf6831e2589161,48TH STREET NW AND WINDOM PLACE NW,48TH STREET NW,WINDOM PLACE NW,101.64831838066284,9f06c464795d29480ae42e50b0153773,False
66091381460,4745 MASSACHUSETTS AVENUE NW,WARD 3,minor,4,621202647407e7bf93e26d74608ca8a3,FORDHAM ROAD NW AND 48TH PLACE NW,FORDHAM ROAD NW,48TH PLACE NW,110.53860837585243,9f06c464795d29480ae42e50b0153773,False
66091381460,4745 MASSACHUSETTS AVENUE NW,WARD 3,minor,5,5ac31de0e6d81f170022e70a6f4f0641,VAN NESS STREET NW AND 48TH STREET NW,VAN NESS STREET NW,48TH STREET NW,164.1349798244406,9f06c464795d29480ae42e50b0153773,False
65436962604,1342 5TH STREET NW,WARD 2,pdo,1,c4c9840d21fd6158e657b0860914fb8e,O STREET NW AND 5TH STREET NW,O STREET NW,5TH STREET NW,23.117046241131355,c4c9840d21fd6158e657b0860914fb8e,True
65436962604,1342 5TH STREET NW,WARD 2,pdo,2,67572d2af4f7b7d380a92c4f11808cc0,6TH STREET NW AND O STREET NW,6TH STREET NW,O STREET NW,87.48873909603572,c4c9840d21fd6158e657b0860914fb8e,False
65436962604,1342 5TH STREET NW,WARD 2,pdo,3,9e03980c261fc2e1708f3e18961c8b6f,N STREET NW AND 5TH STREET NW,N STREET NW,5TH STREET NW,125.1860683626896,c4c9840d21fd6158e657b0860914fb8e,False
65436962604,1342 5TH STREET NW,WARD 2,pdo,4,0540a8b3ec3239d20098db47b76270da,P STREET NW AND 5TH STREET NW,P STREET NW,5TH STREET NW,142.1863708258991,c4c9840d21fd6158e657b0860914fb8e,False
65436962604,1342 5TH STREET NW,WARD 2,pdo,5,7e21f934e974a0a4a521a71348700019,6TH STREET NW AND N STREET NW,6TH STREET NW,N STREET NW,150.52457362921604,c4c9840d21fd6158e657b0860914fb8e,False
70170822382,3403 16TH STREET NW,WARD 1,minor,1,2f4c364ba488beadcb8f2d50ebc8a57e,MERIDIAN PLACE NW AND CENTER STREET NW,MERIDIAN PLACE NW,CENTER STREET NW,26.118650865502794,23aa760ddce4595dd93e7b759999270f,False
70170822382,3403 16TH STREET NW,WARD 1,minor,2,23aa760ddce4595dd93e7b759999270f,16TH STREET NW AND MERIDIAN PLACE NW,16TH STREET NW,MERIDIAN PLACE NW,51.93522291639507,23aa760ddce4595dd93e7b759999270f,True
70170822382,3403 16TH STREET NW,WARD 1,minor,3,002d58359207451d04355a31fbe481e0,OAK STREET NW AND CENTER STREET NW,OAK STREET NW,CENTER STREET NW,59.25978702764168,23aa760ddce4595dd93e7b759999270f,False
70170822382,3403 16TH STREET NW,WARD 1,minor,4,e58fb816f805cafc09fe0bec0afb56c6,CENTER STREET NW AND OAK STREET NW,CENTER STREET NW,OAK STREET NW,71.87725271198434,23aa760ddce4595dd93e7b759999270f,False
70170822382,3403 16TH STREET NW,WARD 1,minor,5,4cb9c859941fed96d7c8df664ade2618,HERTFORD PLACE NW AND OAK STREET NW,HERTFORD PLACE NW,OAK STREET NW,77.18297254698496,23aa760ddce4595dd93e7b759999270f,False
63335972611,2537 PENNSYLVANIA AVENUE SE,WARD 7,minor,1,29d0970e3255df269f84b667b6cf01fa,PENNSYLVANIA AVENUE SE AND O STREET SE,PENNSYLVANIA AVENUE SE,O STREET SE,7.7103178296273,29d0970e3255df269f84b667b6cf01fa,True
63335972611,2537 PENNSYLVANIA AVENUE SE,WARD 7,minor,2,d5b9088469520ac966df88aaa659d941,27TH STREET SE AND O STREET SE,27TH STREET SE,O STREET SE,39.50988473770134,29d0970e3255df269f84b667b6cf01fa,False
63335972611,2537 PENNSYLVANIA AVENUE SE,WARD 7,minor,3,96cc274acba5726e1663fdeedddfd576,27TH STREET SE AND PENNSYLVANIA AVENUE SE,27TH STREET SE,PENNSYLVANIA AVENUE SE,44.11955825615637,29d0970e3255df269f84b667b6cf01fa,False
63335972611,2537 PENNSYLVANIA AVENUE SE,WARD 7,minor,4,4234ddb3e507fb399093e4fb52725769,L'ENFANT SQUARE SE AND MINNESOTA AVENUE SE,L'ENFANT SQUARE SE,MINNESOTA AVENUE SE,106.8461914115127,29d0970e3255df269f84b667b6cf01fa,False
63335972611,2537 PENNSYLVANIA AVENUE SE,WARD 7,minor,5,4408d7b3e15a2b8c4779622f65926d85,MINNESOTA AVENUE SE AND PENNSYLVANIA AVENUE SE,MINNESOTA AVENUE SE,PENNSYLVANIA AVENUE SE,119.89824472995147,29d0970e3255df269f84b667b6cf01fa,False
58912554944,3111 NAYLOR ROAD SE,WARD 8,pdo,1,56dbfa7e0e131c61678f3305dd85e97e,SOUTHERN AVENUE SE AND NAYLOR ROAD SE,SOUTHERN AVENUE SE,NAYLOR ROAD SE,142.03260129029738,56dbfa7e0e131c61678f3305dd85e97e,True
58912554944,3111 NAYLOR ROAD SE,WARD 8,pdo,2,de0798ab3b7200bb4725cb1ea82d1180,31ST STREET SE AND GAINESVILLE STREET SE,31ST STREET SE,GAINESVILLE STREET SE,150.4973210995025,56dbfa7e0e131c61678f3305dd85e97e,False
58912554944,3111 NAYLOR ROAD SE,WARD 8,pdo,3,ae3ebe663095f53005a50c13b31ca9d5,SOUTHERN AVENUE SE AND 30TH STREET SE,SOUTHERN AVENUE SE,30TH STREET SE,160.4565150673483,56dbfa7e0e131c61678f3305dd85e97e,False
58912554944,3111 NAYLOR ROAD SE,WARD 8,pdo,4,e3cb3591a24bf2640a8d5a7c2d1a0a9c,30TH STREET SE AND BUENA VISTA TERRACE SE,30TH STREET SE,BUENA VISTA TERRACE SE,184.77163457875366,56dbfa7e0e131c61678f3305dd85e97e,False
58912554944,3111 NAYLOR ROAD SE,WARD 8,pdo,5,524bd0e4a74ef6204ba7a6e0ce86c2a7,TERRACE ROAD SE AND GAINESVILLE STREET SE,TERRACE ROAD SE,GAINESVILLE STREET SE,202.91408608425274,56dbfa7e0e131c61678f3305dd85e97e,False
68008996059,101 M STREET SW,WARD 6,pdo,1,b146fd6acc4f998e178ef8b6578f5d97,M STREET SW AND CANAL STREET SW,M STREET SW,CANAL STREET SW,47.95399428752496,b146fd6acc4f998e178ef8b6578f5d97,True
68008996059,101 M STREET SW,WARD 6,pdo,2,14369d034ff7942db16feeb7f581d577,M STREET SW AND 1ST STREET SW,M STREET SW,1ST STREET SW,73.02779417575873,b146fd6acc4f998e178ef8b6578f5d97,False
68008996059,101 M STREET SW,WARD 6,pdo,3,237de793fd5ce6a2385769c4e48f0d91,DELAWARE AVENUE SW AND M STREET SW,DELAWARE AVENUE SW,M STREET SW,90.34354479071631,b146fd6acc4f998e178ef8b6578f5d97,False
68008996059,101 M STREET SW,WARD 6,pdo,4,a2746d84d16c18618137242cfd29ef46,M STREET SW AND CANAL STREET SW,M STREET SW,CANAL STREET SW,96.566294023653,b146fd6acc4f998e178ef8b6578f5d97,False
68008996059,101 M STREET SW,WARD 6,pdo,5,f7c961cfea43e00fe629325b155ba166,L STREET SW AND DELAWARE AVENUE SW,L STREET SW,DELAWARE AVENUE SW,99.0087079012361,b146fd6acc4f998e178ef8b6578f5d97,False
66148194720,2442 MARTIN LUTHER KING JR AVENUE SE,WARD 8,minor,1,e822a06e965889ae8b84982952ca95ed,HOWARD ROAD SE AND MARTIN LUTHER KING JR AVENUE SE,HOWARD ROAD SE,MARTIN LUTHER KING JR AVENUE SE,54.09893364379682,e822a06e965889ae8b84982952ca95ed,True
66148194720,2442 MARTIN LUTHER KING JR AVENUE SE,WARD 8,minor,2,f76abb8f5d8d190d809828fe2f20f914,TALBERT STREET SE AND MARTIN LUTHER KING JR AVENUE SE,TALBERT STREET SE,MARTIN LUTHER KING JR AVENUE SE,142.15656437646993,e822a06e965889ae8b84982952ca95ed,False
66148194720,2442 MARTIN LUTHER KING JR AVENUE SE,WARD 8,minor,3,d604c332860a8f94c128c03b9e91fc4f,HOWARD ROAD SE AND SAYLES PLACE SE,HOWARD ROAD SE,SAYLES PLACE SE,156.43872511873604,e822a06e965889ae8b84982952ca95ed,False
66148194720,2442 MARTIN LUTHER KING JR AVENUE SE,WARD 8,minor,4,28a24c5980bd1dd110fca69c6c590995,SHANNON PLACE SE AND TALBERT STREET SE,SHANNON PLACE SE,TALBERT STREET SE,185.2997836402721,e822a06e965889ae8b84982952ca95ed,False
66148194720,2442 MARTIN LUTHER KING JR AVENUE SE,WARD 8,minor,5,1fdf476f71e9fa29b8d3d12a2ce6b12f,TALBERT STREET SE AND MOUNT VIEW PLACE SE,TALBERT STREET SE,MOUNT VIEW PLACE SE,185.5401926100223,e822a06e965889ae8b84982952ca95ed,False
64257187833,1730 CORCORAN STREET NW,WARD 2,pdo,1,f21fca162a0d430dae76dfb0aa017ce3,CORCORAN STREET NW AND 17TH STREET NW,CORCORAN STREET NW,17TH STREET NW,106.7940160109835,f21fca162a0d430dae76dfb0aa017ce3,True
64257187833,1730 CORCORAN STREET NW,WARD 2,pdo,2,d7127e09f96bffe0b37acfd63921ebd8,NEW HAMPSHIRE AVENUE NW AND R STREET NW,NEW HAMPSHIRE AVENUE NW,R STREET NW,115.87573077025121,f21fca162a0d430dae76dfb0aa017ce3,False
64257187833,1730 CORCORAN STREET NW,WARD 2,pdo,3,f3630c887c7f666c055c448e0b91a7cb,Q STREET NW AND 17TH STREET NW,Q STREET NW,17TH STREET NW,134.7249804935294,f21fca162a0d430dae76dfb0aa017ce3,False
64257187833,1730 CORCORAN STREET NW,WARD 2,pdo,4,645e238458a0caa60a906555d6c10dcf,R STREET NW AND 17TH STREET NW,R STREET NW,17TH STREET NW,135.01983706516148,f21fca162a0d430dae76dfb0aa017ce3,False
64257187833,1730 CORCORAN STREET NW,WARD 2,pdo,5,2ab6ccc945950ed054955bee8387215d,NEW HAMPSHIRE AVENUE NW AND CORCORAN STREET NW,NEW HAMPSHIRE AVENUE NW,CORCORAN STREET NW,141.56705174619523,f21fca162a0d430dae76dfb0aa017ce3,False
57499902864,3382 ERIE STREET SE,WARD 7,minor,1,f8b2ea0b5e1d504f609185a15778ae23,ERIE STREET SE AND SOUTHERN AVENUE SE,ERIE STREET SE,SOUTHERN AVENUE SE,38.46016219111204,f8b2ea0b5e1d504f609185a15778ae23,True
57499902864,3382 ERIE STREET SE,WARD 7,minor,2,2226ed0bba020e6765b42506f785aa0e,WEST FAIRHILL DRIVE SE AND SOUTHERN AVENUE SE,WEST FAIRHILL DRIVE SE,SOUTHERN AVENUE SE,64.50246113398556,f8b2ea0b5e1d504f609185a15778ae23,False
57499902864,3382 ERIE STREET SE,WARD 7,minor,3,4675f16c0c5d15df2644ff27b2c77c45,DENVER STREET SE AND HIGHVIEW TERRACE SE,DENVER STREET SE,HIGHVIEW TERRACE SE,106.29942672111818,f8b2ea0b5e1d504f609185a15778ae23,False
57499902864,3382 ERIE STREET SE,WARD 7,minor,4,aeab3001bbac30eea81353c9ce4e5306,SOUTHERN AVENUE SE AND 34TH STREET SE,SOUTHERN AVENUE SE,34TH STREET SE,124.96158052893287,f8b2ea0b5e1d504f609185a15778ae23,False
57499902864,3382 ERIE STREET SE,WARD 7,minor,5,c4565ebebb7d2ea0d7a41763a0a1f235,HIGHVIEW TERRACE SE AND 34TH STREET SE,HIGHVIEW TERRACE SE,34TH STREET SE,147.4228672418311,f8b2ea0b5e1d504f609185a15778ae23,False
67296919412,1228 MOUNT OLIVET ROAD NE,WARD 5,pdo,1,82f68743f6f52f895e151914b0712b17,MOUNT OLIVET ROAD NE AND MONTELLO AVENUE NE,MOUNT OLIVET ROAD NE,MONTELLO AVENUE NE,63.869517061155705,82f68743f6f52f895e151914b0712b17,True
67296919412,1228 MOUNT OLIVET ROAD NE,WARD 5,pdo,2,bbf07471d6586284a6aee92b21dc91e7,MONTELLO AVENUE NE AND SIMMS PLACE NE,MONTELLO AVENUE NE,SIMMS PLACE NE,98.42246922590692,82f68743f6f52f895e151914b0712b17,False
67296919412,1228 MOUNT OLIVET ROAD NE,WARD 5,pdo,3,1b8e2af26d41cd9cc08c2b646b9ee053,WEST VIRGINIA AVENUE NE AND MOUNT OLIVET ROAD NE,WEST VIRGINIA AVENUE NE,MOUNT OLIVET ROAD NE,138.04505366196327,82f68743f6f52f895e151914b0712b17,False
67296919412,1228 MOUNT OLIVET ROAD NE,WARD 5,pdo,4,dab98356d3a9d20dbd22d80715b950f0,CENTRAL PLACE NE AND WEST VIRGINIA AVENUE NE,CENTRAL PLACE NE,WEST VIRGINIA AVENUE NE,156.2505005069587,82f68743f6f52f895e151914b0712b17,False
67296919412,1228 MOUNT OLIVET ROAD NE,WARD 5,pdo,5,3f289def37c830d6350bbf52a6d517e7,MONTELLO AVENUE NE AND RAUM STREET NE,MONTELLO AVENUE NE,RAUM STREET NE,171.91289177911295,82f68743f6f52f895e151914b0712b17,False
69236354789,2300 PENNSYLVANIA AVENUE SE,WARD 7,minor,1,1e003a8fda140014305fd5218e6b4356,PENNSYLVANIA AVENUE SE WESTBOUND AND RAMP TO ANACOSTIA FREEWAY SE NORTHBOUND,PENNSYLVANIA AVENUE SE,ANACOSTIA FREEWAY SE,50.80188880550328,bab0627e3974628730209d498841088e,False
69236354789,2300 PENNSYLVANIA AVENUE SE,WARD 7,minor,2,b251534b7b174c00827f4f5e88524152,L'ENFANT SQUARE SE AND MINNESOTA AVENUE SE,L'ENFANT SQUARE SE,MINNESOTA AVENUE SE,74.69379496223824,bab0627e3974628730209d498841088e,False
69236354789,2300 PENNSYLVANIA AVENUE SE,WARD 7,minor,3,b4169b8ccedffefa3b35db7776baa336,PROUT STREET SE AND PENNSYLVANIA AVENUE SE,PROUT STREET SE,PENNSYLVANIA AVENUE SE,90.52710854085379,bab0627e3974628730209d498841088e,False
69236354789,2300 PENNSYLVANIA AVENUE SE,WARD 7,minor,4,ea7cf8936b2c6a7e18c507f74b6e399c,BURNS STREET SE AND FAIRLAWN AVENUE SE,BURNS STREET SE,FAIRLAWN AVENUE SE,93.16004534957128,bab0627e3974628730209d498841088e,False
69236354789,2300 PENNSYLVANIA AVENUE SE,WARD 7,minor,5,bab0627e3974628730209d498841088e,FAIRLAWN AVENUE SE AND RAMP TO ANACOSTIA FREEWAY SE NORTHBOUND,FAIRLAWN AVENUE SE,ANACOSTIA FREEWAY SE,110.97904890083504,bab0627e3974628730209d498841088e,True
54123585657,1625 ECKINGTON PLACE NE,WARD 5,pdo,1,5425b7296bd0b2e93f5cf2d50e323806,QUINCY PLACE NE AND ECKINGTON PLACE NE,QUINCY PLACE NE,ECKINGTON PLACE NE,25.64385017473226,5425b7296bd0b2e93f5cf2d50e323806,True
54123585657,1625 ECKINGTON PLACE NE,WARD 5,pdo,2,7c59e82af4eae082d10c16cc9c010ddc,R STREET NE AND ECKINGTON PLACE NE,R STREET NE,ECKINGTON PLACE NE,58.534865243896874,5425b7296bd0b2e93f5cf2d50e323806,False
54123585657,1625 ECKINGTON PLACE NE,WARD 5,pdo,3,afcdb2cf7253e1068aae33140d3f15ee,2ND STREET NE AND R STREET NE,2ND STREET NE,R STREET NE,104.08711289420033,5425b7296bd0b2e93f5cf2d50e323806,False
54123585657,1625 ECKINGTON PLACE NE,WARD 5,pdo,4,ecaefa9716ba5b8bf17348f71671ac89,ECKINGTON PLACE NE AND Q STREET NE,ECKINGTON PLACE NE,Q STREET NE,110.40419877330628,5425b7296bd0b2e93f5cf2d50e323806,False
54123585657,1625 ECKINGTON PLACE NE,WARD 5,pdo,5,386c3ba2550eb55c53c5b36ad1eb3308,RANDOLPH PLACE NE AND 2ND STREET NE,RANDOLPH PLACE NE,2ND STREET NE,164.33762017534676,5425b7296bd0b2e93f5cf2d50e323806,False
55696201926,1810 SAVANNAH STREET SE,WARD 8,major,1,c348ada2fc651b0c21a3c729f247f448,SAVANNAH STREET SE AND 18TH STREET SE,SAVANNAH STREET SE,18TH STREET SE,26.491755449850693,c348ada2fc651b0c21a3c729f247f448,True
55696201926,1810 SAVANNAH STREET SE,WARD 8,major,2,80df20c1a7117b8484e08d6a07d66ede,19TH STREET SE AND SAVANNAH TERRACE SE,19TH STREET SE,SAVANNAH TERRACE SE,102.42939169859397,c348ada2fc651b0c21a3c729f247f448,False
55696201926,1810 SAVANNAH STREET SE,WARD 8,major,3,983681c4682c726175c8151f54a4a404,SAVANNAH STREET SE AND STANTON ROAD SE,SAVANNAH STREET SE,STANTON ROAD SE,136.68424991907048,c348ada2fc651b0c21a3c729f247f448,False
55696201926,1810 SAVANNAH STREET SE,WARD 8,major,4,a4f08a25c9e8408eb2fc8c5dfe4ef0fd,19TH STREET SE AND TREMONT STREET SE,19TH STREET SE,TREMONT STREET SE,137.06662014388195,c348ada2fc651b0c21a3c729f247f448,False
55696201926,1810 SAVANNAH STREET SE,WARD 8,major,5,41fba4bd128ea3a06e61ef11fda885a4,18TH STREET SE AND TRENTON PLACE SE,18TH STREET SE,TRENTON PLACE SE,148.53743389989262,c348ada2fc651b0c21a3c729f247f448,False
55640496170,"MASSACHUSETTS AVENUE NW
WASHINGTON,",WARD 2,minor,1,2f08ecd0382d0acc5367679014bda5b7,22ND STREET NW AND Q STREET NW,22ND STREET NW,Q STREET NW,14.655942327545208,937ae69e3cb072d0145f9e3f49f7a826,False
55640496170,"MASSACHUSETTS AVENUE NW
WASHINGTON,",WARD 2,minor,2,9c1f05b83a03eee5abd399e77fbbe31f,Q STREET NW AND FLORIDA AVENUE NW,Q STREET NW,FLORIDA AVENUE NW,18.69913125200849,937ae69e3cb072d0145f9e3f49f7a826,False
55640496170,"MASSACHUSETTS AVENUE NW
WASHINGTON,",WARD 2,minor,3,937ae69e3cb072d0145f9e3f49f7a826,22ND STREET NW AND MASSACHUSETTS AVENUE NW,22ND STREET NW,MASSACHUSETTS AVENUE NW,26.933326374394255,937ae69e3cb072d0145f9e3f49f7a826,True
55640496170,"MASSACHUSETTS AVENUE NW
WASHINGTON,",WARD 2,minor,4,6358275416320420e3bf4bd3d1122427,FLORIDA AVENUE NW AND 22ND STREET NW,FLORIDA AVENUE NW,22ND STREET NW,58.4824599752447,937ae69e3cb072d0145f9e3f49f7a826,False
55640496170,"MASSACHUSETTS AVENUE NW
WASHINGTON,",WARD 2,minor,5,ac2c50f7c52dd57de13f4ba07686fa2a,Q STREET NW AND MASSACHUSETTS AVENUE NW,Q STREET NW,MASSACHUSETTS AVENUE NW,88.8953893086345,937ae69e3cb072d0145f9e3f49f7a826,False
53944093842,1481 FLORIDA AVENUE NW,WARD 1,minor,1,f650d9b978e8fcd02049c8d485113d82,NEW HAMPSHIRE AVENUE NW AND FLORIDA AVENUE NW,NEW HAMPSHIRE AVENUE NW,FLORIDA AVENUE NW,46.17054348547808,f650d9b978e8fcd02049c8d485113d82,True
53944093842,1481 FLORIDA AVENUE NW,WARD 1,minor,2,f650d9b978e8fcd02049c8d485113d82,FLORIDA AVENUE NW AND W STREET NW,FLORIDA AVENUE NW,W STREET NW,46.17054473277738,f650d9b978e8fcd02049c8d485113d82,True
53944093842,1481 FLORIDA AVENUE NW,WARD 1,minor,3,68b643683674ae0c560256797b14c56e,15TH STREET NW AND BELMONT STREET NW,15TH STREET NW,BELMONT STREET NW,141.8857209152001,f650d9b978e8fcd02049c8d485113d82,False
53944093842,1481 FLORIDA AVENUE NW,WARD 1,minor,4,f6598f9229e00ac352f5a7a5470d9ac2,15TH STREET NW AND V STREET NW,15TH STREET NW,V STREET NW,146.24773704742083,f650d9b978e8fcd02049c8d485113d82,False
53944093842,1481 FLORIDA AVENUE NW,WARD 1,minor,5,e05bc9a9c3e204b228620f49e140fe94,V STREET NW AND NEW HAMPSHIRE AVENUE NW,V STREET NW,NEW HAMPSHIRE AVENUE NW,181.46835402161372,f650d9b978e8fcd02049c8d485113d82,False
57286169952,"WARD CIRCLE NW
WASHINGTON,",WARD 3,pdo,1,269e703d094d5fcc478473e630650b8b,WARD CIRCLE NW AND NEBRASKA AVENUE NW,WARD CIRCLE NW,NEBRASKA AVENUE NW,38.78498979929659,d4bfdaed6bf7439ac1dfba88b22ca252,False
57286169952,"WARD CIRCLE NW
WASHINGTON,",WARD 3,pdo,2,d4bfdaed6bf7439ac1dfba88b22ca252,MASSACHUSETTS AVENUE NW AND WARD CIRCLE NW,MASSACHUSETTS AVENUE NW,WARD CIRCLE NW,39.373485986079565,d4bfdaed6bf7439ac1dfba88b22ca252,True
57286169952,"WARD CIRCLE NW
WASHINGTON,",WARD 3,pdo,3,0ab0d7975ec09b41598648d6a36ec32d,MASSACHUSETTS AVENUE NW AND WARD CIRCLE NW,MASSACHUSETTS AVENUE NW,WARD CIRCLE NW,39.88003945369508,d4bfdaed6bf7439ac1dfba88b22ca252,False
57286169952,"WARD CIRCLE NW
WASHINGTON,",WARD 3,pdo,4,b99df8c28614c2005b59b74c7e133275,NEBRASKA AVENUE NW AND WARD CIRCLE NW,NEBRASKA AVENUE NW,WARD CIRCLE NW,45.09709303770902,d4bfdaed6bf7439ac1dfba88b22ca252,False
57286169952,"WARD CIRCLE NW
WASHINGTON,",WARD 3,pdo,5,b41c76235f26dd4d6f7e5a8b527eb9bf,SEDGWICK STREET NW AND 44TH STREET NW,SEDGWICK STREET NW,44TH STREET NW,167.74492374499312,d4bfdaed6bf7439ac1dfba88b22ca252,False
64601617312,4923 EAST CAPITOL STREET SE,WARD 7,pdo,1,0b7303f3038e8f2de1a533d32524e363,EAST CAPITOL STREET AND 49TH PLACE NE,EAST CAPITOL STREET,49TH PLACE NE,16.803253854984153,62f637379c75db9c3643b4c25d2ad117,False
64601617312,4923 EAST CAPITOL STREET SE,WARD 7,pdo,2,0f476426268afbbe80bd7a25541200a4,CENTRAL AVENUE NE AND 49TH PLACE NE,CENTRAL AVENUE NE,49TH PLACE NE,43.11711162416634,62f637379c75db9c3643b4c25d2ad117,False
64601617312,4923 EAST CAPITOL STREET SE,WARD 7,pdo,3,d576f05d20a5b5c9aed09cb02c93ce85,EAST CAPITOL STREET AND CENTRAL AVENUE NE,EAST CAPITOL STREET,CENTRAL AVENUE NE,43.95939758438899,62f637379c75db9c3643b4c25d2ad117,False
64601617312,4923 EAST CAPITOL STREET SE,WARD 7,pdo,4,18ed738654aac2e46a140b124fdfe2b3,EAST CAPITOL STREET AND SYCAMORE ROAD NE,EAST CAPITOL STREET,SYCAMORE ROAD NE,68.3144753249059,62f637379c75db9c3643b4c25d2ad117,False
64601617312,4923 EAST CAPITOL STREET SE,WARD 7,pdo,5,9751d50d4c38c0e5fe274826116a09e6,CENTRAL AVENUE NE AND SYCAMORE ROAD NE,CENTRAL AVENUE NE,SYCAMORE ROAD NE,96.7795759984018,62f637379c75db9c3643b4c25d2ad117,False
67825142677,6104 1ST PLACE NE,WARD 4,pdo,1,4419e0a6e9f2da73469d09b74a7faaab,1ST PLACE NE AND CHILLUM PLACE NE,1ST PLACE NE,CHILLUM PLACE NE,26.80226897589859,4419e0a6e9f2da73469d09b74a7faaab,True
67825142677,6104 1ST PLACE NE,WARD 4,pdo,2,047b2b69de5c10bef1bcc8d9aeb3e853,KANSAS AVENUE NE AND KANSAS AVENUE NW,KANSAS AVENUE NE,KANSAS AVENUE NW,119.17034708355698,4419e0a6e9f2da73469d09b74a7faaab,False
67825142677,6104 1ST PLACE NE,WARD 4,pdo,3,28ca8051d42e20cceea7ee40e817ec3d,SLIGO MILL ROAD NE AND CHILLUM PLACE NE,SLIGO MILL ROAD NE,CHILLUM PLACE NE,125.36666129742828,4419e0a6e9f2da73469d09b74a7faaab,False
67825142677,6104 1ST PLACE NE,WARD 4,pdo,4,e230e9966cfbe0728c7def9b88730af6,CHILLUM PLACE NW AND NORTH CAPITOL STREET,CHILLUM PLACE NW,NORTH CAPITOL STREET,152.0550280593001,4419e0a6e9f2da73469d09b74a7faaab,False
67825142677,6104 1ST PLACE NE,WARD 4,pdo,5,c332870698bc917cc897dd3e8883b9f8,RITTENHOUSE STREET NE AND KANSAS AVENUE NE,RITTENHOUSE STREET NE,KANSAS AVENUE NE,165.75662683752148,4419e0a6e9f2da73469d09b74a7faaab,False
58782584233,5369 CHILLUM PLACE NE,WARD 5,minor,1,03be626738b455b34117b638131acfd0,INGRAHAM STREET NE AND 7TH STREET NE,INGRAHAM STREET NE,7TH STREET NE,128.9020246592471,825cef898d3a6846c00ec1d1a72407d3,False
58782584233,5369 CHILLUM PLACE NE,WARD 5,minor,2,825cef898d3a6846c00ec1d1a72407d3,JEFFERSON STREET NE AND CHILLUM PLACE NE,JEFFERSON STREET NE,CHILLUM PLACE NE,148.12377743843743,825cef898d3a6846c00ec1d1a72407d3,True
58782584233,5369 CHILLUM PLACE NE,WARD 5,minor,3,c1543b8fd7084319e5c1b5159bfcf535,8TH STREET NE AND HAMILTON STREET NE,8TH STREET NE,HAMILTON STREET NE,196.44473199336267,825cef898d3a6846c00ec1d1a72407d3,False
58782584233,5369 CHILLUM PLACE NE,WARD 5,minor,4,85a6e8e5fe8802f495d5999547826fc4,MADISON STREET NE AND KENNEDY STREET NE,MADISON STREET NE,KENNEDY STREET NE,210.5227120101334,825cef898d3a6846c00ec1d1a72407d3,False
58782584233,5369 CHILLUM PLACE NE,WARD 5,minor,5,3cf4b4cfe2dba4948f4c2d9047602b89,CHILLUM PLACE NE AND KENNEDY STREET NE,CHILLUM PLACE NE,KENNEDY STREET NE,228.07107893942668,825cef898d3a6846c00ec1d1a72407d3,False
55997230039,258 57TH PLACE NE,WARD 7,major,1,6c848bf3bee62175cf13ce6973634b06,CLAY STREET NE AND 57TH PLACE NE,CLAY STREET NE,57TH PLACE NE,1.6527697187240333,6c848bf3bee62175cf13ce6973634b06,True
55997230039,258 57TH PLACE NE,WARD 7,major,2,04fa90e72ed0d0f231f4fcd8713a49f5,58TH STREET NE AND CLAY STREET NE,58TH STREET NE,CLAY STREET NE,70.72233906612402,6c848bf3bee62175cf13ce6973634b06,False
55997230039,258 57TH PLACE NE,WARD 7,major,3,88ac67c718077e7a5d16f2ee45633f02,CLAY PLACE NE AND 57TH PLACE NE,CLAY PLACE NE,57TH PLACE NE,71.27831264965003,6c848bf3bee62175cf13ce6973634b06,False
55997230039,258 57TH PLACE NE,WARD 7,major,4,de18172700d9331a31edd2ecd98e7a54,58TH STREET NE AND CLAY STREET NE,58TH STREET NE,CLAY STREET NE,77.42724569417848,6c848bf3bee62175cf13ce6973634b06,False
55997230039,258 57TH PLACE NE,WARD 7,major,5,7351bd6c958ba87f2d6f7fa60a2686d4,57TH STREET NE AND CLAY PLACE NE,57TH STREET NE,CLAY PLACE NE,101.2559711573158,6c848bf3bee62175cf13ce6973634b06,False
56562418021,1534 25TH STREET SE,WARD 7,minor,1,d315f0e12fbb90495a01cfb606479ce1,PARK PLACE SE AND 25TH STREET SE,PARK PLACE SE,25TH STREET SE,20.15465154531138,d315f0e12fbb90495a01cfb606479ce1,True
56562418021,1534 25TH STREET SE,WARD 7,minor,2,84abb713d97d5c7fa3bf8b5cd9a3233a,PALMER PLACE SE AND 25TH STREET SE,PALMER PLACE SE,25TH STREET SE,85.42807944110167,d315f0e12fbb90495a01cfb606479ce1,False
56562418021,1534 25TH STREET SE,WARD 7,minor,3,444219874e72e15c1b6d1d6993b07612,Q STREET SE AND 25TH STREET SE,Q STREET SE,25TH STREET SE,89.26702904883294,d315f0e12fbb90495a01cfb606479ce1,False
56562418021,1534 25TH STREET SE,WARD 7,minor,4,f952ca0cf5bdb5d7434fbf6f56be1d08,Q STREET SE AND 26TH PLACE SE,Q STREET SE,26TH PLACE SE,105.53565897324586,d315f0e12fbb90495a01cfb606479ce1,False
56562418021,1534 25TH STREET SE,WARD 7,minor,5,bcde9276cb5054362305ed9c915ef2d4,PARK PLACE SE AND WHITE PLACE SE,PARK PLACE SE,WHITE PLACE SE,107.08677429065646,d315f0e12fbb90495a01cfb606479ce1,False
61945374205,"K STREET NW & 1ST STREET NW
WASHINGTON,",WARD 6,minor,1,285fecec91b5f0702bdcb793987f3ce7,1ST STREET NW AND K STREET NW,1ST STREET NW,K STREET NW,0.04267648574009302,285fecec91b5f0702bdcb793987f3ce7,True
61945374205,"K STREET NW & 1ST STREET NW
WASHINGTON,",WARD 6,minor,2,c09a7502eb3c653d3b65a6976dbbc809,K STREET NW AND 1ST TERRACE NW,K STREET NW,1ST TERRACE NW,80.85876656483147,285fecec91b5f0702bdcb793987f3ce7,False
61945374205,"K STREET NW & 1ST STREET NW
WASHINGTON,",WARD 6,minor,3,47c35ab6950eead13902dac5bd91aaf8,1ST STREET NW AND I STREET NW,1ST STREET NW,I STREET NW,133.08385284392276,285fecec91b5f0702bdcb793987f3ce7,False
61945374205,"K STREET NW & 1ST STREET NW
WASHINGTON,",WARD 6,minor,4,58f6cf0d65c496898562dd52cc8a3b77,NEW JERSEY AVENUE NW AND K STREET NW,NEW JERSEY AVENUE NW,K STREET NW,134.25645528640558,285fecec91b5f0702bdcb793987f3ce7,False
61945374205,"K STREET NW & 1ST STREET NW
WASHINGTON,",WARD 6,minor,5,49b3180843fe1825a46f068789e8d2a4,1ST STREET NW AND L STREET NW,1ST STREET NW,L STREET NW,135.23451539524325,285fecec91b5f0702bdcb793987f3ce7,False
55785583003,1001 ALABAMA AVENUE SE,WARD 8,major,1,296ab5d5c76a5b04c091ba4a53e4f389,10TH PLACE SE AND ALABAMA AVENUE SE,10TH PLACE SE,ALABAMA AVENUE SE,22.860030197164313,296ab5d5c76a5b04c091ba4a53e4f389,True
55785583003,1001 ALABAMA AVENUE SE,WARD 8,major,2,5db0548788eeb127152f9062d1104744,ALABAMA AVENUE SE AND HEIGHTS ALLEY SE,ALABAMA AVENUE SE,HEIGHTS ALLEY SE,28.252850375218443,296ab5d5c76a5b04c091ba4a53e4f389,False
55785583003,1001 ALABAMA AVENUE SE,WARD 8,major,3,73de6d2e81aa06c1085daf6d4d08c8d1,ALABAMA AVENUE SE AND 11TH PLACE SE,ALABAMA AVENUE SE,11TH PLACE SE,73.40256404674287,296ab5d5c76a5b04c091ba4a53e4f389,False
55785583003,1001 ALABAMA AVENUE SE,WARD 8,major,4,f5c01aa1abc925075ba8091795cce1ec,ALABAMA AVENUE SE AND 9TH PLACE SE,ALABAMA AVENUE SE,9TH PLACE SE,78.58811798408226,296ab5d5c76a5b04c091ba4a53e4f389,False
55785583003,1001 ALABAMA AVENUE SE,WARD 8,major,5,0d85995698c1e1d31f2221c04c89c532,9TH STREET SE AND ALABAMA AVENUE SE,9TH STREET SE,ALABAMA AVENUE SE,96.61650882938233,296ab5d5c76a5b04c091ba4a53e4f389,False
67412482869,1350 CONNECTICUT AVENUE NW,WARD 2,minor,1,6415288f83b75f8699bb8c24f29a1db3,SUNDERLAND PLACE NW AND 19TH STREET NW,SUNDERLAND PLACE NW,19TH STREET NW,76.58413504876467,5f2ec2e6132a9f9b62c0354df60eced7,False
67412482869,1350 CONNECTICUT AVENUE NW,WARD 2,minor,2,7c085453d28b215797e615f7f84ca918,DUPONT CIRCLE NW AND CONNECTICUT AVENUE NW,DUPONT CIRCLE NW,CONNECTICUT AVENUE NW,78.45908980667144,5f2ec2e6132a9f9b62c0354df60eced7,False
67412482869,1350 CONNECTICUT AVENUE NW,WARD 2,minor,3,c7cb5b33ab7a80779c1714f3a80681ea,DUPONT CIRCLE NW AND CONNECTICUT AVENUE NW,DUPONT CIRCLE NW,CONNECTICUT AVENUE NW,79.00415470874411,5f2ec2e6132a9f9b62c0354df60eced7,False
67412482869,1350 CONNECTICUT AVENUE NW,WARD 2,minor,4,ee0c4132cb837fa0a5c568450790a43c,DUPONT CIRCLE NW AND 19TH STREET NW,DUPONT CIRCLE NW,19TH STREET NW,89.16171669032501,5f2ec2e6132a9f9b62c0354df60eced7,False
67412482869,1350 CONNECTICUT AVENUE NW,WARD 2,minor,5,8be80f77e05259df8669b756a463c2dd,DUPONT CIRCLE NW AND MASSACHUSETTS AVENUE NW,DUPONT CIRCLE NW,MASSACHUSETTS AVENUE NW,106.52127762944974,5f2ec2e6132a9f9b62c0354df60eced7,False
58662286844,"MINNESOTA AVENUE SE
WASHINGTON,",WARD 7,pdo,1,4408d7b3e15a2b8c4779622f65926d85,MINNESOTA AVENUE SE AND PENNSYLVANIA AVENUE SE,MINNESOTA AVENUE SE,PENNSYLVANIA AVENUE SE,56.11371027744997,4234ddb3e507fb399093e4fb52725769,False
58662286844,"MINNESOTA AVENUE SE
WASHINGTON,",WARD 7,pdo,2,4234ddb3e507fb399093e4fb52725769,L'ENFANT SQUARE SE AND MINNESOTA AVENUE SE,L'ENFANT SQUARE SE,MINNESOTA AVENUE SE,61.64493085821873,4234ddb3e507fb399093e4fb52725769,True
58662286844,"MINNESOTA AVENUE SE
WASHINGTON,",WARD 7,pdo,3,b251534b7b174c00827f4f5e88524152,L'ENFANT SQUARE SE AND MINNESOTA AVENUE SE,L'ENFANT SQUARE SE,MINNESOTA AVENUE SE,73.64204664799709,4234ddb3e507fb399093e4fb52725769,False
58662286844,"MINNESOTA AVENUE SE
WASHINGTON,",WARD 7,pdo,4,43ec5f30351db7356f4f1c0024c01ada,MINNESOTA AVENUE SE AND 25TH STREET SE,MINNESOTA AVENUE SE,25TH STREET SE,80.59773322514963,4234ddb3e507fb399093e4fb52725769,False
58662286844,"MINNESOTA AVENUE SE
WASHINGTON,",WARD 7,pdo,5,ea7cf8936b2c6a7e18c507f74b6e399c,BURNS STREET SE AND FAIRLAWN AVENUE SE,BURNS STREET SE,FAIRLAWN AVENUE SE,108.22789164089963,4234ddb3e507fb399093e4fb52725769,False
63728795517,650 MARYLAND AVENUE SW,WARD 2,pdo,1,acbd3e13664d04c11752de04d7bc0f1d,7TH STREET SW AND C STREET SW,7TH STREET SW,C STREET SW,27.2229496479212,acbd3e13664d04c11752de04d7bc0f1d,True
63728795517,650 MARYLAND AVENUE SW,WARD 2,pdo,2,f07182dce156f9f6eff8114ad6f4e469,VIRGINIA AVENUE SW AND 7TH STREET SW,VIRGINIA AVENUE SW,7TH STREET SW,94.21498311867853,acbd3e13664d04c11752de04d7bc0f1d,False
63728795517,650 MARYLAND AVENUE SW,WARD 2,pdo,3,e9fe775938006f5e646a48f3246e4b9c,INDEPENDENCE AVENUE SW AND 7TH STREET SW,INDEPENDENCE AVENUE SW,7TH STREET SW,131.3359986046533,acbd3e13664d04c11752de04d7bc0f1d,False
63728795517,650 MARYLAND AVENUE SW,WARD 2,pdo,4,4c383142c64e3f4d20131f9682c39572,C STREET SW AND 6TH STREET SW,C STREET SW,6TH STREET SW,153.4821147256069,acbd3e13664d04c11752de04d7bc0f1d,False
63728795517,650 MARYLAND AVENUE SW,WARD 2,pdo,5,573f5b3798e12d733e4b109555404b33,6TH STREET SW AND 6TH STREET SW,6TH STREET SW,6TH STREET SW,156.89959338019955,acbd3e13664d04c11752de04d7bc0f1d,False
53853522863,5306 CAROLINA PLACE NW,WARD 3,major,1,a4dc74cb9464a9f5ea1882c90fa308c8,CAROLINA PLACE NW AND ARIZONA AVENUE NW,CAROLINA PLACE NW,ARIZONA AVENUE NW,23.13118048666225,603a0aa912b164bf3dee1cd7665ea69a,False
53853522863,5306 CAROLINA PLACE NW,WARD 3,major,2,ad3c17cd180a549a32d0c1dd4a62fab9,ARIZONA AVENUE NW AND DORSETT PLACE NW,ARIZONA AVENUE NW,DORSETT PLACE NW,52.57395708913114,603a0aa912b164bf3dee1cd7665ea69a,False
53853522863,5306 CAROLINA PLACE NW,WARD 3,major,3,35391eede1c307af76fd188a9a87b0cd,ARIZONA AVENUE NW AND POTOMAC AVENUE NW,ARIZONA AVENUE NW,POTOMAC AVENUE NW,90.62671910956803,603a0aa912b164bf3dee1cd7665ea69a,False
53853522863,5306 CAROLINA PLACE NW,WARD 3,major,4,686e40800844c4ff36bcabfbabf31baa,CAROLINA PLACE NW AND GALENA PLACE NW,CAROLINA PLACE NW,GALENA PLACE NW,142.47822422022625,603a0aa912b164bf3dee1cd7665ea69a,False
53853522863,5306 CAROLINA PLACE NW,WARD 3,major,5,09411142a5edef5cdaf19c3ca6b332f7,GALENA PLACE NW AND DORSETT PLACE NW,GALENA PLACE NW,DORSETT PLACE NW,151.0079080306079,603a0aa912b164bf3dee1cd7665ea69a,False
56094001541,7201 BLAIR ROAD NW,WARD 4,minor,1,20c3823f6824b819c1c5dbeebfd81c48,BLAIR ROAD NW AND PINEY BRANCH ROAD NW,BLAIR ROAD NW,PINEY BRANCH ROAD NW,40.26450010113229,20c3823f6824b819c1c5dbeebfd81c48,True
56094001541,7201 BLAIR ROAD NW,WARD 4,minor,2,c57c0251e806bb6a65d9f98cf1bfeea5,SPRING PLACE NW AND CHESTNUT STREET NW,SPRING PLACE NW,CHESTNUT STREET NW,93.29315271363674,20c3823f6824b819c1c5dbeebfd81c48,False
56094001541,7201 BLAIR ROAD NW,WARD 4,minor,3,620249c0225524321676ce39e97d82b5,CHESTNUT STREET NW AND BLAIR ROAD NW,CHESTNUT STREET NW,BLAIR ROAD NW,103.22025838054567,20c3823f6824b819c1c5dbeebfd81c48,False
56094001541,7201 BLAIR ROAD NW,WARD 4,minor,4,f5e17c56307d58d29178352f3f2757e8,PINEY BRANCH ROAD NW AND DAHLIA STREET NW,PINEY BRANCH ROAD NW,DAHLIA STREET NW,120.24745981369422,20c3823f6824b819c1c5dbeebfd81c48,False
56094001541,7201 BLAIR ROAD NW,WARD 4,minor,5,038b4048eb8621da63138216247c5fd0,DAHLIA STREET NW AND BLAIR ROAD NW,DAHLIA STREET NW,BLAIR ROAD NW,136.65498947871384,20c3823f6824b819c1c5dbeebfd81c48,False
60413083592,1400 PENNSYLVANIA AVENUE SE,WARD 6,minor,1,841bb0d5344879887448693b8f92769e,POTOMAC AVENUE SE AND POTOMAC AVENUE SE,POTOMAC AVENUE SE,POTOMAC AVENUE SE,21.480401385805624,59ccbfab55c60865163bb4ff51beec8a,False
60413083592,1400 PENNSYLVANIA AVENUE SE,WARD 6,minor,2,59ccbfab55c60865163bb4ff51beec8a,POTOMAC AVENUE SE AND PENNSYLVANIA AVENUE SE,POTOMAC AVENUE SE,PENNSYLVANIA AVENUE SE,27.674640247780825,59ccbfab55c60865163bb4ff51beec8a,True
60413083592,1400 PENNSYLVANIA AVENUE SE,WARD 6,minor,3,51671a46047b10895b65fa9a525463cc,POTOMAC AVENUE SE AND 14TH STREET SE,POTOMAC AVENUE SE,14TH STREET SE,57.364021267083075,59ccbfab55c60865163bb4ff51beec8a,False
60413083592,1400 PENNSYLVANIA AVENUE SE,WARD 6,minor,4,dd4bfec7c363e2f1f3020c519476af5a,14TH STREET SE AND POTOMAC AVENUE SE,14TH STREET SE,POTOMAC AVENUE SE,61.23668259732877,59ccbfab55c60865163bb4ff51beec8a,False
60413083592,1400 PENNSYLVANIA AVENUE SE,WARD 6,minor,5,88a374681776e722a920815a2012d0c3,PENNSYLVANIA AVENUE SE AND POTOMAC AVENUE SE,PENNSYLVANIA AVENUE SE,POTOMAC AVENUE SE,91.93736730956711,59ccbfab55c60865163bb4ff51beec8a,False
60209721799,601 I STREET SW,WARD 6,minor,1,3c43760d3c0151089c28b783ef077379,I STREET SW AND 6TH STREET SW,I STREET SW,6TH STREET SW,18.99068169904089,3c43760d3c0151089c28b783ef077379,True
60209721799,601 I STREET SW,WARD 6,minor,2,c8a15b8c658c5f7b0a3d7f87f9bdd764,K STREET SW AND 6TH STREET SW,K STREET SW,6TH STREET SW,98.92475366574044,3c43760d3c0151089c28b783ef077379,False
60209721799,601 I STREET SW,WARD 6,minor,3,9792731f2d88af1814e7e681749c3e03,I STREET SW AND MAKEMIE PLACE SW,I STREET SW,MAKEMIE PLACE SW,106.48150717045921,3c43760d3c0151089c28b783ef077379,False
60209721799,601 I STREET SW,WARD 6,minor,4,7bfe4785f85a4def3b0bd9be1319c51c,6TH STREET SW AND H STREET SW,6TH STREET SW,H STREET SW,115.92242911078925,3c43760d3c0151089c28b783ef077379,False
60209721799,601 I STREET SW,WARD 6,minor,5,be4ebb0e42f325cc7158cd850bcea125,MAKEMIE PLACE SW AND K STREET SW,MAKEMIE PLACE SW,K STREET SW,137.9263955822674,3c43760d3c0151089c28b783ef077379,False
57994442465,1225 23RD STREET NW,WARD 2,minor,1,b92ddb5b1bcc9d4e3c15f99777bba847,M STREET NW AND 23RD STREET NW,M STREET NW,23RD STREET NW,90.75925137303963,b92ddb5b1bcc9d4e3c15f99777bba847,True
57994442465,1225 23RD STREET NW,WARD 2,minor,2,8fdfd4573209407c6277298fb8bc1553,WARD PLACE NW AND 22ND STREET NW,WARD PLACE NW,22ND STREET NW,119.05060992773264,b92ddb5b1bcc9d4e3c15f99777bba847,False
57994442465,1225 23RD STREET NW,WARD 2,minor,3,21f8b83f85c4ca247fe2449330db534d,N STREET NW AND 23RD STREET NW,N STREET NW,23RD STREET NW,129.80622414770605,b92ddb5b1bcc9d4e3c15f99777bba847,False
57994442465,1225 23RD STREET NW,WARD 2,minor,4,291db0527cb0f0fe7607553a3b597800,22ND STREET NW AND M STREET NW,22ND STREET NW,M STREET NW,143.5861431664881,b92ddb5b1bcc9d4e3c15f99777bba847,False
57994442465,1225 23RD STREET NW,WARD 2,minor,5,4adb433d630bce95d7666ed3bc1c6680,24TH STREET NW AND M STREET NW,24TH STREET NW,M STREET NW,144.94711733402613,b92ddb5b1bcc9d4e3c15f99777bba847,False
57161914972,700 M STREET NW,WARD 2,minor,1,f0b7b0d37a63465dc70c321ea5fd5a2b,M STREET NW AND 7TH STREET NW,M STREET NW,7TH STREET NW,23.85071376209462,f0b7b0d37a63465dc70c321ea5fd5a2b,True
57161914972,700 M STREET NW,WARD 2,minor,2,95d0de0b7d911b9e9da2b7288f9eaf4b,MCCOLLOUGH COURT NW AND M STREET NW,MCCOLLOUGH COURT NW,M STREET NW,48.390206220825554,f0b7b0d37a63465dc70c321ea5fd5a2b,False
57161914972,700 M STREET NW,WARD 2,minor,3,9ffd9d096463a96d8c0162fbde4837a3,L STREET NW AND 7TH STREET NW,L STREET NW,7TH STREET NW,140.23630580577486,f0b7b0d37a63465dc70c321ea5fd5a2b,False
57161914972,700 M STREET NW,WARD 2,minor,4,7d944cc9b76329737b3f2a0d1a0d8b67,M STREET NW AND 6TH STREET NW,M STREET NW,6TH STREET NW,175.88133323696246,f0b7b0d37a63465dc70c321ea5fd5a2b,False
57161914972,700 M STREET NW,WARD 2,minor,5,47f907bdd457af3840909060bcedb5fd,M STREET NW AND 9TH STREET NW,M STREET NW,9TH STREET NW,181.3678934215279,f0b7b0d37a63465dc70c321ea5fd5a2b,False
62271704166,1438 MONTELLO AVENUE NE,WARD 5,major,1,0061a96ae0f8d9735db32e394c4d4a58,PENN STREET NE AND MONTELLO AVENUE NE,PENN STREET NE,MONTELLO AVENUE NE,19.366194379475676,0061a96ae0f8d9735db32e394c4d4a58,True
62271704166,1438 MONTELLO AVENUE NE,WARD 5,major,2,95753dd53089f5ee267debf861b252d2,OWEN PLACE NE AND MONTELLO AVENUE NE,OWEN PLACE NE,MONTELLO AVENUE NE,67.22719648827065,0061a96ae0f8d9735db32e394c4d4a58,False
62271704166,1438 MONTELLO AVENUE NE,WARD 5,major,3,4f7f1968395611909778b80e7f2816fd,QUEEN STREET NE AND MONTELLO AVENUE NE,QUEEN STREET NE,MONTELLO AVENUE NE,72.7207975507185,0061a96ae0f8d9735db32e394c4d4a58,False
62271704166,1438 MONTELLO AVENUE NE,WARD 5,major,4,2d2dee5f48b364fa0622b0f6d9c401ca,MONTELLO AVENUE NE AND OATES STREET NE,MONTELLO AVENUE NE,OATES STREET NE,132.87445976553974,0061a96ae0f8d9735db32e394c4d4a58,False
62271704166,1438 MONTELLO AVENUE NE,WARD 5,major,5,714ba091e0e378a0441eae0c6a33244b,HOLBROOK TERRACE NE AND MONTELLO AVENUE NE,HOLBROOK TERRACE NE,MONTELLO AVENUE NE,141.49230642396213,0061a96ae0f8d9735db32e394c4d4a58,False
69271888396,"VIRGINIA AVENUE NW
WASHINGTON,",WARD 2,pdo,1,00cb0ddde12994798ef96716cef67752,VIRGINIA AVENUE NW AND 21ST STREET NW,VIRGINIA AVENUE NW,21ST STREET NW,49.49692074416117,00cb0ddde12994798ef96716cef67752,True
69271888396,"VIRGINIA AVENUE NW
WASHINGTON,",WARD 2,pdo,2,4a1f8f93ca4a7e26183537f103c9674d,VIRGINIA AVENUE NW AND D STREET NW,VIRGINIA AVENUE NW,D STREET NW,109.0744960103023,00cb0ddde12994798ef96716cef67752,False
69271888396,"VIRGINIA AVENUE NW
WASHINGTON,",WARD 2,pdo,3,38420b16495d7a0be2df25a8c50e82b5,E STREET NW AND 21ST STREET NW,E STREET NW,21ST STREET NW,127.85280294824538,00cb0ddde12994798ef96716cef67752,False
69271888396,"VIRGINIA AVENUE NW
WASHINGTON,",WARD 2,pdo,4,8cdff9b2088100b5b5f78681f524b57f,D STREET NW EASTBOUND AND RAMP FROM E STREET EXPRESSWAY NW EASTBOUND,D STREET NW,E STREET EXPRESSWAY NW,130.9518533566053,00cb0ddde12994798ef96716cef67752,False
69271888396,"VIRGINIA AVENUE NW
WASHINGTON,",WARD 2,pdo,5,810324ecc028bb6edb22eb1bad279823,20TH STREET NW AND VIRGINIA AVENUE NW,20TH STREET NW,VIRGINIA AVENUE NW,133.06122993797104,00cb0ddde12994798ef96716cef67752,False
68077067955,1333 RHODE ISLAND AVENUE NE,WARD 5,pdo,1,e511c5e4fa25ee17665736f480b74a5a,EVARTS STREET NE AND MONTANA AVENUE NE,EVARTS STREET NE,MONTANA AVENUE NE,34.09993736063572,e511c5e4fa25ee17665736f480b74a5a,True
68077067955,1333 RHODE ISLAND AVENUE NE,WARD 5,pdo,2,99869302c28627f9f08b7d467c678c22,RHODE ISLAND AVENUE NE AND BRENTWOOD ROAD NE,RHODE ISLAND AVENUE NE,BRENTWOOD ROAD NE,45.508827094663054,e511c5e4fa25ee17665736f480b74a5a,False
68077067955,1333 RHODE ISLAND AVENUE NE,WARD 5,pdo,3,11863d6a87080c3e083a41b3b0d4c721,MONTANA AVENUE NE AND 14TH STREET NE,MONTANA AVENUE NE,14TH STREET NE,60.77798169035734,e511c5e4fa25ee17665736f480b74a5a,False
68077067955,1333 RHODE ISLAND AVENUE NE,WARD 5,pdo,4,c5f3c5e15365abc31c59f7ed342a6a8b,BRENTWOOD ROAD NE AND 14TH STREET NE,BRENTWOOD ROAD NE,14TH STREET NE,72.02473213323012,e511c5e4fa25ee17665736f480b74a5a,False
68077067955,1333 RHODE ISLAND AVENUE NE,WARD 5,pdo,5,5c5ef7d691e0e6ab34e74f7e6bc2d459,FRANKLIN STREET NE AND 14TH STREET NE,FRANKLIN STREET NE,14TH STREET NE,140.4951998854389,e511c5e4fa25ee17665736f480b74a5a,False
63341206027,1620 NORTH CAPITOL STREET NW,WARD 5,minor,1,51e431c47a4aa3457600151faf2e5662,NORTH CAPITOL STREET AND QUINCY PLACE NW,NORTH CAPITOL STREET,QUINCY PLACE NW,29.535884264756945,51e431c47a4aa3457600151faf2e5662,True
63341206027,1620 NORTH CAPITOL STREET NW,WARD 5,minor,2,950df7663bffe807a9c4293a006da048,QUINCY PLACE NE AND LINCOLN ROAD NE,QUINCY PLACE NE,LINCOLN ROAD NE,56.10516143911119,51e431c47a4aa3457600151faf2e5662,False
63341206027,1620 NORTH CAPITOL STREET NW,WARD 5,minor,3,4925dee2c9dfeacae1ba95f0ae30f5bc,R STREET NE AND NORTH CAPITOL STREET,R STREET NE,NORTH CAPITOL STREET,87.28956723713236,51e431c47a4aa3457600151faf2e5662,False
63341206027,1620 NORTH CAPITOL STREET NW,WARD 5,minor,4,be398cb31b7a5a33350c59881ba04c92,Q STREET NE AND LINCOLN ROAD NE,Q STREET NE,LINCOLN ROAD NE,88.0821408454763,51e431c47a4aa3457600151faf2e5662,False
63341206027,1620 NORTH CAPITOL STREET NW,WARD 5,minor,5,f39fcb77f66d9dc08a6dc403d5ed0f53,Q STREET NW AND FLORIDA AVENUE NW,Q STREET NW,FLORIDA AVENUE NW,90.08630725273265,51e431c47a4aa3457600151faf2e5662,False
61371839400,1380 H STREET NE,WARD 6,minor,1,f29d35d7333074e5e5b3474089d9414e,H STREET NE AND 14TH STREET NE,H STREET NE,14TH STREET NE,19.641324237430748,f29d35d7333074e5e5b3474089d9414e,True
61371839400,1380 H STREET NE,WARD 6,minor,2,37e2df62aee163c75d600c4123bb9957,FLORIDA AVENUE NE AND HOLBROOK STREET NE,FLORIDA AVENUE NE,HOLBROOK STREET NE,41.5744761429481,f29d35d7333074e5e5b3474089d9414e,False
61371839400,1380 H STREET NE,WARD 6,minor,3,492de60f7cf32c8c3cae7d68fd3ec08d,14TH STREET NE AND FLORIDA AVENUE NE,14TH STREET NE,FLORIDA AVENUE NE,51.825903216072895,f29d35d7333074e5e5b3474089d9414e,False
61371839400,1380 H STREET NE,WARD 6,minor,4,a68f173c2baca40e0ec521381f8d4705,STAPLES STREET NE AND FLORIDA AVENUE NE,STAPLES STREET NE,FLORIDA AVENUE NE,72.37895029596231,f29d35d7333074e5e5b3474089d9414e,False
61371839400,1380 H STREET NE,WARD 6,minor,5,cf268e50bac3582a4569156f96c2e01c,FLORIDA AVENUE NE AND H STREET NE,FLORIDA AVENUE NE,H STREET NE,118.34928632009512,f29d35d7333074e5e5b3474089d9414e,False
58701401893,1134 3RD STREET SW,WARD 6,pdo,1,cb88392992f0b43b6823843ed2c9ea61,3RD STREET SW AND M STREET SW,3RD STREET SW,M STREET SW,30.163389276037467,cb88392992f0b43b6823843ed2c9ea61,True
58701401893,1134 3RD STREET SW,WARD 6,pdo,2,237de793fd5ce6a2385769c4e48f0d91,DELAWARE AVENUE SW AND M STREET SW,DELAWARE AVENUE SW,M STREET SW,96.4910902377727,cb88392992f0b43b6823843ed2c9ea61,False
58701401893,1134 3RD STREET SW,WARD 6,pdo,3,f3976f74dd677698a44fa97128170df4,L STREET SW AND 3RD STREET SW,L STREET SW,3RD STREET SW,100.83617917743476,cb88392992f0b43b6823843ed2c9ea61,False
58701401893,1134 3RD STREET SW,WARD 6,pdo,4,f7c961cfea43e00fe629325b155ba166,L STREET SW AND DELAWARE AVENUE SW,L STREET SW,DELAWARE AVENUE SW,151.0399203910403,cb88392992f0b43b6823843ed2c9ea61,False
58701401893,1134 3RD STREET SW,WARD 6,pdo,5,53f71185fced59395106c205a9a4adde,K STREET SW AND 3RD STREET SW,K STREET SW,3RD STREET SW,198.06343198074555,cb88392992f0b43b6823843ed2c9ea61,False
65589730929,800 GERANIUM STREET NW,WARD 4,minor,1,7382436eca1ced7374efede42b163694,8TH STREET NW AND GERANIUM STREET NW,8TH STREET NW,GERANIUM STREET NW,20.037857432438393,7382436eca1ced7374efede42b163694,True
65589730929,800 GERANIUM STREET NW,WARD 4,minor,2,bc45786519fa1f8d61f7c83a442c882f,FLORAL PLACE NW AND 8TH STREET NW,FLORAL PLACE NW,8TH STREET NW,43.75959946044843,7382436eca1ced7374efede42b163694,False
65589730929,800 GERANIUM STREET NW,WARD 4,minor,3,477b5b16e821158d1cf4dc723ef259bd,7TH STREET NW AND GERANIUM STREET NW,7TH STREET NW,GERANIUM STREET NW,84.47987590179764,7382436eca1ced7374efede42b163694,False
65589730929,800 GERANIUM STREET NW,WARD 4,minor,4,6dbeee0914130bf6e7be6af8e55c2e46,GERANIUM STREET NW AND 9TH STREET NW,GERANIUM STREET NW,9TH STREET NW,84.5720565107022,7382436eca1ced7374efede42b163694,False
65589730929,800 GERANIUM STREET NW,WARD 4,minor,5,1e085cc050cef8be57d19bc6200bb9d9,FERN PLACE NW AND 8TH STREET NW,FERN PLACE NW,8TH STREET NW,100.9046041597846,7382436eca1ced7374efede42b163694,False
64820174579,"16TH STREET NW
WASHINGTON,",WARD 4,minor,1,17044f1a368bba12facf39a87aff4979,EASTERN AVENUE NW AND COLESVILLE ROAD NW,EASTERN AVENUE NW,COLESVILLE ROAD NW,0.22008923888295562,17044f1a368bba12facf39a87aff4979,True
64820174579,"16TH STREET NW
WASHINGTON,",WARD 4,minor,2,055c4eedd121c53109f6bb54ccd89eb4,NORTH PORTAL DRIVE NW AND TAMARACK STREET NW,NORTH PORTAL DRIVE NW,TAMARACK STREET NW,171.28141772109635,17044f1a368bba12facf39a87aff4979,False
64820174579,"16TH STREET NW
WASHINGTON,",WARD 4,minor,3,e7ac8209c2ddb9fa73c4697431ed2c6d,16TH STREET NW AND PORTAL DRIVE NW,16TH STREET NW,PORTAL DRIVE NW,177.82290550558653,17044f1a368bba12facf39a87aff4979,False
64820174579,"16TH STREET NW
WASHINGTON,",WARD 4,minor,4,1e69b90597fcd2fc391be1ffdde71720,EASTERN AVENUE NW AND PORTAL DRIVE NW,EASTERN AVENUE NW,PORTAL DRIVE NW,178.31008535007723,17044f1a368bba12facf39a87aff4979,False
64820174579,"16TH STREET NW
WASHINGTON,",WARD 4,minor,5,83b00e2772e16efaf2b1f4bed25d1f9b,VERBENA STREET NW AND TAMARACK STREET NW,VERBENA STREET NW,TAMARACK STREET NW,182.11574999653675,17044f1a368bba12facf39a87aff4979,False
60841348858,1409 FLORIDA AVENUE NW,WARD 1,pdo,1,872a7a70204b9dc55227e7f6ac426abd,14TH STREET NW AND FLORIDA AVENUE NW,14TH STREET NW,FLORIDA AVENUE NW,45.37310676014601,872a7a70204b9dc55227e7f6ac426abd,True
60841348858,1409 FLORIDA AVENUE NW,WARD 1,pdo,2,a48498db18f4e6872dab6945ab2f9a45,14TH STREET NW AND BELMONT STREET NW,14TH STREET NW,BELMONT STREET NW,73.90425775320004,872a7a70204b9dc55227e7f6ac426abd,False
60841348858,1409 FLORIDA AVENUE NW,WARD 1,pdo,3,bf12760ce5aef792e527089926d655fc,14TH STREET NW AND W STREET NW,14TH STREET NW,W STREET NW,114.8286666408898,872a7a70204b9dc55227e7f6ac426abd,False
60841348858,1409 FLORIDA AVENUE NW,WARD 1,pdo,4,66e1190aa14c045be234a87c997fc726,14TH STREET NW AND BELMONT STREET NW,14TH STREET NW,BELMONT STREET NW,116.64549504356468,872a7a70204b9dc55227e7f6ac426abd,False
60841348858,1409 FLORIDA AVENUE NW,WARD 1,pdo,5,aa9f4d7bbf435d491aa908980d2cc9bd,14TH STREET NW AND CHAPIN STREET NW,14TH STREET NW,CHAPIN STREET NW,175.0039270365931,872a7a70204b9dc55227e7f6ac426abd,False
64354187043,206 OKLAHOMA AVENUE NE,WARD 7,pdo,1,19e666ca746a3283604557d35827ed16,OKLAHOMA AVENUE NE AND 23RD PLACE NE,OKLAHOMA AVENUE NE,23RD PLACE NE,48.4974763132241,18694a41bf5b0037bbf15837f7c53d7b,False
64354187043,206 OKLAHOMA AVENUE NE,WARD 7,pdo,2,18694a41bf5b0037bbf15837f7c53d7b,D STREET NE AND OKLAHOMA AVENUE NE,D STREET NE,OKLAHOMA AVENUE NE,49.746846622745906,18694a41bf5b0037bbf15837f7c53d7b,True
64354187043,206 OKLAHOMA AVENUE NE,WARD 7,pdo,3,5cb827daf065491a6c19acd08329d710,21ST STREET NE AND D STREET NE,21ST STREET NE,D STREET NE,63.192380651671705,18694a41bf5b0037bbf15837f7c53d7b,False
64354187043,206 OKLAHOMA AVENUE NE,WARD 7,pdo,4,37770a7694d41358ed22faeb889c0497,E STREET NE AND 21ST STREET NE,E STREET NE,21ST STREET NE,104.97655093310506,18694a41bf5b0037bbf15837f7c53d7b,False
64354187043,206 OKLAHOMA AVENUE NE,WARD 7,pdo,5,41dc945f6c828f747d23653481555b47,E STREET NE AND ROSEDALE STREET NE,E STREET NE,ROSEDALE STREET NE,118.36999782937394,18694a41bf5b0037bbf15837f7c53d7b,False
58358926697,1200 LONGFELLOW STREET NW,WARD 4,minor,1,ccc78565ebb390073e28020f357a7872,GEORGIA AVENUE NW AND ILLINOIS AVENUE NW,GEORGIA AVENUE NW,ILLINOIS AVENUE NW,10.43455573573086,7026afbdd79e803f7b7b687ab3076902,False
58358926697,1200 LONGFELLOW STREET NW,WARD 4,minor,2,7026afbdd79e803f7b7b687ab3076902,GEORGIA AVENUE NW AND LONGFELLOW STREET NW,GEORGIA AVENUE NW,LONGFELLOW STREET NW,17.706376341096323,7026afbdd79e803f7b7b687ab3076902,True
58358926697,1200 LONGFELLOW STREET NW,WARD 4,minor,3,099433219972b77930d61e39ed126b40,KENNEDY STREET NW AND GEORGIA AVENUE NW,KENNEDY STREET NW,GEORGIA AVENUE NW,101.29486033613534,7026afbdd79e803f7b7b687ab3076902,False
58358926697,1200 LONGFELLOW STREET NW,WARD 4,minor,4,ec9403ad454e19f0e4ed8d79814d1b2b,KENNEDY STREET NW AND ILLINOIS AVENUE NW,KENNEDY STREET NW,ILLINOIS AVENUE NW,116.98788360717067,7026afbdd79e803f7b7b687ab3076902,False
58358926697,1200 LONGFELLOW STREET NW,WARD 4,minor,5,410ecc943cd1178731b2fa9d83244400,13TH STREET NW AND LONGFELLOW STREET NW,13TH STREET NW,LONGFELLOW STREET NW,134.39502686608708,7026afbdd79e803f7b7b687ab3076902,False
53679285861,1433 FORT STEVENS DRIVE NW,WARD 4,pdo,1,9a9064a3dea5e50422f93fe220ea34c1,14TH STREET NW AND FORT STEVENS DRIVE NW,14TH STREET NW,FORT STEVENS DRIVE NW,88.92353787716662,9a9064a3dea5e50422f93fe220ea34c1,True
53679285861,1433 FORT STEVENS DRIVE NW,WARD 4,pdo,2,df0aacb6117006ef831a0cbe47cf3b34,FORT STEVENS DRIVE NW AND ROCK CREEK FORD ROAD NW,FORT STEVENS DRIVE NW,ROCK CREEK FORD ROAD NW,107.61243920127174,9a9064a3dea5e50422f93fe220ea34c1,False
53679285861,1433 FORT STEVENS DRIVE NW,WARD 4,pdo,3,b6093ed9ab474d15c6c4ba47e7ccbb12,PEABODY STREET NW AND 14TH STREET NW,PEABODY STREET NW,14TH STREET NW,135.11282322759584,9a9064a3dea5e50422f93fe220ea34c1,False
53679285861,1433 FORT STEVENS DRIVE NW,WARD 4,pdo,4,eaa086ab0fccd798e164989ef3816807,14TH STREET NW AND RITTENHOUSE STREET NW,14TH STREET NW,RITTENHOUSE STREET NW,165.4293015577181,9a9064a3dea5e50422f93fe220ea34c1,False
53679285861,1433 FORT STEVENS DRIVE NW,WARD 4,pdo,5,eae679d142a84178d2efce2059db0624,FORT STEVENS DRIVE NW AND 16TH STREET NW,FORT STEVENS DRIVE NW,16TH STREET NW,184.5305891769804,9a9064a3dea5e50422f93fe220ea34c1,False
62984498849,950 NEW HAMPSHIRE AVENUE NW,WARD 2,minor,1,b50d0b2072e00c27c792c77852f9b75f,NEW HAMPSHIRE AVENUE NW AND WASHINGTON CIRCLE NW,NEW HAMPSHIRE AVENUE NW,WASHINGTON CIRCLE NW,76.63642914353561,b50d0b2072e00c27c792c77852f9b75f,True
62984498849,950 NEW HAMPSHIRE AVENUE NW,WARD 2,minor,2,8d9d727ab445901d726897cf0b0fd614,PENNSYLVANIA AVENUE NW AND WASHINGTON CIRCLE NW,PENNSYLVANIA AVENUE NW,WASHINGTON CIRCLE NW,96.45313631444776,b50d0b2072e00c27c792c77852f9b75f,False
62984498849,950 NEW HAMPSHIRE AVENUE NW,WARD 2,minor,3,d1cddb02b6642c27b72e490c4125ce2c,24TH STREET NW AND PENNSYLVANIA AVENUE NW,24TH STREET NW,PENNSYLVANIA AVENUE NW,102.46041613393382,b50d0b2072e00c27c792c77852f9b75f,False
62984498849,950 NEW HAMPSHIRE AVENUE NW,WARD 2,minor,4,9f15e4e599203c456ddee5d91dc5c9b9,24TH STREET NW AND NEW HAMPSHIRE AVENUE NW,24TH STREET NW,NEW HAMPSHIRE AVENUE NW,104.3944747077204,b50d0b2072e00c27c792c77852f9b75f,False
62984498849,950 NEW HAMPSHIRE AVENUE NW,WARD 2,minor,5,fc06db2863e5f250fa4a088f92845520,23RD STREET NW AND WASHINGTON CIRCLE NW,23RD STREET NW,WASHINGTON CIRCLE NW,112.42168238550113,b50d0b2072e00c27c792c77852f9b75f,False
55440788759,1421 EUCLID STREET NW,WARD 1,pdo,1,62e16558c8c798cd6dd709c1bb6443be,EUCLID STREET NW AND 14TH STREET NW,EUCLID STREET NW,14TH STREET NW,57.78003166423832,c31763b13d07804ca343fad9da1b7f2a,False
55440788759,1421 EUCLID STREET NW,WARD 1,pdo,2,c31763b13d07804ca343fad9da1b7f2a,14TH STREET NW AND EUCLID STREET NW,14TH STREET NW,EUCLID STREET NW,60.288425049445465,c31763b13d07804ca343fad9da1b7f2a,True
55440788759,1421 EUCLID STREET NW,WARD 1,pdo,3,6ff9ca419c3c2254a7228d63bbbf9da5,EUCLID STREET NW AND UNIVERSITY PLACE NW,EUCLID STREET NW,UNIVERSITY PLACE NW,110.85415114944495,c31763b13d07804ca343fad9da1b7f2a,False
55440788759,1421 EUCLID STREET NW,WARD 1,pdo,4,a4b57f457231043a2a4fceb0a6596f56,CLIFTON STREET NW AND 14TH STREET NW,CLIFTON STREET NW,14TH STREET NW,118.01089982641415,c31763b13d07804ca343fad9da1b7f2a,False
55440788759,1421 EUCLID STREET NW,WARD 1,pdo,5,8b59b56bba4d77438a48d391be5e97c7,FAIRMONT STREET NW AND 14TH STREET NW,FAIRMONT STREET NW,14TH STREET NW,118.9593817401567,c31763b13d07804ca343fad9da1b7f2a,False
69304353188,446 RHODE ISLAND AVENUE NW,WARD 2,minor,1,b4f3b368dda517370b62ef0267461e67,RHODE ISLAND AVENUE NW AND 5TH STREET NW,RHODE ISLAND AVENUE NW,5TH STREET NW,22.683481971703728,b4f3b368dda517370b62ef0267461e67,True
69304353188,446 RHODE ISLAND AVENUE NW,WARD 2,minor,2,0de61bcf226d5c0ef0ba53abf8ec4a0f,R STREET NW AND 5TH STREET NW,R STREET NW,5TH STREET NW,61.30890201074588,b4f3b368dda517370b62ef0267461e67,False
69304353188,446 RHODE ISLAND AVENUE NW,WARD 2,minor,3,69a27ed9aecddb748689b8bdc327b189,RHODE ISLAND AVENUE NW AND 6TH STREET NW,RHODE ISLAND AVENUE NW,6TH STREET NW,85.30947306839163,b4f3b368dda517370b62ef0267461e67,False
69304353188,446 RHODE ISLAND AVENUE NW,WARD 2,minor,4,99dc8cfda10fb089eb07d23daf87cabd,5TH STREET NW AND S STREET NW,5TH STREET NW,S STREET NW,103.29754167767388,b4f3b368dda517370b62ef0267461e67,False
69304353188,446 RHODE ISLAND AVENUE NW,WARD 2,minor,5,8308fb3f3766d29238855a14035fd968,R STREET NW AND 6TH STREET NW,R STREET NW,6TH STREET NW,104.12094501396706,b4f3b368dda517370b62ef0267461e67,False
69611086558,1400 GOOD HOPE ROAD SE,WARD 8,major,1,8f2c312cfc11b4343499c5d8a3fc294c,MARION BARRY AVENUE SE AND 14TH STREET SE,MARION BARRY AVENUE SE,14TH STREET SE,18.798910959801315,303dad4133735d6b921a4d6506c66574,False
69611086558,1400 GOOD HOPE ROAD SE,WARD 8,major,2,303dad4133735d6b921a4d6506c66574,14TH STREET SE AND T STREET SE,14TH STREET SE,T STREET SE,71.23376392173111,303dad4133735d6b921a4d6506c66574,True
69611086558,1400 GOOD HOPE ROAD SE,WARD 8,major,3,b0ebfbf4a1815543c9d6e0a40af9aec6,MINNESOTA AVENUE SE AND MARION BARRY AVENUE SE,MINNESOTA AVENUE SE,MARION BARRY AVENUE SE,74.30367333276551,303dad4133735d6b921a4d6506c66574,False
69611086558,1400 GOOD HOPE ROAD SE,WARD 8,major,4,1358b78fc60e29d1169d3de3b6f574d5,14TH STREET SE AND U STREET SE,14TH STREET SE,U STREET SE,117.77983301146253,303dad4133735d6b921a4d6506c66574,False
69611086558,1400 GOOD HOPE ROAD SE,WARD 8,major,5,9b955d7c6481f3ca1305dd7fdd67ec74,14TH STREET SE AND S STREET SE,14TH STREET SE,S STREET SE,142.76480951134138,303dad4133735d6b921a4d6506c66574,False
69164902347,229 62ND STREET NE,WARD 7,minor,1,9608103d8861b9212d64368a51d5593c,CLAY STREET NE AND 62ND STREET NE,CLAY STREET NE,62ND STREET NE,18.165661524606588,9608103d8861b9212d64368a51d5593c,True
69164902347,229 62ND STREET NE,WARD 7,minor,2,338d7a7e505913c741e1c2e5ac0e8869,63RD STREET NE AND CLAY STREET NE,63RD STREET NE,CLAY STREET NE,100.35431265274048,9608103d8861b9212d64368a51d5593c,False
69164902347,229 62ND STREET NE,WARD 7,minor,3,727263ac97966cbc47c11d5a6cf28c00,BANKS PLACE NE AND 62ND STREET NE,BANKS PLACE NE,62ND STREET NE,104.84607726690045,9608103d8861b9212d64368a51d5593c,False
69164902347,229 62ND STREET NE,WARD 7,minor,4,57919320260f1fd4b4f861017bc743de,61ST STREET NE AND CLAY STREET NE,61ST STREET NE,CLAY STREET NE,137.15114134099687,9608103d8861b9212d64368a51d5593c,False
69164902347,229 62ND STREET NE,WARD 7,minor,5,3bbdc02b6b2615aa135187c853f1f54d,63RD STREET NE AND BANKS PLACE NE,63RD STREET NE,BANKS PLACE NE,143.7390064961519,9608103d8861b9212d64368a51d5593c,False
62307370531,3401 STANTON ROAD SE,WARD 8,minor,1,983681c4682c726175c8151f54a4a404,SAVANNAH STREET SE AND STANTON ROAD SE,SAVANNAH STREET SE,STANTON ROAD SE,24.698008443692423,983681c4682c726175c8151f54a4a404,True
62307370531,3401 STANTON ROAD SE,WARD 8,minor,2,c160a7dc910e3439e91de33a84baa378,TRENTON PLACE SE AND STANTON ROAD SE,TRENTON PLACE SE,STANTON ROAD SE,107.39140031518404,983681c4682c726175c8151f54a4a404,False
62307370531,3401 STANTON ROAD SE,WARD 8,minor,3,c348ada2fc651b0c21a3c729f247f448,SAVANNAH STREET SE AND 18TH STREET SE,SAVANNAH STREET SE,18TH STREET SE,107.44242458377369,983681c4682c726175c8151f54a4a404,False
62307370531,3401 STANTON ROAD SE,WARD 8,minor,4,41fba4bd128ea3a06e61ef11fda885a4,18TH STREET SE AND TRENTON PLACE SE,18TH STREET SE,TRENTON PLACE SE,157.57280820496692,983681c4682c726175c8151f54a4a404,False
62307370531,3401 STANTON ROAD SE,WARD 8,minor,5,7b9b6129091917f1959c1d610cfbb024,ALABAMA AVENUE SE AND STANTON ROAD SE,ALABAMA AVENUE SE,STANTON ROAD SE,166.64805536731694,983681c4682c726175c8151f54a4a404,False
65705195610,5506 D STREET SE,WARD 7,pdo,1,7322d935dbbbfd899ea00e339bda40bb,SOUTHERN AVENUE SE AND D STREET SE,SOUTHERN AVENUE SE,D STREET SE,17.423960149147888,7322d935dbbbfd899ea00e339bda40bb,True
65705195610,5506 D STREET SE,WARD 7,pdo,2,45c3016967a139b178d8ea5523161aaa,SOUTHERN AVENUE SE AND CALL PLACE SE,SOUTHERN AVENUE SE,CALL PLACE SE,73.9167368433278,7322d935dbbbfd899ea00e339bda40bb,False
65705195610,5506 D STREET SE,WARD 7,pdo,3,9568517b3778b78f66435a1b62f0fe1a,SOUTHERN AVENUE SE AND C STREET SE,SOUTHERN AVENUE SE,C STREET SE,166.95391403382015,7322d935dbbbfd899ea00e339bda40bb,False
65705195610,5506 D STREET SE,WARD 7,pdo,4,7e062a3f5eabd42ae534128e65cac9cc,54TH STREET SE AND D STREET SE,54TH STREET SE,D STREET SE,175.16323948612367,7322d935dbbbfd899ea00e339bda40bb,False
65705195610,5506 D STREET SE,WARD 7,pdo,5,3ca2efc5ac26e1e2de278e8844912fba,54TH STREET SE AND CALL PLACE SE,54TH STREET SE,CALL PLACE SE,186.160675622634,7322d935dbbbfd899ea00e339bda40bb,False
55995561432,2501 11TH STREET NW,WARD 1,minor,1,7760724a942454297679dc9d7f43731a,11TH STREET NW AND CLIFTON STREET NW,11TH STREET NW,CLIFTON STREET NW,44.175929648385555,7760724a942454297679dc9d7f43731a,True
55995561432,2501 11TH STREET NW,WARD 1,minor,2,cd24f7f42f4e717772a6a425f7ea18ba,12TH STREET NW AND CLIFTON STREET NW,12TH STREET NW,CLIFTON STREET NW,97.29345486281065,7760724a942454297679dc9d7f43731a,False
55995561432,2501 11TH STREET NW,WARD 1,minor,3,0715cec5282261f33e49e1245285c30b,11TH STREET NW AND EUCLID STREET NW,11TH STREET NW,EUCLID STREET NW,104.70378690354458,7760724a942454297679dc9d7f43731a,False
55995561432,2501 11TH STREET NW,WARD 1,minor,4,3dabeadb36904dfb4c4215a1a1feb9b4,EUCLID STREET NW AND EVANTI COURT NW,EUCLID STREET NW,EVANTI COURT NW,116.36196260836923,7760724a942454297679dc9d7f43731a,False
55995561432,2501 11TH STREET NW,WARD 1,minor,5,1dbad27c900920695c8ea26a6d8eb131,12TH STREET NW AND EUCLID STREET NW,12TH STREET NW,EUCLID STREET NW,135.5933371154245,7760724a942454297679dc9d7f43731a,False
68802107817,1916 MISSISSIPPI AVENUE SE,WARD 8,pdo,1,2f3ba3aa5a96b537bac74d5e0c313b46,19TH STREET SE AND MISSISSIPPI AVENUE SE,19TH STREET SE,MISSISSIPPI AVENUE SE,96.41982705713292,2f3ba3aa5a96b537bac74d5e0c313b46,True
68802107817,1916 MISSISSIPPI AVENUE SE,WARD 8,pdo,2,2ab17410db3244ca8e2c3ad574a70a52,21ST STREET SE AND MISSISSIPPI AVENUE SE,21ST STREET SE,MISSISSIPPI AVENUE SE,112.18681447339736,2f3ba3aa5a96b537bac74d5e0c313b46,False
68802107817,1916 MISSISSIPPI AVENUE SE,WARD 8,pdo,3,fc895d59df53de8805e16b96128adcee,TRENTON PLACE SE AND 19TH STREET SE,TRENTON PLACE SE,19TH STREET SE,180.59447418162011,2f3ba3aa5a96b537bac74d5e0c313b46,False
68802107817,1916 MISSISSIPPI AVENUE SE,WARD 8,pdo,4,10c6550fe278b0c8f92488c33addcf9c,21ST STREET SE AND TRENTON PLACE SE,21ST STREET SE,TRENTON PLACE SE,185.84341583680754,2f3ba3aa5a96b537bac74d5e0c313b46,False
68802107817,1916 MISSISSIPPI AVENUE SE,WARD 8,pdo,5,3da2b7ec01eef999165d18a4a7bbe834,MISSISSIPPI AVENUE SE AND 18TH STREET SE,MISSISSIPPI AVENUE SE,18TH STREET SE,205.2872092811252,2f3ba3aa5a96b537bac74d5e0c313b46,False
65343580221,1600 V STREET SE,WARD 8,minor,1,39fda50825e0595a06f067fec70bd355,V STREET SE AND 16TH STREET SE,V STREET SE,16TH STREET SE,18.681008807483156,39fda50825e0595a06f067fec70bd355,True
65343580221,1600 V STREET SE,WARD 8,minor,2,065061a27eb341cfaa776888e5a415f8,U STREET SE AND 16TH STREET SE,U STREET SE,16TH STREET SE,79.06937070766324,39fda50825e0595a06f067fec70bd355,False
65343580221,1600 V STREET SE,WARD 8,minor,3,5d7e65b69020a98cae58a2801ae866f5,15TH STREET SE AND V STREET SE,15TH STREET SE,V STREET SE,114.8449400020801,39fda50825e0595a06f067fec70bd355,False
65343580221,1600 V STREET SE,WARD 8,minor,4,43a5609729c365189b91bf10407eb391,W STREET SE AND 16TH STREET SE,W STREET SE,16TH STREET SE,116.21121202577942,39fda50825e0595a06f067fec70bd355,False
65343580221,1600 V STREET SE,WARD 8,minor,5,e930245922a649e711fbca332d173554,U STREET SE AND 15TH STREET SE,U STREET SE,15TH STREET SE,138.38771094326563,39fda50825e0595a06f067fec70bd355,False
64724729414,3971 MARTIN LUTHER KING JR AVENUE SW,WARD 8,major,1,40a2dce723f6c166229b85e02437bce9,MARTIN LUTHER KING JR AVENUE SW AND ATLANTIC STREET SW,MARTIN LUTHER KING JR AVENUE SW,ATLANTIC STREET SW,43.62774462878965,40a2dce723f6c166229b85e02437bce9,True
64724729414,3971 MARTIN LUTHER KING JR AVENUE SW,WARD 8,major,2,885823230f076e0a799a182d46b2ed4f,ATLANTIC STREET SW AND 1ST STREET SW,ATLANTIC STREET SW,1ST STREET SW,63.951483135326725,40a2dce723f6c166229b85e02437bce9,False
64724729414,3971 MARTIN LUTHER KING JR AVENUE SW,WARD 8,major,3,4d85afd20de1c9807de670845ee48aa4,MARTIN LUTHER KING JR AVENUE SW AND 1ST PLACE SW,MARTIN LUTHER KING JR AVENUE SW,1ST PLACE SW,117.33890089748476,40a2dce723f6c166229b85e02437bce9,False
64724729414,3971 MARTIN LUTHER KING JR AVENUE SW,WARD 8,major,4,c82bd94a753c5d82c58c705ee1ac7432,ATLANTIC STREET SW AND SOUTH CAPITOL TERRACE SW,ATLANTIC STREET SW,SOUTH CAPITOL TERRACE SW,123.48797911862043,40a2dce723f6c166229b85e02437bce9,False
64724729414,3971 MARTIN LUTHER KING JR AVENUE SW,WARD 8,major,5,b176a9028543c7d912f13e7c8eb0b5c0,ATLANTIC STREET SW AND 2ND STREET SW,ATLANTIC STREET SW,2ND STREET SW,157.68833615523099,40a2dce723f6c166229b85e02437bce9,False
54114666989,2732 10TH STREET NE,WARD 5,minor,1,43e8d350670b5fdbadc60db424620acf,FRANKLIN STREET NE AND 10TH STREET NE,FRANKLIN STREET NE,10TH STREET NE,22.41970713326754,43e8d350670b5fdbadc60db424620acf,True
54114666989,2732 10TH STREET NE,WARD 5,minor,2,be55c903281121196a94df0105f977c4,10TH STREET NE AND GIRARD STREET NE,10TH STREET NE,GIRARD STREET NE,104.25288828372486,43e8d350670b5fdbadc60db424620acf,False
54114666989,2732 10TH STREET NE,WARD 5,minor,3,2e55da7659eed4e7b4652565eadfa49a,10TH STREET NE AND EVARTS STREET NE,10TH STREET NE,EVARTS STREET NE,121.52564867225729,43e8d350670b5fdbadc60db424620acf,False
54114666989,2732 10TH STREET NE,WARD 5,minor,4,de0b99df7077e45a1833db1b7c19cbe9,9TH STREET NE AND GIRARD STREET NE,9TH STREET NE,GIRARD STREET NE,134.97313618322937,43e8d350670b5fdbadc60db424620acf,False
54114666989,2732 10TH STREET NE,WARD 5,minor,5,6b88c00cf1c5224c58f3a7b1ed7c48dc,EVARTS STREET NE AND 10TH STREET NE,EVARTS STREET NE,10TH STREET NE,145.46942218425886,43e8d350670b5fdbadc60db424620acf,False
58458382117,954 SOUTHERN AVENUE SE,WARD 8,major,1,548dbfd27df6b66d2c23465109576763,WHEELER ROAD SE AND SOUTHERN AVENUE SE,WHEELER ROAD SE,SOUTHERN AVENUE SE,31.728646585260883,548dbfd27df6b66d2c23465109576763,True
58458382117,954 SOUTHERN AVENUE SE,WARD 8,major,2,792a7075b12024242103c13e76365b59,BELLEVUE STREET SE AND WHEELER ROAD SE,BELLEVUE STREET SE,WHEELER ROAD SE,100.84263335271741,548dbfd27df6b66d2c23465109576763,False
58458382117,954 SOUTHERN AVENUE SE,WARD 8,major,3,a65213e4044f903103730ff80297dc37,WHEELER ROAD SE AND BELLEVUE STREET SE,WHEELER ROAD SE,BELLEVUE STREET SE,120.69617078143968,548dbfd27df6b66d2c23465109576763,False
58458382117,954 SOUTHERN AVENUE SE,WARD 8,major,4,b37744d58b49217b8d2bc9e2a534715b,SOUTHERN AVENUE SE AND 9TH STREET SE,SOUTHERN AVENUE SE,9TH STREET SE,170.70951149378138,548dbfd27df6b66d2c23465109576763,False
58458382117,954 SOUTHERN AVENUE SE,WARD 8,major,5,91ebb84ccdfe60d2be17201f6f406815,WHEELER ROAD SE AND BARNABY TERRACE SE,WHEELER ROAD SE,BARNABY TERRACE SE,187.31520267469836,548dbfd27df6b66d2c23465109576763,False
66349132919,"LAMONT STREET NW
WASHINGTON,",WARD 1,pdo,1,e0195b330f310fcdff97754a90a4b4aa,LAMONT STREET NW AND 16TH STREET NW,LAMONT STREET NW,16TH STREET NW,35.11962763797102,e0195b330f310fcdff97754a90a4b4aa,True
66349132919,"LAMONT STREET NW
WASHINGTON,",WARD 1,pdo,2,102aa06942eef50891ca33242b720d95,PINE STREET NW AND 16TH STREET NW,PINE STREET NW,16TH STREET NW,37.81863405202425,e0195b330f310fcdff97754a90a4b4aa,False
66349132919,"LAMONT STREET NW
WASHINGTON,",WARD 1,pdo,3,d1d8b88305d07e6ea3ce05ce37b44fc3,MOUNT PLEASANT STREET NW AND KENYON STREET NW,MOUNT PLEASANT STREET NW,KENYON STREET NW,102.93996926412143,e0195b330f310fcdff97754a90a4b4aa,False
66349132919,"LAMONT STREET NW
WASHINGTON,",WARD 1,pdo,4,988722bce2ead27deacc97d4b2759503,KILBOURNE PLACE NW AND MOUNT PLEASANT STREET NW,KILBOURNE PLACE NW,MOUNT PLEASANT STREET NW,117.21610921547376,e0195b330f310fcdff97754a90a4b4aa,False
66349132919,"LAMONT STREET NW
WASHINGTON,",WARD 1,pdo,5,e28377e9193c94179580797e4be8d820,PARK ROAD NW AND PINE STREET NW,PARK ROAD NW,PINE STREET NW,135.83255236342686,e0195b330f310fcdff97754a90a4b4aa,False
56586860162,4457 Q STREET NW,WARD 3,fatal,1,070d0caab51fca1f74c7f4da61c07381,FOXHALL ROAD NW AND Q STREET NW,FOXHALL ROAD NW,Q STREET NW,43.04710712527294,070d0caab51fca1f74c7f4da61c07381,True
56586860162,4457 Q STREET NW,WARD 3,fatal,2,99605a3d936a1359fce56563a3e847dd,Q STREET NW AND SURREY LANE NW,Q STREET NW,SURREY LANE NW,83.5107400065558,070d0caab51fca1f74c7f4da61c07381,False
56586860162,4457 Q STREET NW,WARD 3,fatal,3,5209a3d4a2b795d7418191aec60a4e30,GREENWICH PARKWAY NW AND FOXHALL ROAD NW,GREENWICH PARKWAY NW,FOXHALL ROAD NW,96.52965536903305,070d0caab51fca1f74c7f4da61c07381,False
56586860162,4457 Q STREET NW,WARD 3,fatal,4,81093f2b6fd2ca58df63a48231db0dcd,GREENWICH PARKWAY NW AND SURREY LANE NW,GREENWICH PARKWAY NW,SURREY LANE NW,103.29764366310144,070d0caab51fca1f74c7f4da61c07381,False
56586860162,4457 Q STREET NW,WARD 3,fatal,5,1a30be560b7f3d545a796b5adb20248b,45TH STREET NW AND Q STREET NW,45TH STREET NW,Q STREET NW,139.57176775208544,070d0caab51fca1f74c7f4da61c07381,False
53872316486,575 PENNSYLVANIA AVENUE NW,WARD 6,pdo,1,5cc45d4a4a1658e30d3fd85314d17137,C STREET NW AND 6TH STREET NW,C STREET NW,6TH STREET NW,30.32966816445768,5cc45d4a4a1658e30d3fd85314d17137,True
53872316486,575 PENNSYLVANIA AVENUE NW,WARD 6,pdo,2,ddf8e633ee3ddc780e5842fd8fc310f0,PENNSYLVANIA AVENUE NW AND 6TH STREET NW,PENNSYLVANIA AVENUE NW,6TH STREET NW,63.01199117408854,5cc45d4a4a1658e30d3fd85314d17137,False
53872316486,575 PENNSYLVANIA AVENUE NW,WARD 6,pdo,3,e39557a35897824a4e348a2b04b23a4e,INDIANA AVENUE NW AND 6TH STREET NW,INDIANA AVENUE NW,6TH STREET NW,120.77825101432568,5cc45d4a4a1658e30d3fd85314d17137,False
53872316486,575 PENNSYLVANIA AVENUE NW,WARD 6,pdo,4,c5ddaf5c3a28fac36924d8f1405032c2,CONSTITUTION AVENUE NW AND 6TH STREET NW,CONSTITUTION AVENUE NW,6TH STREET NW,138.9054223542609,5cc45d4a4a1658e30d3fd85314d17137,False
53872316486,575 PENNSYLVANIA AVENUE NW,WARD 6,pdo,5,347f111f531c3e41b00c4ba7ac191b51,PENNSYLVANIA AVENUE NW AND CONSTITUTION AVENUE NW,PENNSYLVANIA AVENUE NW,CONSTITUTION AVENUE NW,155.55129453136365,5cc45d4a4a1658e30d3fd85314d17137,False
65013539100,1044 WISCONSIN AVENUE NW,WARD 2,pdo,1,92a13654b5a5c0df25f920152c4a1216,GRACE STREET NW AND WISCONSIN AVENUE NW,GRACE STREET NW,WISCONSIN AVENUE NW,21.183265774646745,92a13654b5a5c0df25f920152c4a1216,True
65013539100,1044 WISCONSIN AVENUE NW,WARD 2,pdo,2,0b63418f0d77e9a6546be8f9a1fcabeb,SOUTH STREET NW AND WISCONSIN AVENUE NW,SOUTH STREET NW,WISCONSIN AVENUE NW,41.54990719745474,92a13654b5a5c0df25f920152c4a1216,False
65013539100,1044 WISCONSIN AVENUE NW,WARD 2,pdo,3,4cd8e836d650b3fde9178330c1eaac10,GRACE STREET NW AND CHERRY HILL LANE NW,GRACE STREET NW,CHERRY HILL LANE NW,45.960831350095646,92a13654b5a5c0df25f920152c4a1216,False
65013539100,1044 WISCONSIN AVENUE NW,WARD 2,pdo,4,fb67289cd4088f71829be36f185dd1af,GRACE STREET NW AND CECIL PLACE NW,GRACE STREET NW,CECIL PLACE NW,101.05923962892557,92a13654b5a5c0df25f920152c4a1216,False
65013539100,1044 WISCONSIN AVENUE NW,WARD 2,pdo,5,7595ecbf4edaf65e1d6fddcc1117a496,WISCONSIN AVENUE NW AND BLUES ALLEY NW,WISCONSIN AVENUE NW,BLUES ALLEY NW,102.38271463129266,92a13654b5a5c0df25f920152c4a1216,False
55689613053,2801 ERIE STREET SE,WARD 7,pdo,1,7c7563893f7cf942ec91154752b83274,NAYLOR ROAD SE AND 28TH STREET SE,NAYLOR ROAD SE,28TH STREET SE,8.850440542062461,b283ce914a7ede7e448467c2e3e5e8a4,False
55689613053,2801 ERIE STREET SE,WARD 7,pdo,2,b283ce914a7ede7e448467c2e3e5e8a4,NAYLOR ROAD SE AND ERIE STREET SE,NAYLOR ROAD SE,ERIE STREET SE,25.716079795844873,b283ce914a7ede7e448467c2e3e5e8a4,True
55689613053,2801 ERIE STREET SE,WARD 7,pdo,3,7ad86d58d525e1918506420cbf82e1e1,BUENA VISTA TERRACE SE AND 28TH STREET SE,BUENA VISTA TERRACE SE,28TH STREET SE,91.50302779583511,b283ce914a7ede7e448467c2e3e5e8a4,False
55689613053,2801 ERIE STREET SE,WARD 7,pdo,4,f3178988ff803c2caee189e0a7484665,NAYLOR ROAD SE AND DENVER STREET SE,NAYLOR ROAD SE,DENVER STREET SE,136.1374264646987,b283ce914a7ede7e448467c2e3e5e8a4,False
55689613053,2801 ERIE STREET SE,WARD 7,pdo,5,3f5d4c6bfc84098def7757ee6a79e158,ERIE STREET SE AND 29TH STREET SE,ERIE STREET SE,29TH STREET SE,143.96825967984765,b283ce914a7ede7e448467c2e3e5e8a4,False
54851160851,900 23RD STREET NW,WARD 2,minor,1,9f15e4e599203c456ddee5d91dc5c9b9,24TH STREET NW AND NEW HAMPSHIRE AVENUE NW,24TH STREET NW,NEW HAMPSHIRE AVENUE NW,53.368007666058745,9f15e4e599203c456ddee5d91dc5c9b9,True
54851160851,900 23RD STREET NW,WARD 2,minor,2,b50d0b2072e00c27c792c77852f9b75f,NEW HAMPSHIRE AVENUE NW AND WASHINGTON CIRCLE NW,NEW HAMPSHIRE AVENUE NW,WASHINGTON CIRCLE NW,80.04573024279576,9f15e4e599203c456ddee5d91dc5c9b9,False
54851160851,900 23RD STREET NW,WARD 2,minor,3,ae8872de411ffe7bfc439d9d35c420a4,24TH STREET NW AND I STREET NW,24TH STREET NW,I STREET NW,95.66477338000502,9f15e4e599203c456ddee5d91dc5c9b9,False
54851160851,900 23RD STREET NW,WARD 2,minor,4,fc06db2863e5f250fa4a088f92845520,23RD STREET NW AND WASHINGTON CIRCLE NW,23RD STREET NW,WASHINGTON CIRCLE NW,97.66479582382541,9f15e4e599203c456ddee5d91dc5c9b9,False
54851160851,900 23RD STREET NW,WARD 2,minor,5,6bf2471a30a1db98b809da76a5781276,I STREET NW AND NEW HAMPSHIRE AVENUE NW,I STREET NW,NEW HAMPSHIRE AVENUE NW,112.4097332731197,9f15e4e599203c456ddee5d91dc5c9b9,False
67466544186,1311 L STREET NW,WARD 2,minor,1,b2e6b6b11a56fead43a05c25381ff98b,L STREET NW AND GREEN COURT NW,L STREET NW,GREEN COURT NW,36.74850309164911,f63110cea700e723ffd3d38eb1b4814c,False
67466544186,1311 L STREET NW,WARD 2,minor,2,76dabc33dd0443a36a09d751e00487d5,L STREET NW AND 13TH STREET NW,L STREET NW,13TH STREET NW,63.57700955712723,f63110cea700e723ffd3d38eb1b4814c,False
67466544186,1311 L STREET NW,WARD 2,minor,3,f63110cea700e723ffd3d38eb1b4814c,L STREET NW AND 14TH STREET NW,L STREET NW,14TH STREET NW,137.37178688537392,f63110cea700e723ffd3d38eb1b4814c,True
67466544186,1311 L STREET NW,WARD 2,minor,4,c126181ad33af92f80b2943c568b69a2,MASSACHUSETTS AVENUE NW AND 13TH STREET NW,MASSACHUSETTS AVENUE NW,13TH STREET NW,137.78286190211475,f63110cea700e723ffd3d38eb1b4814c,False
67466544186,1311 L STREET NW,WARD 2,minor,5,396679e340bfe4d8e78bdaacfbf6d790,K STREET NW AND 13TH STREET NW,K STREET NW,13TH STREET NW,149.31654178375416,f63110cea700e723ffd3d38eb1b4814c,False
63293437523,2701 NAYLOR ROAD SE,WARD 8,minor,1,81daf17ef8cc579d9c4132587255070b,ALABAMA AVENUE SE AND NAYLOR ROAD SE,ALABAMA AVENUE SE,NAYLOR ROAD SE,39.79114723062097,81daf17ef8cc579d9c4132587255070b,True
63293437523,2701 NAYLOR ROAD SE,WARD 8,minor,2,34caed4f9679d8a2589eff9e0432d2ab,ALABAMA AVENUE SE AND TOWN CENTER DRIVE SE,ALABAMA AVENUE SE,TOWN CENTER DRIVE SE,133.52343813491166,81daf17ef8cc579d9c4132587255070b,False
63293437523,2701 NAYLOR ROAD SE,WARD 8,minor,3,34caed4f9679d8a2589eff9e0432d2ab,ALABAMA AVENUE SE AND MARION BARRY AVENUE SE,ALABAMA AVENUE SE,MARION BARRY AVENUE SE,133.5234775337234,81daf17ef8cc579d9c4132587255070b,False
63293437523,2701 NAYLOR ROAD SE,WARD 8,minor,4,f3178988ff803c2caee189e0a7484665,NAYLOR ROAD SE AND DENVER STREET SE,NAYLOR ROAD SE,DENVER STREET SE,147.13506408741503,81daf17ef8cc579d9c4132587255070b,False
63293437523,2701 NAYLOR ROAD SE,WARD 8,minor,5,5c319417b9b8a791ce437677d5a0b6c3,25TH STREET SE AND WAGNER STREET SE,25TH STREET SE,WAGNER STREET SE,153.67605115566303,81daf17ef8cc579d9c4132587255070b,False
59381643969,425 L STREET NW,WARD 6,pdo,1,3f3df046ed718ac813e2fafa74e3d541,CROWDY COURT NW AND NEW YORK AVENUE NW,CROWDY COURT NW,CROWDY COURT NW,18.677308503907902,a8c7134135710626d11849fb9a61d667,False
59381643969,425 L STREET NW,WARD 6,pdo,2,a8c7134135710626d11849fb9a61d667,NEW YORK AVENUE NW AND L STREET NW,NEW YORK AVENUE NW,L STREET NW,54.96839313301443,a8c7134135710626d11849fb9a61d667,True
59381643969,425 L STREET NW,WARD 6,pdo,3,b8689765e329ca5dc4234c05f1a86f27,5TH STREET NW AND L STREET NW,5TH STREET NW,L STREET NW,120.44357265208868,a8c7134135710626d11849fb9a61d667,False
59381643969,425 L STREET NW,WARD 6,pdo,4,8f9323e74d724d680ff99481b52090ae,5TH STREET NW AND NEW YORK AVENUE NW,5TH STREET NW,NEW YORK AVENUE NW,128.9969539671092,a8c7134135710626d11849fb9a61d667,False
59381643969,425 L STREET NW,WARD 6,pdo,5,002a63df7946db632a6be450338064c7,5TH STREET NW AND CROWDY COURT NW,5TH STREET NW,CROWDY COURT NW,131.00129525090168,a8c7134135710626d11849fb9a61d667,False
60272616044,2902 M STREET NW,WARD 2,minor,1,4160c6f3ff10cfd4469cd16f79a77f87,PENNSYLVANIA AVENUE NW AND M STREET NW,PENNSYLVANIA AVENUE NW,M STREET NW,12.62748703849092,4160c6f3ff10cfd4469cd16f79a77f87,True
60272616044,2902 M STREET NW,WARD 2,minor,2,c616a2cbe952a520d5ce1db1144e8561,M STREET NW AND 30TH STREET NW,M STREET NW,30TH STREET NW,78.99104402810859,4160c6f3ff10cfd4469cd16f79a77f87,False
60272616044,2902 M STREET NW,WARD 2,minor,3,b385a08891f2957801e7394787003c6e,OLIVE STREET NW AND 29TH STREET NW,OLIVE STREET NW,29TH STREET NW,94.53946917306047,4160c6f3ff10cfd4469cd16f79a77f87,False
60272616044,2902 M STREET NW,WARD 2,minor,4,27ae76721a3a0d792c9ac70367d5b231,M STREET NW AND 28TH STREET NW,M STREET NW,28TH STREET NW,107.56518454675142,4160c6f3ff10cfd4469cd16f79a77f87,False
60272616044,2902 M STREET NW,WARD 2,minor,5,f00c0cd1d1acf908bd2f63b71518af88,PENNSYLVANIA AVENUE NW AND 28TH STREET NW,PENNSYLVANIA AVENUE NW,28TH STREET NW,109.40755547730501,4160c6f3ff10cfd4469cd16f79a77f87,False
67350993917,2200 FAIRLAWN AVENUE SE,WARD 8,pdo,1,9197e8478be2ce8d7fc8844f756e138a,PENNSYLVANIA AVENUE SE EASTBOUND AND RAMP FROM ANACOSTIA FREEWAY NORTHBOUND,PENNSYLVANIA AVENUE SE,ANACOSTIA FREEWAY SE,38.5424449050012,bab0627e3974628730209d498841088e,False
67350993917,2200 FAIRLAWN AVENUE SE,WARD 8,pdo,2,0657f76f91f4f85746fcb19d58847654,PENNSYLVANIA AVENUE SE EASTBOUND AND RAMP FROM ANACOSTIA FREEWAY SE NORTHBOUND,PENNSYLVANIA AVENUE SE,ANACOSTIA FREEWAY SE,65.62695516114123,bab0627e3974628730209d498841088e,False
67350993917,2200 FAIRLAWN AVENUE SE,WARD 8,pdo,3,bab0627e3974628730209d498841088e,FAIRLAWN AVENUE SE AND PENNSYLVANIA AVENUE SE,FAIRLAWN AVENUE SE,PENNSYLVANIA AVENUE SE,65.8198034780487,bab0627e3974628730209d498841088e,True
67350993917,2200 FAIRLAWN AVENUE SE,WARD 8,pdo,4,bab0627e3974628730209d498841088e,FAIRLAWN AVENUE SE AND RAMP TO ANACOSTIA FREEWAY SE NORTHBOUND,FAIRLAWN AVENUE SE,ANACOSTIA FREEWAY SE,65.81982557910635,bab0627e3974628730209d498841088e,True
67350993917,2200 FAIRLAWN AVENUE SE,WARD 8,pdo,5,b4169b8ccedffefa3b35db7776baa336,PROUT STREET SE AND PENNSYLVANIA AVENUE SE,PROUT STREET SE,PENNSYLVANIA AVENUE SE,85.99063086604708,bab0627e3974628730209d498841088e,False
67853071589,6300 PINEY BRANCH ROAD NW,WARD 4,fatal,1,06dda2d6914d62245b851f86f4cb116c,PINEY BRANCH ROAD NW AND 12TH STREET NW,PINEY BRANCH ROAD NW,12TH STREET NW,9.330134316684463,1177ff8b209a56a3503c3f1acd4dd60f,False
67853071589,6300 PINEY BRANCH ROAD NW,WARD 4,fatal,2,b657e330fc620ea30086b8ea7a9447b0,SHERIDAN STREET NW AND 12TH STREET NW,SHERIDAN STREET NW,12TH STREET NW,23.53693901451168,1177ff8b209a56a3503c3f1acd4dd60f,False
67853071589,6300 PINEY BRANCH ROAD NW,WARD 4,fatal,3,1177ff8b209a56a3503c3f1acd4dd60f,PINEY BRANCH ROAD NW AND SHERIDAN STREET NW,PINEY BRANCH ROAD NW,SHERIDAN STREET NW,24.591132670914984,1177ff8b209a56a3503c3f1acd4dd60f,True
67853071589,6300 PINEY BRANCH ROAD NW,WARD 4,fatal,4,1fbcefe0a49b56b80ce18ed38ab05e0c,SHERIDAN STREET NW AND GEORGIA AVENUE NW,SHERIDAN STREET NW,GEORGIA AVENUE NW,89.8750245963662,1177ff8b209a56a3503c3f1acd4dd60f,False
67853071589,6300 PINEY BRANCH ROAD NW,WARD 4,fatal,5,826182d9ca803951c4d4ee61b5218547,13TH STREET NW AND SHERIDAN STREET NW,13TH STREET NW,SHERIDAN STREET NW,95.44653273120501,1177ff8b209a56a3503c3f1acd4dd60f,False
63663265638,2702 MITSCHER ROAD SW,WARD 8,pdo,1,62f493142b5352475b9ea776620d0100,FIRTH STERLING AVENUE SE AND SOUTH CAPITOL STREET,FIRTH STERLING AVENUE SE,SOUTH CAPITOL STREET,41.425909723665605,a04105ee171ca1183a1a7e9cff4497fc,False
63663265638,2702 MITSCHER ROAD SW,WARD 8,pdo,2,a04105ee171ca1183a1a7e9cff4497fc,MITSCHER ROAD SW AND DEFENSE BOULEVARD SW,MITSCHER ROAD SW,DEFENSE BOULEVARD SW,121.5270353225052,a04105ee171ca1183a1a7e9cff4497fc,True
63663265638,2702 MITSCHER ROAD SW,WARD 8,pdo,3,6c95fa33d6ee4a696be8510b1f40a1d2,BARRY ROAD SE AND FIRTH STERLING AVENUE SE,BARRY ROAD SE,FIRTH STERLING AVENUE SE,165.72647138865224,a04105ee171ca1183a1a7e9cff4497fc,False
63663265638,2702 MITSCHER ROAD SW,WARD 8,pdo,4,cee85dd13bca6a2a843cc469696cb68e,FIRTH STERLING AVENUE SE AND STEVENS ROAD SE,FIRTH STERLING AVENUE SE,STEVENS ROAD SE,190.1437671883579,a04105ee171ca1183a1a7e9cff4497fc,False
63663265638,2702 MITSCHER ROAD SW,WARD 8,pdo,5,a2172384096937e7a60b19fdf07d45b6,EATON ROAD SE AND FIRTH STERLING AVENUE SE,EATON ROAD SE,FIRTH STERLING AVENUE SE,268.2998066996939,a04105ee171ca1183a1a7e9cff4497fc,False
59506143853,2601 CONNECTICUT AVENUE NW,WARD 1,major,1,b3108bec25eddeb24db84dd2dc5f6864,CONNECTICUT AVENUE NW AND CALVERT STREET NW,CONNECTICUT AVENUE NW,CALVERT STREET NW,22.15245030192578,b3108bec25eddeb24db84dd2dc5f6864,True
59506143853,2601 CONNECTICUT AVENUE NW,WARD 1,major,2,3308e43d2a9c1e3891ae123819240fdc,SHOREHAM DRIVE NW AND 24TH STREET NW,SHOREHAM DRIVE NW,24TH STREET NW,88.78730484242482,b3108bec25eddeb24db84dd2dc5f6864,False
59506143853,2601 CONNECTICUT AVENUE NW,WARD 1,major,3,e35602b0430b8b8dc3f85a6ca95686c3,WOODLEY PLACE NW AND CALVERT STREET NW,WOODLEY PLACE NW,CALVERT STREET NW,112.17752274084928,b3108bec25eddeb24db84dd2dc5f6864,False
59506143853,2601 CONNECTICUT AVENUE NW,WARD 1,major,4,88a3a9205e2a6f5c8b7352162a277711,24TH STREET NW AND CONNECTICUT AVENUE NW,24TH STREET NW,CONNECTICUT AVENUE NW,141.46285384143857,b3108bec25eddeb24db84dd2dc5f6864,False
59506143853,2601 CONNECTICUT AVENUE NW,WARD 1,major,5,6cdb11e1da9d5b3726820fc269c23c04,WOODLEY PLACE NW AND WOODLEY ROAD NW,WOODLEY PLACE NW,WOODLEY ROAD NW,184.34350015206283,b3108bec25eddeb24db84dd2dc5f6864,False
69513473201,3973 ALABAMA AVENUE SE,WARD 7,major,1,5e1179fae3b265547fcee3618c6f250c,Q STREET SE AND FORT DAVIS STREET SE,Q STREET SE,FORT DAVIS STREET SE,98.85372409826914,3460ff334e3bdf4bcf7e70a616787ada,False
69513473201,3973 ALABAMA AVENUE SE,WARD 7,major,2,3460ff334e3bdf4bcf7e70a616787ada,ALABAMA AVENUE SE AND Q STREET SE,ALABAMA AVENUE SE,Q STREET SE,118.39467285581715,3460ff334e3bdf4bcf7e70a616787ada,True
69513473201,3973 ALABAMA AVENUE SE,WARD 7,major,3,304106ada6ff00ad7f317cd2dd4ae757,FORT DAVIS PLACE SE AND 40TH STREET SE,FORT DAVIS PLACE SE,40TH STREET SE,130.70119058571643,3460ff334e3bdf4bcf7e70a616787ada,False
69513473201,3973 ALABAMA AVENUE SE,WARD 7,major,4,c8fae0e33e2e1c2ac8a7b2ca445be363,R STREET SE AND FORT DAVIS STREET SE,R STREET SE,FORT DAVIS STREET SE,146.89054456956117,3460ff334e3bdf4bcf7e70a616787ada,False
69513473201,3973 ALABAMA AVENUE SE,WARD 7,major,5,ead781875dc1c243d109d2362165954a,FORT DAVIS PLACE SE AND Q STREET SE,FORT DAVIS PLACE SE,Q STREET SE,151.64836945625075,3460ff334e3bdf4bcf7e70a616787ada,False
56258333648,"PINE STREET SE
WASHINGTON,",WARD 8,major,1,f935dc206d33e56b78fbf4776de4f1f5,PINE STREET SE AND MARTIN LUTHER KING JR AVENUE SE,PINE STREET SE,MARTIN LUTHER KING JR AVENUE SE,31.872770905150098,f935dc206d33e56b78fbf4776de4f1f5,True
56258333648,"PINE STREET SE
WASHINGTON,",WARD 8,major,2,358809cc17df80ccaa67b4e16ded695a,PERSIMMON STREET SE AND PINE STREET SE,PERSIMMON STREET SE,PINE STREET SE,97.64894210585825,f935dc206d33e56b78fbf4776de4f1f5,False
56258333648,"PINE STREET SE
WASHINGTON,",WARD 8,major,3,94254b079003ce2770966766bb23b1a8,REDWOOD DRIVE SE AND PINE STREET SE,REDWOOD DRIVE SE,PINE STREET SE,129.69518303315027,f935dc206d33e56b78fbf4776de4f1f5,False
56258333648,"PINE STREET SE
WASHINGTON,",WARD 8,major,4,c8c6725e20b5cbb6a2f73a978a53fcce,MAGNOLIA STREET SE AND MARTIN LUTHER KING JR AVENUE SE,MAGNOLIA STREET SE,MARTIN LUTHER KING JR AVENUE SE,136.18796776365747,f935dc206d33e56b78fbf4776de4f1f5,False
56258333648,"PINE STREET SE
WASHINGTON,",WARD 8,major,5,5518a9eb87dc2787ee5910bc0a57de10,SPRUCE STREET SE AND REDWOOD DRIVE SE,SPRUCE STREET SE,REDWOOD DRIVE SE,177.2437867797096,f935dc206d33e56b78fbf4776de4f1f5,False
53754765077,6323 GEORGIA AVENUE NW,WARD 4,pdo,1,1784b46084741c48f9a269ca0d9a3940,TUCKERMAN STREET NW AND GEORGIA AVENUE NW,TUCKERMAN STREET NW,GEORGIA AVENUE NW,40.48473982166703,1784b46084741c48f9a269ca0d9a3940,True
53754765077,6323 GEORGIA AVENUE NW,WARD 4,pdo,2,39f5ed4358e87d783218c3e80268cba6,PINEY BRANCH ROAD NW AND TUCKERMAN STREET NW,PINEY BRANCH ROAD NW,TUCKERMAN STREET NW,52.929969405512594,1784b46084741c48f9a269ca0d9a3940,False
53754765077,6323 GEORGIA AVENUE NW,WARD 4,pdo,3,07497bb7298b21eddb9d8717649d2e8f,GEORGIA AVENUE NW AND PINEY BRANCH ROAD NW,GEORGIA AVENUE NW,PINEY BRANCH ROAD NW,68.00903133692103,1784b46084741c48f9a269ca0d9a3940,False
53754765077,6323 GEORGIA AVENUE NW,WARD 4,pdo,4,1fbcefe0a49b56b80ce18ed38ab05e0c,SHERIDAN STREET NW AND GEORGIA AVENUE NW,SHERIDAN STREET NW,GEORGIA AVENUE NW,88.3132952908734,1784b46084741c48f9a269ca0d9a3940,False
53754765077,6323 GEORGIA AVENUE NW,WARD 4,pdo,5,06dda2d6914d62245b851f86f4cb116c,PINEY BRANCH ROAD NW AND 12TH STREET NW,PINEY BRANCH ROAD NW,12TH STREET NW,106.37764343050027,1784b46084741c48f9a269ca0d9a3940,False
67444256950,965 RANDOLPH STREET NW,WARD 4,minor,1,c40ac4c0b6c9585ac461e205dcde2422,10TH STREET NW AND RANDOLPH STREET NW,10TH STREET NW,RANDOLPH STREET NW,25.584380094543548,c40ac4c0b6c9585ac461e205dcde2422,True
67444256950,965 RANDOLPH STREET NW,WARD 4,minor,2,a23c8b6867bb57689c64de8ab0c34c32,KANSAS AVENUE NW AND RANDOLPH STREET NW,KANSAS AVENUE NW,RANDOLPH STREET NW,87.88923126993463,c40ac4c0b6c9585ac461e205dcde2422,False
67444256950,965 RANDOLPH STREET NW,WARD 4,minor,3,01589bf7b9ec32e10899037b7dc1eda9,KANSAS AVENUE NW AND SHEPHERD STREET NW,KANSAS AVENUE NW,SHEPHERD STREET NW,96.21139511266755,c40ac4c0b6c9585ac461e205dcde2422,False
67444256950,965 RANDOLPH STREET NW,WARD 4,minor,4,b79674a87d1de6ac973ec5da2a6594d7,QUINCY STREET NW AND 10TH STREET NW,QUINCY STREET NW,10TH STREET NW,142.80663001564403,c40ac4c0b6c9585ac461e205dcde2422,False
67444256950,965 RANDOLPH STREET NW,WARD 4,minor,5,e7d4ca03cb46e0099c30cf863b0d4992,QUINCY STREET NW AND 9TH PLACE NW,QUINCY STREET NW,9TH PLACE NW,172.95035015547728,c40ac4c0b6c9585ac461e205dcde2422,False
69539618826,6114 EASTERN AVENUE NE,WARD 4,pdo,1,2131ee0c3b36b167df467c734e5ca77f,EASTERN AVENUE NE AND QUINTANA PLACE NE,EASTERN AVENUE NE,QUINTANA PLACE NE,11.067741493520273,2131ee0c3b36b167df467c734e5ca77f,True
69539618826,6114 EASTERN AVENUE NE,WARD 4,pdo,2,d5d2213a5739c09a65fce99047b62452,RITTENHOUSE STREET NE AND EASTERN AVENUE NE,RITTENHOUSE STREET NE,EASTERN AVENUE NE,82.48711406371051,2131ee0c3b36b167df467c734e5ca77f,False
69539618826,6114 EASTERN AVENUE NE,WARD 4,pdo,3,fab79ce4825f222a837f95028be57a7e,QUACKENBOS STREET NE AND EASTERN AVENUE NE,QUACKENBOS STREET NE,EASTERN AVENUE NE,95.46470830295387,2131ee0c3b36b167df467c734e5ca77f,False
69539618826,6114 EASTERN AVENUE NE,WARD 4,pdo,4,aa1d86f135fe3b976444d3a83c4a3dcb,QUINTANA PLACE NE AND 3RD STREET NE,QUINTANA PLACE NE,3RD STREET NE,160.11696418332096,2131ee0c3b36b167df467c734e5ca77f,False
69539618826,6114 EASTERN AVENUE NE,WARD 4,pdo,5,b07b3ef0e60707aabbab31e3e1895969,3RD STREET NE AND QUACKENBOS STREET NE,3RD STREET NE,QUACKENBOS STREET NE,173.03159085301203,2131ee0c3b36b167df467c734e5ca77f,False
63332719821,"CONSTITUTION AVENUE NW
WASHINGTON,",WARD 6,minor,1,79df1f16a2628e1d3dac7f75ec231169,PENNSYLVANIA AVENUE NW AND CONSTITUTION AVENUE NW,PENNSYLVANIA AVENUE NW,CONSTITUTION AVENUE NW,68.27829725707527,79df1f16a2628e1d3dac7f75ec231169,True
63332719821,"CONSTITUTION AVENUE NW
WASHINGTON,",WARD 6,minor,2,ef9c7ba152152954c97a4bbef4cb20fd,4TH STREET NW AND PENNSYLVANIA AVENUE NW,4TH STREET NW,PENNSYLVANIA AVENUE NW,100.54184142202665,79df1f16a2628e1d3dac7f75ec231169,False
63332719821,"CONSTITUTION AVENUE NW
WASHINGTON,",WARD 6,minor,3,94815cc9de4e47657f31b25e1cfba78a,3RD STREET NW AND CONSTITUTION AVENUE NW,3RD STREET NW,CONSTITUTION AVENUE NW,111.84194895176174,79df1f16a2628e1d3dac7f75ec231169,False
63332719821,"CONSTITUTION AVENUE NW
WASHINGTON,",WARD 6,minor,4,73a1a45c1bfb64e55cb0704369e6df3d,PENNSYLVANIA AVENUE NW AND 3RD STREET NW,PENNSYLVANIA AVENUE NW,3RD STREET NW,152.83909222678085,79df1f16a2628e1d3dac7f75ec231169,False
63332719821,"CONSTITUTION AVENUE NW
WASHINGTON,",WARD 6,minor,5,042fd39bf80b57285c83fd741a83f2b7,3RD STREET NW AND C STREET NW,3RD STREET NW,C STREET NW,170.0237870566146,79df1f16a2628e1d3dac7f75ec231169,False
57017883539,7801 16TH STREET NW,WARD 4,pdo,1,c2b24228bb16c730a3f97c0b6482ae68,16TH STREET NW AND KALMIA ROAD NW,16TH STREET NW,KALMIA ROAD NW,27.408175003973202,c2b24228bb16c730a3f97c0b6482ae68,True
57017883539,7801 16TH STREET NW,WARD 4,pdo,2,7fd798a83dc565cd92b2a220837dfaf7,LOCUST ROAD NW AND 16TH STREET NW,LOCUST ROAD NW,16TH STREET NW,92.44674860538919,c2b24228bb16c730a3f97c0b6482ae68,False
57017883539,7801 16TH STREET NW,WARD 4,pdo,3,745cb24cc61c7794d919ab2a6ded9f8a,JONQUIL STREET NW AND 16TH STREET NW,JONQUIL STREET NW,16TH STREET NW,162.83659234678532,c2b24228bb16c730a3f97c0b6482ae68,False
57017883539,7801 16TH STREET NW,WARD 4,pdo,4,5c42ba897adf74fedd121c61d530cfb5,LEEGATE ROAD NW AND MYRTLE STREET NW,LEEGATE ROAD NW,MYRTLE STREET NW,199.51669347499302,c2b24228bb16c730a3f97c0b6482ae68,False
57017883539,7801 16TH STREET NW,WARD 4,pdo,5,d6b75c52b775a06ea8b20e040d17b925,LOCUST ROAD NW AND 14TH STREET NW,LOCUST ROAD NW,14TH STREET NW,228.66862552912949,c2b24228bb16c730a3f97c0b6482ae68,False
54362053414,1786 FLORIDA AVENUE NW,WARD 2,minor,1,16c9aaba29b4e6e4beb84d0e9a6ecf56,18TH STREET NW AND FLORIDA AVENUE NW,18TH STREET NW,FLORIDA AVENUE NW,26.8193943186133,16c9aaba29b4e6e4beb84d0e9a6ecf56,True
54362053414,1786 FLORIDA AVENUE NW,WARD 2,minor,2,3a6628e52e6823e02eec5d6ff8aeb73f,18TH STREET NW AND WILLARD STREET NW,18TH STREET NW,WILLARD STREET NW,37.39690996424613,16c9aaba29b4e6e4beb84d0e9a6ecf56,False
54362053414,1786 FLORIDA AVENUE NW,WARD 2,minor,3,702278c3d81363d67e1fece44d997e15,U STREET NW AND 18TH STREET NW,U STREET NW,18TH STREET NW,46.771490888106115,16c9aaba29b4e6e4beb84d0e9a6ecf56,False
54362053414,1786 FLORIDA AVENUE NW,WARD 2,minor,4,a5e2c0fec31d78191d8cc11b626c9e33,U STREET NW AND FLORIDA AVENUE NW,U STREET NW,FLORIDA AVENUE NW,50.79982916737379,16c9aaba29b4e6e4beb84d0e9a6ecf56,False
54362053414,1786 FLORIDA AVENUE NW,WARD 2,minor,5,fc8e1a02e0f70ca50fc35292ec8eb405,T STREET NW AND 18TH STREET NW,T STREET NW,18TH STREET NW,114.3370089966032,16c9aaba29b4e6e4beb84d0e9a6ecf56,False
66852209791,1364 IRVING STREET NW,WARD 1,minor,1,192e3a6b09842b3993685739c360d04f,IRVING STREET NW AND 14TH STREET NW,IRVING STREET NW,14TH STREET NW,70.20878418924109,192e3a6b09842b3993685739c360d04f,True
66852209791,1364 IRVING STREET NW,WARD 1,minor,2,a05a096abf78d68d77d83198b0d852f4,14TH STREET NW AND COLUMBIA ROAD NW,14TH STREET NW,COLUMBIA ROAD NW,134.5101264537832,192e3a6b09842b3993685739c360d04f,False
66852209791,1364 IRVING STREET NW,WARD 1,minor,3,c23b165154fee9f53d580fdcacfe1544,HARVARD COURT NW AND COLUMBIA ROAD NW,HARVARD COURT NW,COLUMBIA ROAD NW,173.4077375225354,192e3a6b09842b3993685739c360d04f,False
66852209791,1364 IRVING STREET NW,WARD 1,minor,4,5744a300792a85754e137738b14e0ca3,13TH STREET NW AND IRVING STREET NW,13TH STREET NW,IRVING STREET NW,186.16404174372298,192e3a6b09842b3993685739c360d04f,False
66852209791,1364 IRVING STREET NW,WARD 1,minor,5,753788b3247a705c07f28aa22372fbab,KENYON STREET NW AND 14TH STREET NW,KENYON STREET NW,14TH STREET NW,193.37166469388134,192e3a6b09842b3993685739c360d04f,False
65807548084,1025 FRONTAGE ROAD SW,WARD 2,pdo,1,d2807a6513adf5816b4b997298343ae6,FRONTAGE ROAD SW WESTBOUND AND RAMP TO 12TH STREET EXPRESSWAY SW NORTHBOUND,FRONTAGE ROAD SW,12TH STREET EXPRESSWAY SW,15.817475639195571,9133cd0a02b8d3daeb5aec00c8a9df4d,False
65807548084,1025 FRONTAGE ROAD SW,WARD 2,pdo,2,d86e4abac096b33f11e78c8ac6839edb,12TH STREET EXPRESSWAY SW AND RAMP TO D STREET SW,12TH STREET EXPRESSWAY SW,D STREET SW,16.16411051779972,9133cd0a02b8d3daeb5aec00c8a9df4d,False
65807548084,1025 FRONTAGE ROAD SW,WARD 2,pdo,3,89ca7ee8a68e0ede5ee11e106ff63e80,10TH STREET SW AND L'ENFANT PLAZA SW,10TH STREET SW,L'ENFANT PLAZA SW,83.78349599519761,9133cd0a02b8d3daeb5aec00c8a9df4d,False
65807548084,1025 FRONTAGE ROAD SW,WARD 2,pdo,4,9133cd0a02b8d3daeb5aec00c8a9df4d,FRONTAGE ROAD SW AND 10TH STREET SW,FRONTAGE ROAD SW,10TH STREET SW,85.29308331557418,9133cd0a02b8d3daeb5aec00c8a9df4d,True
65807548084,1025 FRONTAGE ROAD SW,WARD 2,pdo,5,6b27bd3835ee0a999a10816ab5b72797,MAINE AVENUE SW AND 12TH STREET SW,MAINE AVENUE SW,12TH STREET SW,118.59969344793583,9133cd0a02b8d3daeb5aec00c8a9df4d,False
69428167744,4314 WHEELER ROAD SE,WARD 8,minor,1,548dbfd27df6b66d2c23465109576763,WHEELER ROAD SE AND SOUTHERN AVENUE SE,WHEELER ROAD SE,SOUTHERN AVENUE SE,13.936666845840508,548dbfd27df6b66d2c23465109576763,True
69428167744,4314 WHEELER ROAD SE,WARD 8,minor,2,792a7075b12024242103c13e76365b59,BELLEVUE STREET SE AND WHEELER ROAD SE,BELLEVUE STREET SE,WHEELER ROAD SE,102.9319496906243,548dbfd27df6b66d2c23465109576763,False
69428167744,4314 WHEELER ROAD SE,WARD 8,minor,3,a65213e4044f903103730ff80297dc37,WHEELER ROAD SE AND BELLEVUE STREET SE,WHEELER ROAD SE,BELLEVUE STREET SE,123.0905134039425,548dbfd27df6b66d2c23465109576763,False
69428167744,4314 WHEELER ROAD SE,WARD 8,minor,4,821e99df6f3b5fb19317893ae9c252ae,SOUTHERN AVENUE SE AND 12TH STREET SE,SOUTHERN AVENUE SE,12TH STREET SE,182.231661608172,548dbfd27df6b66d2c23465109576763,False
69428167744,4314 WHEELER ROAD SE,WARD 8,minor,5,91ebb84ccdfe60d2be17201f6f406815,WHEELER ROAD SE AND BARNABY TERRACE SE,WHEELER ROAD SE,BARNABY TERRACE SE,190.23810198611207,548dbfd27df6b66d2c23465109576763,False
67771233050,800 16TH STREET NW,WARD 2,pdo,1,2c3f3fab58a593ee1aeb40f7be957c8b,16TH STREET NW AND H STREET NW,16TH STREET NW,H STREET NW,65.4991198539319,2c3f3fab58a593ee1aeb40f7be957c8b,True
67771233050,800 16TH STREET NW,WARD 2,pdo,2,8a106c7d18f1f70f87946d3c346eae21,JACKSON PLACE NW AND H STREET NW,JACKSON PLACE NW,H STREET NW,73.56988103562368,2c3f3fab58a593ee1aeb40f7be957c8b,False
67771233050,800 16TH STREET NW,WARD 2,pdo,3,dd84fa6298afcc3e8d4d542260fb87a7,I STREET NW AND 16TH STREET NW,I STREET NW,16TH STREET NW,109.01599191607151,2c3f3fab58a593ee1aeb40f7be957c8b,False
67771233050,800 16TH STREET NW,WARD 2,pdo,4,d617b9067d2ee1c386e5c7f68993a0dd,I STREET NW AND 17TH STREET NW,I STREET NW,17TH STREET NW,147.50131841269632,2c3f3fab58a593ee1aeb40f7be957c8b,False
67771233050,800 16TH STREET NW,WARD 2,pdo,5,6fa54f82b4dc57caf643a6c09ae4196e,MADISON PLACE NW AND H STREET NW,MADISON PLACE NW,H STREET NW,182.47973023324928,2c3f3fab58a593ee1aeb40f7be957c8b,False
62350315416,1299 1ST STREET SE,WARD 6,minor,1,f06969fdda4edc735f79c2b2a219467d,QUANDER STREET SE AND 1ST STREET SE,QUANDER STREET SE,1ST STREET SE,56.80818624826299,ea8592cb169c02cc3de39cfc24d8d92e,False
62350315416,1299 1ST STREET SE,WARD 6,minor,2,ea8592cb169c02cc3de39cfc24d8d92e,1ST STREET SE AND N STREET SE,1ST STREET SE,N STREET SE,61.365250959497,ea8592cb169c02cc3de39cfc24d8d92e,True
62350315416,1299 1ST STREET SE,WARD 6,minor,3,3ac241e2cd63dd19dc2c19d91993c5e2,HALF STREET SE AND N STREET SE,HALF STREET SE,N STREET SE,107.63983015698147,ea8592cb169c02cc3de39cfc24d8d92e,False
62350315416,1299 1ST STREET SE,WARD 6,minor,4,f238590ff80e118e0b5f4a4bc27a3d07,YARDS PLACE SE AND QUANDER STREET SE,YARDS PLACE SE,QUANDER STREET SE,140.66221756748465,ea8592cb169c02cc3de39cfc24d8d92e,False
62350315416,1299 1ST STREET SE,WARD 6,minor,5,274d0bcfd7a8410b0330a151d413f2ad,YARDS PLACE SE AND N STREET SE,YARDS PLACE SE,N STREET SE,142.36473594567883,ea8592cb169c02cc3de39cfc24d8d92e,False
63931032843,4104 CONNECTICUT AVENUE NW,WARD 3,pdo,1,30e2367cdc07055bbf5ff92ac5ff2655,CONNECTICUT AVENUE NW AND UPTON STREET NW,CONNECTICUT AVENUE NW,UPTON STREET NW,34.126065634282355,30e2367cdc07055bbf5ff92ac5ff2655,True
63931032843,4104 CONNECTICUT AVENUE NW,WARD 3,pdo,2,8fd9a69f03cd13fb426a9f6eb576e073,VAN NESS STREET NW AND CONNECTICUT AVENUE NW,VAN NESS STREET NW,CONNECTICUT AVENUE NW,104.65537717544682,30e2367cdc07055bbf5ff92ac5ff2655,False
63931032843,4104 CONNECTICUT AVENUE NW,WARD 3,pdo,3,9ffd6c77bfa52280d8e16dd8a43126f4,CONNECTICUT AVENUE NW AND TILDEN STREET NW,CONNECTICUT AVENUE NW,TILDEN STREET NW,161.6266774291212,30e2367cdc07055bbf5ff92ac5ff2655,False
63931032843,4104 CONNECTICUT AVENUE NW,WARD 3,pdo,4,b67858d35055fe806dc8976dbe10ad75,INTERNATIONAL PLACE NW AND INTERNATIONAL DRIVE NW,INTERNATIONAL PLACE NW,INTERNATIONAL DRIVE NW,213.82223008320017,30e2367cdc07055bbf5ff92ac5ff2655,False
63931032843,4104 CONNECTICUT AVENUE NW,WARD 3,pdo,5,76769d1db71f017856692532681c6b7f,INTERNATIONAL DRIVE NW AND VAN NESS STREET NW,INTERNATIONAL DRIVE NW,VAN NESS STREET NW,233.85073598037954,30e2367cdc07055bbf5ff92ac5ff2655,False
69738875911,1632 44TH STREET NW,WARD 3,minor,1,cdf445e1968c5264817599219260b1b2,44TH STREET NW AND RESERVOIR ROAD NW,44TH STREET NW,RESERVOIR ROAD NW,31.284146762767286,cdf445e1968c5264817599219260b1b2,True
69738875911,1632 44TH STREET NW,WARD 3,minor,2,3495578ed6bdf7ec987ab25eda023c1a,GREENWICH PARKWAY NW AND 44TH STREET NW,GREENWICH PARKWAY NW,44TH STREET NW,82.1684070256153,cdf445e1968c5264817599219260b1b2,False
69738875911,1632 44TH STREET NW,WARD 3,minor,3,43eb997276c6b493f2422585bd079cde,RESERVOIR ROAD NW AND HOBAN ROAD NW,RESERVOIR ROAD NW,HOBAN ROAD NW,105.56478492496547,cdf445e1968c5264817599219260b1b2,False
69738875911,1632 44TH STREET NW,WARD 3,minor,4,4c90f596aefa5a344001e6fc50f660b3,HADFIELD LANE NW AND HOBAN ROAD NW,HADFIELD LANE NW,HOBAN ROAD NW,144.9286130028735,cdf445e1968c5264817599219260b1b2,False
69738875911,1632 44TH STREET NW,WARD 3,minor,5,81093f2b6fd2ca58df63a48231db0dcd,GREENWICH PARKWAY NW AND SURREY LANE NW,GREENWICH PARKWAY NW,SURREY LANE NW,157.4572982572186,cdf445e1968c5264817599219260b1b2,False
54983270239,2914 13TH STREET NW,WARD 1,minor,1,f922e2bdc11c55485a49ce222dce4f2d,13TH STREET NW AND COLUMBIA ROAD NW,13TH STREET NW,COLUMBIA ROAD NW,51.053331086626955,f922e2bdc11c55485a49ce222dce4f2d,True
54983270239,2914 13TH STREET NW,WARD 1,minor,2,732f6dabedb087d333e25607e08fdbf1,HARVARD STREET NW AND 13TH STREET NW,HARVARD STREET NW,13TH STREET NW,62.80164293693719,f922e2bdc11c55485a49ce222dce4f2d,False
54983270239,2914 13TH STREET NW,WARD 1,minor,3,5744a300792a85754e137738b14e0ca3,13TH STREET NW AND IRVING STREET NW,13TH STREET NW,IRVING STREET NW,156.40092041736818,f922e2bdc11c55485a49ce222dce4f2d,False
54983270239,2914 13TH STREET NW,WARD 1,minor,4,dd096c9e09cb404d776af18b5350ae84,13TH STREET NW AND GIRARD STREET NW,13TH STREET NW,GIRARD STREET NW,169.17994613502026,f922e2bdc11c55485a49ce222dce4f2d,False
54983270239,2914 13TH STREET NW,WARD 1,minor,5,a05a096abf78d68d77d83198b0d852f4,14TH STREET NW AND COLUMBIA ROAD NW,14TH STREET NW,COLUMBIA ROAD NW,217.9678098467214,f922e2bdc11c55485a49ce222dce4f2d,False
63693095106,2501 WISCONSIN AVENUE NW,WARD 3,pdo,1,ffdec7134c196e0c1c65b0fd3ef41591,WISCONSIN AVENUE NW AND CALVERT STREET NW,WISCONSIN AVENUE NW,CALVERT STREET NW,19.061074753004043,ffdec7134c196e0c1c65b0fd3ef41591,True
63693095106,2501 WISCONSIN AVENUE NW,WARD 3,pdo,2,e5dcd5d0cb5a4a64574d9e1daaf20e68,CALVERT STREET NW AND 37TH STREET NW,CALVERT STREET NW,37TH STREET NW,24.083943573848547,ffdec7134c196e0c1c65b0fd3ef41591,False
63693095106,2501 WISCONSIN AVENUE NW,WARD 3,pdo,3,b8de25e8db0989a9f992b589293afe7b,37TH STREET NW AND WISCONSIN AVENUE NW,37TH STREET NW,WISCONSIN AVENUE NW,26.20651581285396,ffdec7134c196e0c1c65b0fd3ef41591,False
63693095106,2501 WISCONSIN AVENUE NW,WARD 3,pdo,4,defd2550e687422a0b84e6f20a2e0086,WISCONSIN AVENUE NW AND DAVIS STREET NW,WISCONSIN AVENUE NW,DAVIS STREET NW,103.62236523006995,ffdec7134c196e0c1c65b0fd3ef41591,False
63693095106,2501 WISCONSIN AVENUE NW,WARD 3,pdo,5,cd9d07761a78537dd6fdc8223fc21705,36TH PLACE NW AND DAVIS STREET NW,36TH PLACE NW,DAVIS STREET NW,133.75048924386314,ffdec7134c196e0c1c65b0fd3ef41591,False
64275005736,"1ST STREET SE & D STREET SE
WASHINGTON,",WARD 6,major,1,fd926d82981a1f2fe1e8f453efe94fb0,1ST STREET SE AND D STREET SE,1ST STREET SE,D STREET SE,0.05859453991373747,fd926d82981a1f2fe1e8f453efe94fb0,True
64275005736,"1ST STREET SE & D STREET SE
WASHINGTON,",WARD 6,major,2,ce393dfcd815e8ee430d37df8e247f66,RUMSEY COURT SE AND D STREET SE,RUMSEY COURT SE,D STREET SE,97.58679299199667,fd926d82981a1f2fe1e8f453efe94fb0,False
64275005736,"1ST STREET SE & D STREET SE
WASHINGTON,",WARD 6,major,3,efc96436da7a98458cf6f512fbf0e82f,C STREET SE AND 1ST STREET SE,C STREET SE,1ST STREET SE,108.32692753068729,fd926d82981a1f2fe1e8f453efe94fb0,False
64275005736,"1ST STREET SE & D STREET SE
WASHINGTON,",WARD 6,major,4,4a1d4719364402ca3d06c73b8e4b522a,D STREET SE AND NEW JERSEY AVENUE SE,D STREET SE,NEW JERSEY AVENUE SE,117.97950434830862,fd926d82981a1f2fe1e8f453efe94fb0,False
64275005736,"1ST STREET SE & D STREET SE
WASHINGTON,",WARD 6,major,5,59fc3b5736df930696e5c9e37d2bf6be,IVY STREET SE AND NEW JERSEY AVENUE SE,IVY STREET SE,NEW JERSEY AVENUE SE,131.9341112398654,fd926d82981a1f2fe1e8f453efe94fb0,False
69765220517,1616 18TH STREET NW,WARD 2,minor,1,dbeec086aaabd77b745f18f0b85535bf,18TH STREET NW AND CORCORAN STREET NW,18TH STREET NW,CORCORAN STREET NW,34.11082792852706,dbeec086aaabd77b745f18f0b85535bf,True
69765220517,1616 18TH STREET NW,WARD 2,minor,2,2ab6ccc945950ed054955bee8387215d,NEW HAMPSHIRE AVENUE NW AND CORCORAN STREET NW,NEW HAMPSHIRE AVENUE NW,CORCORAN STREET NW,56.73744372061476,dbeec086aaabd77b745f18f0b85535bf,False
69765220517,1616 18TH STREET NW,WARD 2,minor,3,f996011c35e992b48092af4b18ff8ce5,R STREET NW AND 18TH STREET NW,R STREET NW,18TH STREET NW,63.77972759073566,dbeec086aaabd77b745f18f0b85535bf,False
69765220517,1616 18TH STREET NW,WARD 2,minor,4,b329056c22b5fcf5ed33d5481ea40697,18TH STREET NW AND NEW HAMPSHIRE AVENUE NW,18TH STREET NW,NEW HAMPSHIRE AVENUE NW,65.45287261598158,dbeec086aaabd77b745f18f0b85535bf,False
69765220517,1616 18TH STREET NW,WARD 2,minor,5,3c46fb8fb47b1b636451456b821e2a5b,Q STREET NW AND NEW HAMPSHIRE AVENUE NW,Q STREET NW,NEW HAMPSHIRE AVENUE NW,106.23436988003935,dbeec086aaabd77b745f18f0b85535bf,False
57838415025,6011 BLAIR ROAD NW,WARD 4,minor,1,9216d166969fc03084ca188e06bc2194,PEABODY STREET NW AND NORTH DAKOTA AVENUE NW,PEABODY STREET NW,NORTH DAKOTA AVENUE NW,47.71376193131881,8c8d1d90f0179ea39f80e265b1d9bfe4,False
57838415025,6011 BLAIR ROAD NW,WARD 4,minor,2,8c8d1d90f0179ea39f80e265b1d9bfe4,PEABODY STREET NW AND BLAIR ROAD NW,PEABODY STREET NW,BLAIR ROAD NW,51.46270326008322,8c8d1d90f0179ea39f80e265b1d9bfe4,True
57838415025,6011 BLAIR ROAD NW,WARD 4,minor,3,94eedad1b250dc09aaa88ca852ecffa5,QUACKENBOS STREET NW AND BLAIR ROAD NW,QUACKENBOS STREET NW,BLAIR ROAD NW,80.70478249639635,8c8d1d90f0179ea39f80e265b1d9bfe4,False
57838415025,6011 BLAIR ROAD NW,WARD 4,minor,4,e31bb5b3aa23ca37aa8d777c29de2f93,KANSAS AVENUE NW AND PEABODY STREET NW,KANSAS AVENUE NW,PEABODY STREET NW,80.95622076967767,8c8d1d90f0179ea39f80e265b1d9bfe4,False
57838415025,6011 BLAIR ROAD NW,WARD 4,minor,5,ab42295ffdb452d830ff388388f2b1d2,BLAIR ROAD NW AND NORTH DAKOTA AVENUE NW,BLAIR ROAD NW,NORTH DAKOTA AVENUE NW,95.42508539092717,8c8d1d90f0179ea39f80e265b1d9bfe4,False
66351710684,704 MISSISSIPPI AVENUE SE,WARD 8,pdo,1,740e98063a633621e894465813c10f1b,MISSISSIPPI AVENUE SE AND 7TH STREET SE,MISSISSIPPI AVENUE SE,7TH STREET SE,61.53138725102865,740e98063a633621e894465813c10f1b,True
66351710684,704 MISSISSIPPI AVENUE SE,WARD 8,pdo,2,fc887c800f6be152397d1aa41c7aa1a6,UPSAL STREET SE AND CONGRESS STREET SE,UPSAL STREET SE,CONGRESS STREET SE,104.33343530100353,740e98063a633621e894465813c10f1b,False
66351710684,704 MISSISSIPPI AVENUE SE,WARD 8,pdo,3,c58020f2bd08318cf532909c54d92111,CONGRESS STREET SE AND 7TH STREET SE,CONGRESS STREET SE,7TH STREET SE,118.72396420707612,740e98063a633621e894465813c10f1b,False
66351710684,704 MISSISSIPPI AVENUE SE,WARD 8,pdo,4,5e11d5c2a4579ebd2234f3a6278ad6d6,OXON RUN ROAD SE AND 7TH STREET SE,OXON RUN ROAD SE,7TH STREET SE,190.44494792792213,740e98063a633621e894465813c10f1b,False
66351710684,704 MISSISSIPPI AVENUE SE,WARD 8,pdo,5,f51a10ea9792f6f3b774c20fe7134a39,WHEELER ROAD SE AND MISSISSIPPI AVENUE SE,WHEELER ROAD SE,MISSISSIPPI AVENUE SE,197.05814177274388,740e98063a633621e894465813c10f1b,False
64977903521,1127 I STREET SE,WARD 6,major,1,3466a259849586c732a733b5e3211c28,I STREET SE AND 12TH STREET SE,I STREET SE,12TH STREET SE,23.686162887814145,3466a259849586c732a733b5e3211c28,True
64977903521,1127 I STREET SE,WARD 6,major,2,dbceec7eb44a670bce362ffbdef7c876,11TH STREET SE AND I STREET SE,11TH STREET SE,I STREET SE,87.76750197353287,3466a259849586c732a733b5e3211c28,False
64977903521,1127 I STREET SE,WARD 6,major,3,c40a7590c6a3f1a619e6e4ac3fa07263,POTOMAC AVENUE SE AND 12TH STREET SE,POTOMAC AVENUE SE,12TH STREET SE,100.50436394677907,3466a259849586c732a733b5e3211c28,False
64977903521,1127 I STREET SE,WARD 6,major,4,0ac18a27b3e8772037d9997e5fc62f5b,K STREET SE AND 11TH STREET SE,K STREET SE,11TH STREET SE,131.26873577691202,3466a259849586c732a733b5e3211c28,False
64977903521,1127 I STREET SE,WARD 6,major,5,4701686106fa72754f7b045984cf0f62,SOUTHEAST BOULEVARD SE AND 11TH STREET SE,SOUTHEAST BOULEVARD SE,11TH STREET SE,159.47757233660994,3466a259849586c732a733b5e3211c28,False
59872209202,35 K STREET NE,WARD 6,pdo,1,40736cafb4216780e39074395946fe5a,1ST STREET NE AND K STREET NE,1ST STREET NE,K STREET NE,95.7759553900165,40736cafb4216780e39074395946fe5a,True
59872209202,35 K STREET NE,WARD 6,pdo,2,f0f2a1994c7826350de6f01231810b6f,1ST STREET NE AND L STREET NE,1ST STREET NE,L STREET NE,165.8657790774129,40736cafb4216780e39074395946fe5a,False
59872209202,35 K STREET NE,WARD 6,pdo,3,2a8cb69759af6b41935564a72d0b25fb,NORTH CAPITOL STREET AND K STREET NW,NORTH CAPITOL STREET,K STREET NW,179.14835033882318,40736cafb4216780e39074395946fe5a,False
59872209202,35 K STREET NE,WARD 6,pdo,4,514c6bd57046dc70b12c7e7efa651923,NORTH CAPITOL STREET NE AND TEMPLE COURT NW,NORTH CAPITOL STREET NE,TEMPLE COURT NW,197.83591988685504,40736cafb4216780e39074395946fe5a,False
59872209202,35 K STREET NE,WARD 6,pdo,5,70de50c955ed08bd927ecc6d8260e04c,L STREET NE AND NORTH CAPITOL STREET,L STREET NE,NORTH CAPITOL STREET,224.47313033059746,40736cafb4216780e39074395946fe5a,False
70269224948,3750 GEORGIA AVENUE NW,WARD 4,minor,1,4d8c302ff7f9c88d01aa82d324c9c39d,GEORGIA AVENUE NW AND QUINCY STREET NW,GEORGIA AVENUE NW,QUINCY STREET NW,47.36982018798161,4d8c302ff7f9c88d01aa82d324c9c39d,True
70269224948,3750 GEORGIA AVENUE NW,WARD 4,minor,2,cc5d5272199667b4e02b69e6d6567d33,QUINCY STREET NW AND 9TH STREET NW,QUINCY STREET NW,9TH STREET NW,90.37398530303044,4d8c302ff7f9c88d01aa82d324c9c39d,False
70269224948,3750 GEORGIA AVENUE NW,WARD 4,minor,3,7ef29e9c2fb92a905f314f5ef8724e7e,NEW HAMPSHIRE AVENUE NW AND ROCK CREEK CHURCH ROAD NW,NEW HAMPSHIRE AVENUE NW,ROCK CREEK CHURCH ROAD NW,96.1769493810983,4d8c302ff7f9c88d01aa82d324c9c39d,False
70269224948,3750 GEORGIA AVENUE NW,WARD 4,minor,4,140453fc2c4eabdd01e6d2b97ed3f12e,QUINCY STREET NW AND NEW HAMPSHIRE AVENUE NW,QUINCY STREET NW,NEW HAMPSHIRE AVENUE NW,109.1691186310489,4d8c302ff7f9c88d01aa82d324c9c39d,False
70269224948,3750 GEORGIA AVENUE NW,WARD 4,minor,5,7a719736b162179e27015929b0f6d1ef,8TH STREET NW AND QUINCY STREET NW,8TH STREET NW,QUINCY STREET NW,123.01705809027418,4d8c302ff7f9c88d01aa82d324c9c39d,False
64409044972,2001 WISCONSIN AVENUE NW,WARD 2,minor,1,badfffc457ba5ced438dfa8d85cba015,WHITEHAVEN PARKWAY NW AND WISCONSIN AVENUE NW,WHITEHAVEN PARKWAY NW,WISCONSIN AVENUE NW,20.469184425778426,badfffc457ba5ced438dfa8d85cba015,True
64409044972,2001 WISCONSIN AVENUE NW,WARD 2,minor,2,efee5958d882fe75055aeb9f523a5ac3,WISCONSIN AVENUE NW AND WHITEHAVEN STREET NW,WISCONSIN AVENUE NW,WHITEHAVEN STREET NW,56.341178835663996,badfffc457ba5ced438dfa8d85cba015,False
64409044972,2001 WISCONSIN AVENUE NW,WARD 2,minor,3,6ba5a8b685e1f978da356efd68737078,WHITEHAVEN PARKWAY NW AND 35TH STREET NW,WHITEHAVEN PARKWAY NW,35TH STREET NW,87.08683098452047,badfffc457ba5ced438dfa8d85cba015,False
64409044972,2001 WISCONSIN AVENUE NW,WARD 2,minor,4,7777ca5c109f19f0fa206407796f4488,34TH STREET NW AND WISCONSIN AVENUE NW,34TH STREET NW,WISCONSIN AVENUE NW,101.1230809130833,badfffc457ba5ced438dfa8d85cba015,False
64409044972,2001 WISCONSIN AVENUE NW,WARD 2,minor,5,b3458ae569b407eb02de7ae9cffdd5b1,T STREET NW AND 35TH STREET NW,T STREET NW,35TH STREET NW,144.7125461332084,badfffc457ba5ced438dfa8d85cba015,False
55247559929,4730 SOUTHERN AVENUE SE,WARD 7,minor,1,b18df9020ba9218c2b17a0ea9b8d7990,SOUTHERN AVENUE SE AND EASY PLACE SE,SOUTHERN AVENUE SE,EASY PLACE SE,26.24012442990253,b18df9020ba9218c2b17a0ea9b8d7990,True
55247559929,4730 SOUTHERN AVENUE SE,WARD 7,minor,2,878ee355c5d44cb23fa9469f657aad60,SOUTHERN AVENUE SE AND BENNING ROAD SE,SOUTHERN AVENUE SE,BENNING ROAD SE,50.13170713540887,b18df9020ba9218c2b17a0ea9b8d7990,False
55247559929,4730 SOUTHERN AVENUE SE,WARD 7,minor,3,58c15b788d8ed57cf1552ab07d6eda2c,HILLSIDE ROAD SE AND BENNING ROAD SE,HILLSIDE ROAD SE,BENNING ROAD SE,73.30352249047797,b18df9020ba9218c2b17a0ea9b8d7990,False
55247559929,4730 SOUTHERN AVENUE SE,WARD 7,minor,4,4faf52633cad8a4bf905d87d2e02edc9,SOUTHERN AVENUE SE AND REED TERRACE SE,SOUTHERN AVENUE SE,REED TERRACE SE,139.99696039131013,b18df9020ba9218c2b17a0ea9b8d7990,False
55247559929,4730 SOUTHERN AVENUE SE,WARD 7,minor,5,672da70b4831714fba68c00a7569e1de,SOUTHERN AVENUE SE AND HEATH STREET SE,SOUTHERN AVENUE SE,HEATH STREET SE,177.10490939272978,b18df9020ba9218c2b17a0ea9b8d7990,False
58500788654,1126 UPSHUR STREET NE,WARD 5,minor,1,673d8a0927bca49dc99cd9f703195550,12TH STREET NE AND UPSHUR STREET NE,12TH STREET NE,UPSHUR STREET NE,18.787513205337532,673d8a0927bca49dc99cd9f703195550,True
58500788654,1126 UPSHUR STREET NE,WARD 5,minor,2,8fc498fd74bc0c2b0be6824d7a8bf1b5,12TH STREET NE AND URELL PLACE NE,12TH STREET NE,URELL PLACE NE,40.802245689186265,673d8a0927bca49dc99cd9f703195550,False
58500788654,1126 UPSHUR STREET NE,WARD 5,minor,3,ab74fbf7358ddf9cf03f026e041e13a2,12TH STREET NE AND TAUSSIG PLACE NE,12TH STREET NE,TAUSSIG PLACE NE,78.42731688759457,673d8a0927bca49dc99cd9f703195550,False
58500788654,1126 UPSHUR STREET NE,WARD 5,minor,4,cdf7ac71d7694aaee749f95a72218b71,12TH PLACE NE AND UPSHUR STREET NE,12TH PLACE NE,UPSHUR STREET NE,85.5951138950406,673d8a0927bca49dc99cd9f703195550,False
58500788654,1126 UPSHUR STREET NE,WARD 5,minor,5,66e398cc4b40cd851adea3366307a257,12TH STREET NE AND VARNUM STREET NE,12TH STREET NE,VARNUM STREET NE,99.97124110948137,673d8a0927bca49dc99cd9f703195550,False
57945545565,900 MASSACHUSETTS AVENUE NW,WARD 2,minor,1,1fc4389ed28138223d94016d83d3b8fb,K STREET NW AND 9TH STREET NW,K STREET NW,9TH STREET NW,75.90083042045346,4eacb8c761c857b6f0063f1e106b9d8c,False
57945545565,900 MASSACHUSETTS AVENUE NW,WARD 2,minor,2,4eacb8c761c857b6f0063f1e106b9d8c,MT VERNON PLACE NW AND 9TH STREET NW,MT VERNON PLACE NW,9TH STREET NW,86.32981611230177,4eacb8c761c857b6f0063f1e106b9d8c,True
57945545565,900 MASSACHUSETTS AVENUE NW,WARD 2,minor,3,a50908df57f90d69ded9626315c7e4dd,K STREET NW AND 9TH STREET NW,K STREET NW,9TH STREET NW,91.85909207213969,4eacb8c761c857b6f0063f1e106b9d8c,False
57945545565,900 MASSACHUSETTS AVENUE NW,WARD 2,minor,4,3689680d3d760817f19c3821b58d2185,K STREET NW AND 10TH STREET NW,K STREET NW,10TH STREET NW,94.66468316723308,4eacb8c761c857b6f0063f1e106b9d8c,False
57945545565,900 MASSACHUSETTS AVENUE NW,WARD 2,minor,5,0767042ced621609ea08449be35aeba7,MASSACHUSETTS AVENUE NW AND 10TH STREET NW,MASSACHUSETTS AVENUE NW,10TH STREET NW,150.69832596042053,4eacb8c761c857b6f0063f1e106b9d8c,False
60821560760,"INDEPENDENCE AVENUE SE & 19TH STREET SE
WASHINGTON,",WARD 6,minor,1,5936623320c6e4ed93bd9d023f2e1554,INDEPENDENCE AVENUE SE AND 19TH STREET SE,INDEPENDENCE AVENUE SE,19TH STREET SE,0.03523249789544333,5936623320c6e4ed93bd9d023f2e1554,True
60821560760,"INDEPENDENCE AVENUE SE & 19TH STREET SE
WASHINGTON,",WARD 6,minor,2,c3362522dd0f846554daea11cf401137,19TH STREET SE AND BAY STREET SE,19TH STREET SE,BAY STREET SE,82.10802615571993,5936623320c6e4ed93bd9d023f2e1554,False
60821560760,"INDEPENDENCE AVENUE SE & 19TH STREET SE
WASHINGTON,",WARD 6,minor,3,5f0cf1d0122eccb66d31726e1938109f,19TH STREET SE AND A STREET SE,19TH STREET SE,A STREET SE,120.27442584317339,5936623320c6e4ed93bd9d023f2e1554,False
60821560760,"INDEPENDENCE AVENUE SE & 19TH STREET SE
WASHINGTON,",WARD 6,minor,4,9bbdd26a59e4efb1a083d94d1f9f40d4,18TH STREET SE AND INDEPENDENCE AVENUE SE,18TH STREET SE,INDEPENDENCE AVENUE SE,150.58530327291194,5936623320c6e4ed93bd9d023f2e1554,False
60821560760,"INDEPENDENCE AVENUE SE & 19TH STREET SE
WASHINGTON,",WARD 6,minor,5,4a56bef1db6bb464d93fb1127c7e3d57,BURKE STREET SE AND 19TH STREET SE,BURKE STREET SE,19TH STREET SE,160.60198651571136,5936623320c6e4ed93bd9d023f2e1554,False
65108500403,10 49TH STREET SE,WARD 7,pdo,1,18ed738654aac2e46a140b124fdfe2b3,EAST CAPITOL STREET AND SYCAMORE ROAD NE,EAST CAPITOL STREET,SYCAMORE ROAD NE,33.672286810205115,18ed738654aac2e46a140b124fdfe2b3,True
65108500403,10 49TH STREET SE,WARD 7,pdo,2,98f30620738e0031916de8236f78aeae,49TH STREET SE AND AYERS PLACE SE,49TH STREET SE,AYERS PLACE SE,52.826229319061504,18ed738654aac2e46a140b124fdfe2b3,False
65108500403,10 49TH STREET SE,WARD 7,pdo,3,ee614ea41842f540fa9433a65ca3882c,49TH STREET NE AND EAST CAPITOL STREET,49TH STREET NE,EAST CAPITOL STREET,62.894303353297886,18ed738654aac2e46a140b124fdfe2b3,False
65108500403,10 49TH STREET SE,WARD 7,pdo,4,0b7303f3038e8f2de1a533d32524e363,EAST CAPITOL STREET AND 49TH PLACE NE,EAST CAPITOL STREET,49TH PLACE NE,89.08539093848921,18ed738654aac2e46a140b124fdfe2b3,False
65108500403,10 49TH STREET SE,WARD 7,pdo,5,9751d50d4c38c0e5fe274826116a09e6,CENTRAL AVENUE NE AND SYCAMORE ROAD NE,CENTRAL AVENUE NE,SYCAMORE ROAD NE,102.28501773302149,18ed738654aac2e46a140b124fdfe2b3,False
69226212112,16TH STREET NW & LAMONT STREET NW,WARD 1,pdo,1,e0195b330f310fcdff97754a90a4b4aa,LAMONT STREET NW AND 16TH STREET NW,LAMONT STREET NW,16TH STREET NW,0.04459951106480248,e0195b330f310fcdff97754a90a4b4aa,True
69226212112,16TH STREET NW & LAMONT STREET NW,WARD 1,pdo,2,102aa06942eef50891ca33242b720d95,PINE STREET NW AND 16TH STREET NW,PINE STREET NW,16TH STREET NW,15.761019215388643,e0195b330f310fcdff97754a90a4b4aa,False
69226212112,16TH STREET NW & LAMONT STREET NW,WARD 1,pdo,3,e28377e9193c94179580797e4be8d820,PARK ROAD NW AND PINE STREET NW,PARK ROAD NW,PINE STREET NW,120.49761813574838,e0195b330f310fcdff97754a90a4b4aa,False
69226212112,16TH STREET NW & LAMONT STREET NW,WARD 1,pdo,4,d1d8b88305d07e6ea3ce05ce37b44fc3,MOUNT PLEASANT STREET NW AND KENYON STREET NW,MOUNT PLEASANT STREET NW,KENYON STREET NW,131.9522337049742,e0195b330f310fcdff97754a90a4b4aa,False
69226212112,16TH STREET NW & LAMONT STREET NW,WARD 1,pdo,5,09a005c53c35f8985fa073f9e6927dd2,PARK ROAD NW AND 16TH STREET NW,PARK ROAD NW,16TH STREET NW,133.73795654877458,e0195b330f310fcdff97754a90a4b4aa,False
63920981206,900 FLORIDA AVENUE NW,WARD 1,pdo,1,8d51c21a8958f4e17ef9eba54e5686a6,V STREET NW AND 9TH STREET NW,V STREET NW,9TH STREET NW,41.077813457217,8d51c21a8958f4e17ef9eba54e5686a6,True
63920981206,900 FLORIDA AVENUE NW,WARD 1,pdo,2,57bb56427a25517276b95bb1d9f4206c,V STREET NW AND VERMONT AVENUE NW,V STREET NW,VERMONT AVENUE NW,49.05799604018036,8d51c21a8958f4e17ef9eba54e5686a6,False
63920981206,900 FLORIDA AVENUE NW,WARD 1,pdo,3,5c930306b9518150c67e00540289058e,FLORIDA AVENUE NW AND VERMONT AVENUE NW,FLORIDA AVENUE NW,VERMONT AVENUE NW,63.663604234726385,8d51c21a8958f4e17ef9eba54e5686a6,False
63920981206,900 FLORIDA AVENUE NW,WARD 1,pdo,4,57c51eacb0988ca5d917fbdf0cf2be54,V STREET NW AND UNION COURT NW,V STREET NW,UNION COURT NW,82.28332580059941,8d51c21a8958f4e17ef9eba54e5686a6,False
63920981206,900 FLORIDA AVENUE NW,WARD 1,pdo,5,6fe81b5d47e6e7c9cf92aa927c29d678,9 1/2 STREET NW AND U STREET NW,9 1/2 STREET NW,U STREET NW,82.70169524753832,8d51c21a8958f4e17ef9eba54e5686a6,False
53982231270,4632 14TH STREET NW,WARD 4,minor,1,2f54b61054f4592187e8be338c273183,CRITTENDEN STREET NW AND 14TH STREET NW,CRITTENDEN STREET NW,14TH STREET NW,24.28230412685048,2f54b61054f4592187e8be338c273183,True
53982231270,4632 14TH STREET NW,WARD 4,minor,2,8157b4d230cef825cf71d3a00a57d04c,14TH STREET NW AND DECATUR STREET NW,14TH STREET NW,DECATUR STREET NW,121.40430676875339,2f54b61054f4592187e8be338c273183,False
53982231270,4632 14TH STREET NW,WARD 4,minor,3,9aebb1f47099f148d26e833af738a5d1,BUCHANAN STREET NW AND 14TH STREET NW,BUCHANAN STREET NW,14TH STREET NW,121.51304870858999,2f54b61054f4592187e8be338c273183,False
53982231270,4632 14TH STREET NW,WARD 4,minor,4,c7227f901dfcc00ee253bb3b0baee50e,15TH STREET NW AND CRITTENDEN STREET NW,15TH STREET NW,CRITTENDEN STREET NW,130.5871190154275,2f54b61054f4592187e8be338c273183,False
53982231270,4632 14TH STREET NW,WARD 4,minor,5,f40eda3467504ec070b1b413944468da,IOWA AVENUE NW AND DECATUR STREET NW,IOWA AVENUE NW,DECATUR STREET NW,162.0456530740653,2f54b61054f4592187e8be338c273183,False
67166102610,633 HOWARD ROAD SE,WARD 8,minor,1,af8a2da49a45083943a1f91908e73a53,SUITLAND PARKWAY SE SOUTHBOUND AND RAMP FROM INTERSTATE 295 SOUTHBOUND,SUITLAND PARKWAY SE,INTERSTATE 295,51.55988576764056,c3609ddd6f00829823c257836b39eecf,False
67166102610,633 HOWARD ROAD SE,WARD 8,minor,2,c3609ddd6f00829823c257836b39eecf,SOUTH CAPITOL STREET AND HOWARD ROAD SE,SOUTH CAPITOL STREET,HOWARD ROAD SE,74.57193574076979,c3609ddd6f00829823c257836b39eecf,True
67166102610,633 HOWARD ROAD SE,WARD 8,minor,3,30c42884acfe1183be08659c15267558,SOUTH CAPITOL STREET AND SUITLAND PARKWAY,SOUTH CAPITOL STREET,SUITLAND PARKWAY SE,166.98621513069625,c3609ddd6f00829823c257836b39eecf,False
67166102610,633 HOWARD ROAD SE,WARD 8,minor,4,a6dbbf934942354f64d4403d229b007d,SOUTH CAPITOL STREET AND SUITLAND PARKWAY,SOUTH CAPITOL STREET,SUITLAND PARKWAY SE,243.15989475774765,c3609ddd6f00829823c257836b39eecf,False
67166102610,633 HOWARD ROAD SE,WARD 8,minor,5,7960175e1d88670859a76c9d74673c5d,BARRY ROAD SE AND SUMNER ROAD SE,BARRY ROAD SE,SUMNER ROAD SE,259.3907219294329,c3609ddd6f00829823c257836b39eecf,False
62461503046,2020 9TH STREET NW,WARD 1,minor,1,8d51c21a8958f4e17ef9eba54e5686a6,V STREET NW AND 9TH STREET NW,V STREET NW,9TH STREET NW,44.35802710120558,8d51c21a8958f4e17ef9eba54e5686a6,True
62461503046,2020 9TH STREET NW,WARD 1,minor,2,57bb56427a25517276b95bb1d9f4206c,V STREET NW AND VERMONT AVENUE NW,V STREET NW,VERMONT AVENUE NW,57.694747357778695,8d51c21a8958f4e17ef9eba54e5686a6,False
62461503046,2020 9TH STREET NW,WARD 1,minor,3,5c930306b9518150c67e00540289058e,FLORIDA AVENUE NW AND VERMONT AVENUE NW,FLORIDA AVENUE NW,VERMONT AVENUE NW,73.25625537747975,8d51c21a8958f4e17ef9eba54e5686a6,False
62461503046,2020 9TH STREET NW,WARD 1,minor,4,6fe81b5d47e6e7c9cf92aa927c29d678,9 1/2 STREET NW AND U STREET NW,9 1/2 STREET NW,U STREET NW,73.38698499587927,8d51c21a8958f4e17ef9eba54e5686a6,False
62461503046,2020 9TH STREET NW,WARD 1,minor,5,b907ceccaec5936b06ae7c3f52123bfd,U STREET NW AND 9TH STREET NW,U STREET NW,9TH STREET NW,80.70195992393732,8d51c21a8958f4e17ef9eba54e5686a6,False
55480198338,7451/2 7TH STREET SE,WARD 6,minor,1,ca3b91c0a5b87b654f0779ff3a5e188e,VIRGINIA AVENUE SE AND 7TH STREET SE,VIRGINIA AVENUE SE,7TH STREET SE,35.46125200656835,ca3b91c0a5b87b654f0779ff3a5e188e,True
55480198338,7451/2 7TH STREET SE,WARD 6,minor,2,7d6adae9602764c1e96b0a4a9adc3ea4,7TH STREET SE AND I STREET SE,7TH STREET SE,I STREET SE,40.51198721657616,ca3b91c0a5b87b654f0779ff3a5e188e,False
55480198338,7451/2 7TH STREET SE,WARD 6,minor,3,ee07bca5b194e6d1efddd3bbb126f3d3,7TH STREET SE AND VIRGINIA AVENUE SE,7TH STREET SE,VIRGINIA AVENUE SE,104.99968216679079,ca3b91c0a5b87b654f0779ff3a5e188e,False
55480198338,7451/2 7TH STREET SE,WARD 6,minor,4,ea1e8dcc61a9aa0edfb363bdd1daa0a8,NAVY PLACE SE AND 7TH STREET SE,NAVY PLACE SE,7TH STREET SE,129.76211385811146,ca3b91c0a5b87b654f0779ff3a5e188e,False
55480198338,7451/2 7TH STREET SE,WARD 6,minor,5,ea1e8dcc61a9aa0edfb363bdd1daa0a8,ELLEN WILSON PLACE SE AND 7TH STREET SE,ELLEN WILSON PLACE SE,7TH STREET SE,130.35111385670058,ca3b91c0a5b87b654f0779ff3a5e188e,False
59984319835,1301 NEW JERSEY AVENUE NW,WARD 5,pdo,1,75add1e4c1f1821cd29b13947da3921d,O STREET NW AND 3RD STREET NW,O STREET NW,3RD STREET NW,41.769489349852876,436410688919eb7323af627523d191c4,False
59984319835,1301 NEW JERSEY AVENUE NW,WARD 5,pdo,2,7caea9f4bbf4fe260c383ae6069d5f36,NEW JERSEY AVENUE NW AND O STREET NW,NEW JERSEY AVENUE NW,O STREET NW,105.04776376045818,436410688919eb7323af627523d191c4,False
59984319835,1301 NEW JERSEY AVENUE NW,WARD 5,pdo,3,6d0da1c05859350481d5b1ca56ceefc8,3RD STREET NW AND P STREET NW,3RD STREET NW,P STREET NW,126.4459049091409,436410688919eb7323af627523d191c4,False
59984319835,1301 NEW JERSEY AVENUE NW,WARD 5,pdo,4,eeffd093138aec568caa713f0e7c6be7,4TH STREET NW AND O STREET NW,4TH STREET NW,O STREET NW,128.01227029455507,436410688919eb7323af627523d191c4,False
59984319835,1301 NEW JERSEY AVENUE NW,WARD 5,pdo,5,ee10756755482b2058d37f0b76be244f,NEW JERSEY AVENUE NW AND 4TH STREET NW,NEW JERSEY AVENUE NW,4TH STREET NW,146.99896302457535,436410688919eb7323af627523d191c4,False
65724140857,122 KENILWORTH AVENUE NE,WARD 7,minor,1,ce441b9a9ed556c899dbbde5938e1df9,KENILWORTH AVENUE NE AND ALDEN PLACE NE,KENILWORTH AVENUE NE,ALDEN PLACE NE,28.030043384910016,ce441b9a9ed556c899dbbde5938e1df9,True
65724140857,122 KENILWORTH AVENUE NE,WARD 7,minor,2,ae5f33c6d669362c90dabb68fa6347f6,AMES STREET NE AND KENILWORTH AVENUE NE,AMES STREET NE,KENILWORTH AVENUE NE,68.00537117216705,ce441b9a9ed556c899dbbde5938e1df9,False
65724140857,122 KENILWORTH AVENUE NE,WARD 7,minor,3,31828e9fb642d2a6d09d0a8a133a590e,KENILWORTH AVENUE NE NORTHBOUND AND RAMP FROM EAST CAPITOL STREET EASTBOUND,KENILWORTH AVENUE NE,EAST CAPITOL STREET,93.48088881458882,ce441b9a9ed556c899dbbde5938e1df9,False
65724140857,122 KENILWORTH AVENUE NE,WARD 7,minor,4,03aaf2f11aa5288158fad9bc2844a0c9,KENILWORTH AVENUE NE SOUTHBOUND AND RAMP TO EAST CAPITOL STREET WESTBOUND,KENILWORTH AVENUE NE,EAST CAPITOL STREET,104.93375659669928,ce441b9a9ed556c899dbbde5938e1df9,False
65724140857,122 KENILWORTH AVENUE NE,WARD 7,minor,5,541e6c8a69bbb8917c4de3556b57c68d,BLAINE STREET NE AND KENILWORTH AVENUE NE,BLAINE STREET NE,KENILWORTH AVENUE NE,109.56031892087984,ce441b9a9ed556c899dbbde5938e1df9,False
61372129958,1611 FAIRLAWN AVENUE SE,WARD 8,minor,1,9af96ef756d1e40f0b82a1cde7a01256,16TH STREET SE AND FAIRLAWN AVENUE SE,16TH STREET SE,FAIRLAWN AVENUE SE,33.705282141889654,9af96ef756d1e40f0b82a1cde7a01256,True
61372129958,1611 FAIRLAWN AVENUE SE,WARD 8,minor,2,55f310a089592857209e0cfa632457e9,Q STREET SE AND 16TH STREET SE,Q STREET SE,16TH STREET SE,87.4465855363044,9af96ef756d1e40f0b82a1cde7a01256,False
61372129958,1611 FAIRLAWN AVENUE SE,WARD 8,minor,3,ecafbbf6da76881f8274d5db3ffb0ef5,17TH STREET SE AND FAIRLAWN AVENUE SE,17TH STREET SE,FAIRLAWN AVENUE SE,113.92143803701646,9af96ef756d1e40f0b82a1cde7a01256,False
61372129958,1611 FAIRLAWN AVENUE SE,WARD 8,minor,4,9a948eefd30910fcbaffeb0ee1361cb7,17TH STREET SE AND Q STREET SE,17TH STREET SE,Q STREET SE,127.08115320507265,9af96ef756d1e40f0b82a1cde7a01256,False
61372129958,1611 FAIRLAWN AVENUE SE,WARD 8,minor,5,8a226857bddc8d8dbcf0e45142d7e85c,Q STREET SE AND 17TH PLACE SE,Q STREET SE,17TH PLACE SE,190.6897101434132,9af96ef756d1e40f0b82a1cde7a01256,False
68164404556,1500 NORTH CAPITOL STREET NW,WARD 5,pdo,1,5e611998d1935f1ba9666c6ae6b52ee9,NORTH CAPITOL STREET AND P STREET NE,NORTH CAPITOL STREET,P STREET NE,22.31793539193614,5e611998d1935f1ba9666c6ae6b52ee9,True
68164404556,1500 NORTH CAPITOL STREET NW,WARD 5,pdo,2,9e8c925f188583a86d9097dd5747b2a3,BATES STREET NW AND NORTH CAPITOL STREET,BATES STREET NW,NORTH CAPITOL STREET,84.85841799067263,5e611998d1935f1ba9666c6ae6b52ee9,False
68164404556,1500 NORTH CAPITOL STREET NW,WARD 5,pdo,3,05374fafa4592c28727e685829b02db9,O STREET NW AND NORTH CAPITOL STREET NW,O STREET NW,NORTH CAPITOL STREET NW,120.03741154048906,5e611998d1935f1ba9666c6ae6b52ee9,False
68164404556,1500 NORTH CAPITOL STREET NW,WARD 5,pdo,4,879314a7991a6047f34407e379ba1e9e,NORTH CAPITOL STREET AND FLORIDA AVENUE NW,NORTH CAPITOL STREET,FLORIDA AVENUE NW,130.33168662459403,5e611998d1935f1ba9666c6ae6b52ee9,False
68164404556,1500 NORTH CAPITOL STREET NW,WARD 5,pdo,5,08ae214244b6bbd0e348e6ed039ceafa,FLORIDA AVENUE NE AND PORTER STREET NE,FLORIDA AVENUE NE,PORTER STREET NE,148.18411021910003,5e611998d1935f1ba9666c6ae6b52ee9,False
68361232838,2200 FAIRLAWN AVENUE SE,WARD 8,minor,1,9197e8478be2ce8d7fc8844f756e138a,PENNSYLVANIA AVENUE SE EASTBOUND AND RAMP FROM ANACOSTIA FREEWAY NORTHBOUND,PENNSYLVANIA AVENUE SE,ANACOSTIA FREEWAY SE,38.5424449050012,bab0627e3974628730209d498841088e,False
68361232838,2200 FAIRLAWN AVENUE SE,WARD 8,minor,2,0657f76f91f4f85746fcb19d58847654,PENNSYLVANIA AVENUE SE EASTBOUND AND RAMP FROM ANACOSTIA FREEWAY SE NORTHBOUND,PENNSYLVANIA AVENUE SE,ANACOSTIA FREEWAY SE,65.62695516114123,bab0627e3974628730209d498841088e,False
68361232838,2200 FAIRLAWN AVENUE SE,WARD 8,minor,3,bab0627e3974628730209d498841088e,FAIRLAWN AVENUE SE AND PENNSYLVANIA AVENUE SE,FAIRLAWN AVENUE SE,PENNSYLVANIA AVENUE SE,65.8198034780487,bab0627e3974628730209d498841088e,True
68361232838,2200 FAIRLAWN AVENUE SE,WARD 8,minor,4,bab0627e3974628730209d498841088e,FAIRLAWN AVENUE SE AND RAMP TO ANACOSTIA FREEWAY SE NORTHBOUND,FAIRLAWN AVENUE SE,ANACOSTIA FREEWAY SE,65.81982557910635,bab0627e3974628730209d498841088e,True
68361232838,2200 FAIRLAWN AVENUE SE,WARD 8,minor,5,b4169b8ccedffefa3b35db7776baa336,PROUT STREET SE AND PENNSYLVANIA AVENUE SE,PROUT STREET SE,PENNSYLVANIA AVENUE SE,85.99063086604708,bab0627e3974628730209d498841088e,False
57511587961,2300 NEW YORK AVENUE NE,WARD 5,pdo,1,06e2fc6c9cfe39f40ef42c606ea170df,BLADENSBURG ROAD NE AND NEW YORK AVENUE NE,BLADENSBURG ROAD NE,NEW YORK AVENUE NE,59.58164685293378,06e2fc6c9cfe39f40ef42c606ea170df,True
57511587961,2300 NEW YORK AVENUE NE,WARD 5,pdo,2,fd775a2b311d65edac1f05a4c0f481ad,QUEENS CHAPEL ROAD NE AND BLADENSBURG ROAD NE,QUEENS CHAPEL ROAD NE,BLADENSBURG ROAD NE,98.18374502493519,06e2fc6c9cfe39f40ef42c606ea170df,False
57511587961,2300 NEW YORK AVENUE NE,WARD 5,pdo,3,85748d2970c50ef7319db14f93a1d9dd,BLADENSBURG ROAD NE AND 24TH PLACE NE,BLADENSBURG ROAD NE,24TH PLACE NE,207.56262661831116,06e2fc6c9cfe39f40ef42c606ea170df,False
57511587961,2300 NEW YORK AVENUE NE,WARD 5,pdo,4,012cf6b92b6c5702814e3f4c17ef68df,24TH STREET NE AND T STREET NE,24TH STREET NE,T STREET NE,247.79176246593596,06e2fc6c9cfe39f40ef42c606ea170df,False
57511587961,2300 NEW YORK AVENUE NE,WARD 5,pdo,5,2198ced7833c3445a3fbaa626e853454,ADAMS PLACE NE AND QUEENS CHAPEL ROAD NE,ADAMS PLACE NE,QUEENS CHAPEL ROAD NE,253.46626504744614,06e2fc6c9cfe39f40ef42c606ea170df,False
69665607769,127 E STREET NW,WARD 6,pdo,1,7e21c19450b2740775928c8f4fdacfb0,E STREET NW AND 2ND STREET NW,E STREET NW,2ND STREET NW,34.00672248446998,8989597d9fee918ee360fa9ca7456714,False
69665607769,127 E STREET NW,WARD 6,pdo,2,8989597d9fee918ee360fa9ca7456714,E STREET NW AND 1ST STREET NW,E STREET NW,1ST STREET NW,95.33822109543023,8989597d9fee918ee360fa9ca7456714,True
69665607769,127 E STREET NW,WARD 6,pdo,3,86c13e1aeb79d6cb287329c3f3b995ed,INTERSTATE 395 NORTHBOUND AND RAMP TO 2ND STREET NW NORTHBOUND,INTERSTATE 395,2ND STREET NW,104.31004033763995,8989597d9fee918ee360fa9ca7456714,False
69665607769,127 E STREET NW,WARD 6,pdo,4,53e99de389f09aa1ca0b9bd52baca14b,2ND STREET NW AND F STREET NW,2ND STREET NW,F STREET NW,139.13633031955226,8989597d9fee918ee360fa9ca7456714,False
69665607769,127 E STREET NW,WARD 6,pdo,5,dc111eed249698877c2d88f078ac4a46,MITCH SNYDER PLACE NW AND D STREET NW,MITCH SNYDER PLACE NW,D STREET NW,153.91464560783592,8989597d9fee918ee360fa9ca7456714,False
56874838107,201 M STREET NE,WARD 6,minor,1,934f18353cdd428b4093a3cdae5f33cb,DELAWARE AVENUE NE AND M STREET NE,DELAWARE AVENUE NE,M STREET NE,23.284643722720862,934f18353cdd428b4093a3cdae5f33cb,True
56874838107,201 M STREET NE,WARD 6,minor,2,2adfc8f7f16953514269ef845be2922d,M STREET NE AND 3RD STREET NE,M STREET NE,3RD STREET NE,97.17126887995288,934f18353cdd428b4093a3cdae5f33cb,False
56874838107,201 M STREET NE,WARD 6,minor,3,836a173f3381e927e59b0df721a0edcb,DELAWARE AVENUE NE AND 2ND STREET NE,DELAWARE AVENUE NE,2ND STREET NE,150.05053875097474,934f18353cdd428b4093a3cdae5f33cb,False
56874838107,201 M STREET NE,WARD 6,minor,4,e50c400890d1aa439f341791437ea8c4,M STREET NE AND ABBEY PLACE NE,M STREET NE,ABBEY PLACE NE,160.3058330177288,934f18353cdd428b4093a3cdae5f33cb,False
56874838107,201 M STREET NE,WARD 6,minor,5,394b7983945129dba0cbc935c2963ead,L STREET NE AND CONGRESS STREET NE,L STREET NE,CONGRESS STREET NE,192.59173751856284,934f18353cdd428b4093a3cdae5f33cb,False
61185814818,8024 16TH STREET NW,WARD 4,pdo,1,2638a12ac20e0076bfbb84ca28faade8,16TH STREET NW AND ROXANNA ROAD NW,16TH STREET NW,ROXANNA ROAD NW,24.459991341867088,301d957ac49a9fa059c4425e75443ba1,False
61185814818,8024 16TH STREET NW,WARD 4,pdo,2,301d957ac49a9fa059c4425e75443ba1,16TH STREET NW AND ROXANNA ROAD NW,16TH STREET NW,ROXANNA ROAD NW,40.46773085101983,301d957ac49a9fa059c4425e75443ba1,True
61185814818,8024 16TH STREET NW,WARD 4,pdo,3,8ce873ef48a789622255bd701896d4e6,PRIMROSE ROAD NW AND 16TH STREET NW,PRIMROSE ROAD NW,16TH STREET NW,90.06841630175585,301d957ac49a9fa059c4425e75443ba1,False
61185814818,8024 16TH STREET NW,WARD 4,pdo,4,21bc3058362702389664561fe061849a,PRIMROSE ROAD NW AND ORCHID STREET NW,PRIMROSE ROAD NW,ORCHID STREET NW,93.17423723101982,301d957ac49a9fa059c4425e75443ba1,False
61185814818,8024 16TH STREET NW,WARD 4,pdo,5,e7ac8209c2ddb9fa73c4697431ed2c6d,16TH STREET NW AND PORTAL DRIVE NW,16TH STREET NW,PORTAL DRIVE NW,116.79094333938758,301d957ac49a9fa059c4425e75443ba1,False
58472924277,2600 30TH STREET NE,WARD 5,minor,1,8cc6abe3243f6b0534d3f980c66cade4,30TH STREET NE AND BLADENSBURG ROAD NE,30TH STREET NE,BLADENSBURG ROAD NE,10.02899494272255,8cc6abe3243f6b0534d3f980c66cade4,True
58472924277,2600 30TH STREET NE,WARD 5,minor,2,666a7cdb864830ba6db4b76729f8a8d0,EVARTS STREET NE AND 30TH STREET NE,EVARTS STREET NE,30TH STREET NE,41.538963517382186,8cc6abe3243f6b0534d3f980c66cade4,False
58472924277,2600 30TH STREET NE,WARD 5,minor,3,a92ff9a37037b46e755c53d4138c0968,BLADENSBURG ROAD NE AND EVARTS STREET NE,BLADENSBURG ROAD NE,EVARTS STREET NE,52.05093970002636,8cc6abe3243f6b0534d3f980c66cade4,False
58472924277,2600 30TH STREET NE,WARD 5,minor,4,df6e9ac8f40f0b17ef11a11a3f5caedc,DOUGLAS STREET NE AND 30TH STREET NE,DOUGLAS STREET NE,30TH STREET NE,77.70122698965538,8cc6abe3243f6b0534d3f980c66cade4,False
58472924277,2600 30TH STREET NE,WARD 5,minor,5,a199821cbc8ab55017305aed73731767,DOUGLAS STREET NE AND BLADENSBURG ROAD NE,DOUGLAS STREET NE,BLADENSBURG ROAD NE,99.47884512379794,8cc6abe3243f6b0534d3f980c66cade4,False
66140941128,100 NEW YORK AVENUE NE,WARD 5,pdo,1,fb2ba4911387fac685c89c4a14de8836,ECKINGTON PLACE NE AND FLORIDA AVENUE NE,ECKINGTON PLACE NE,FLORIDA AVENUE NE,29.40671864253722,f58d995ee2327b19c0ff94910468b1cd,False
66140941128,100 NEW YORK AVENUE NE,WARD 5,pdo,2,fb2ba4911387fac685c89c4a14de8836,1ST STREET NE AND FLORIDA AVENUE NE,1ST STREET NE,FLORIDA AVENUE NE,29.40671868034611,f58d995ee2327b19c0ff94910468b1cd,False
66140941128,100 NEW YORK AVENUE NE,WARD 5,pdo,3,5550184a53d9dd124c0f9b81fea894c1,1ST STREET NE AND NEW YORK AVENUE NE,1ST STREET NE,NEW YORK AVENUE NE,69.42809814787587,f58d995ee2327b19c0ff94910468b1cd,False
66140941128,100 NEW YORK AVENUE NE,WARD 5,pdo,4,f58d995ee2327b19c0ff94910468b1cd,NEW YORK AVENUE NE AND FLORIDA AVENUE NE,NEW YORK AVENUE NE,FLORIDA AVENUE NE,85.89378331526395,f58d995ee2327b19c0ff94910468b1cd,True
66140941128,100 NEW YORK AVENUE NE,WARD 5,pdo,5,0866c1c163ecdc48b21b91acb0272212,FLORIDA AVENUE NE AND P STREET NE,FLORIDA AVENUE NE,P STREET NE,119.22030747335758,f58d995ee2327b19c0ff94910468b1cd,False
53750555091,2620 CONNECTICUT AVENUE NW,WARD 3,pdo,1,88a3a9205e2a6f5c8b7352162a277711,24TH STREET NW AND CONNECTICUT AVENUE NW,24TH STREET NW,CONNECTICUT AVENUE NW,66.46250160405019,88a3a9205e2a6f5c8b7352162a277711,True
53750555091,2620 CONNECTICUT AVENUE NW,WARD 3,pdo,2,3308e43d2a9c1e3891ae123819240fdc,SHOREHAM DRIVE NW AND 24TH STREET NW,SHOREHAM DRIVE NW,24TH STREET NW,94.2548889982609,88a3a9205e2a6f5c8b7352162a277711,False
53750555091,2620 CONNECTICUT AVENUE NW,WARD 3,pdo,3,b3108bec25eddeb24db84dd2dc5f6864,CONNECTICUT AVENUE NW AND CALVERT STREET NW,CONNECTICUT AVENUE NW,CALVERT STREET NW,128.37682834077643,88a3a9205e2a6f5c8b7352162a277711,False
53750555091,2620 CONNECTICUT AVENUE NW,WARD 3,pdo,4,7bfceb319abde7214284d221d03d2d24,WOODLEY ROAD NW AND CONNECTICUT AVENUE NW,WOODLEY ROAD NW,CONNECTICUT AVENUE NW,135.38597206557628,88a3a9205e2a6f5c8b7352162a277711,False
53750555091,2620 CONNECTICUT AVENUE NW,WARD 3,pdo,5,6cdb11e1da9d5b3726820fc269c23c04,WOODLEY PLACE NW AND WOODLEY ROAD NW,WOODLEY PLACE NW,WOODLEY ROAD NW,158.13546291982394,88a3a9205e2a6f5c8b7352162a277711,False
57064695749,3314 R STREET NW,WARD 2,minor,1,b88f59ad07d8c9020af857bbb276e0b9,R STREET NW AND 34TH STREET NW,R STREET NW,34TH STREET NW,36.20789202068633,b88f59ad07d8c9020af857bbb276e0b9,True
57064695749,3314 R STREET NW,WARD 2,minor,2,1d27f9301fc4152ba90a14bfd4b11dfd,WISCONSIN AVENUE NW AND R STREET NW,WISCONSIN AVENUE NW,R STREET NW,70.25358867862799,b88f59ad07d8c9020af857bbb276e0b9,False
57064695749,3314 R STREET NW,WARD 2,minor,3,0b56ed21fdb94cea77bf609468b67886,WISCONSIN AVENUE NW AND S STREET NW,WISCONSIN AVENUE NW,S STREET NW,113.49225106968234,b88f59ad07d8c9020af857bbb276e0b9,False
57064695749,3314 R STREET NW,WARD 2,minor,4,335898f783a2bd143ab2348821631fc2,RESERVOIR ROAD NW AND 34TH STREET NW,RESERVOIR ROAD NW,34TH STREET NW,116.20488086865417,b88f59ad07d8c9020af857bbb276e0b9,False
57064695749,3314 R STREET NW,WARD 2,minor,5,b84950d9c393ea569a3d801017de8a5f,WISCONSIN AVENUE NW AND RESERVOIR ROAD NW,WISCONSIN AVENUE NW,RESERVOIR ROAD NW,154.1944076307654,b88f59ad07d8c9020af857bbb276e0b9,False
68430435661,2500 SOUTH DAKOTA AVENUE NE,WARD 5,minor,1,e69a631977b6678db6c68a801756e255,31ST STREET NE AND SOUTH DAKOTA AVENUE NE,31ST STREET NE,SOUTH DAKOTA AVENUE NE,38.08380142959959,e69a631977b6678db6c68a801756e255,True
68430435661,2500 SOUTH DAKOTA AVENUE NE,WARD 5,minor,2,ee247df5981e35543a1bdfe037ab356d,31ST STREET NE AND DOUGLAS STREET NE,31ST STREET NE,DOUGLAS STREET NE,57.306740135273046,e69a631977b6678db6c68a801756e255,False
68430435661,2500 SOUTH DAKOTA AVENUE NE,WARD 5,minor,3,f3126e8854e9ed738b1465f3c3968dbf,31ST PLACE NE AND DOUGLAS STREET NE,31ST PLACE NE,DOUGLAS STREET NE,111.6265309358197,e69a631977b6678db6c68a801756e255,False
68430435661,2500 SOUTH DAKOTA AVENUE NE,WARD 5,minor,4,0aa1bbfbdeefea269adb70e65e6ac686,31ST PLACE NE AND SOUTH DAKOTA AVENUE NE,31ST PLACE NE,SOUTH DAKOTA AVENUE NE,120.53133758230652,e69a631977b6678db6c68a801756e255,False
68430435661,2500 SOUTH DAKOTA AVENUE NE,WARD 5,minor,5,7456ed79e15a9930401498cf07a2e6b2,31ST STREET NE AND CHANNING STREET NE,31ST STREET NE,CHANNING STREET NE,172.85806956099756,e69a631977b6678db6c68a801756e255,False
60138726223,403 37TH PLACE SE,WARD 7,minor,1,8fcaaa816af7cb166c2b01adc9bd9396,D STREET SE AND 37TH PLACE SE,D STREET SE,37TH PLACE SE,1.0039696341223727,8fcaaa816af7cb166c2b01adc9bd9396,True
60138726223,403 37TH PLACE SE,WARD 7,minor,2,d78bfc992483cb219391c7049d0015f3,ELY PLACE SE AND 37TH STREET SE,ELY PLACE SE,37TH STREET SE,141.4171621311286,8fcaaa816af7cb166c2b01adc9bd9396,False
60138726223,403 37TH PLACE SE,WARD 7,minor,3,d7a153d17374dc56e2433fd43f0ab0a1,ELY PLACE SE AND 37TH PLACE SE,ELY PLACE SE,37TH PLACE SE,201.35490143975946,8fcaaa816af7cb166c2b01adc9bd9396,False
60138726223,403 37TH PLACE SE,WARD 7,minor,4,4aae500be802731978809c51d472d890,RIDGE ROAD SE AND C STREET SE,RIDGE ROAD SE,C STREET SE,231.85275888509648,8fcaaa816af7cb166c2b01adc9bd9396,False
60138726223,403 37TH PLACE SE,WARD 7,minor,5,c7f006935356cd2462ca0dc0de4b3676,RIDGE ROAD SE AND D STREET SE,RIDGE ROAD SE,D STREET SE,235.45905448965578,8fcaaa816af7cb166c2b01adc9bd9396,False
60862944011,2908 LANGSTON PLACE SE,WARD 8,pdo,1,84451dc869cc864a84d0ef10e5bd0d7d,RAYNOLDS PLACE SE AND LANGSTON PLACE SE,RAYNOLDS PLACE SE,LANGSTON PLACE SE,62.80148590461934,84451dc869cc864a84d0ef10e5bd0d7d,True
60862944011,2908 LANGSTON PLACE SE,WARD 8,pdo,2,902746e298892938ac281ba04126352c,HARTFORD STREET SE AND 23RD STREET SE,HARTFORD STREET SE,23RD STREET SE,78.89100880406491,84451dc869cc864a84d0ef10e5bd0d7d,False
60862944011,2908 LANGSTON PLACE SE,WARD 8,pdo,3,c3c93db8dfbe223cc89c6a0196dfef71,HARTFORD STREET SE AND 23RD PLACE SE,HARTFORD STREET SE,23RD PLACE SE,81.63470063068314,84451dc869cc864a84d0ef10e5bd0d7d,False
60862944011,2908 LANGSTON PLACE SE,WARD 8,pdo,4,06ccb72ccace17999fe0625833a970c4,LANGSTON PLACE SE AND 22ND STREET SE,LANGSTON PLACE SE,22ND STREET SE,114.30650635024912,84451dc869cc864a84d0ef10e5bd0d7d,False
60862944011,2908 LANGSTON PLACE SE,WARD 8,pdo,5,90bff8b1aac233ec49733b8512040807,24TH PLACE SE AND HARTFORD STREET SE,24TH PLACE SE,HARTFORD STREET SE,192.32956128284687,84451dc869cc864a84d0ef10e5bd0d7d,False
54709692478,35001/2 CONNECTICUT AVENUE NW,WARD 3,pdo,1,0e64a9d7c7ad1d320baea8e37bf2743b,ORDWAY STREET NW AND CONNECTICUT AVENUE NW,ORDWAY STREET NW,CONNECTICUT AVENUE NW,32.71701334361203,0e64a9d7c7ad1d320baea8e37bf2743b,True
54709692478,35001/2 CONNECTICUT AVENUE NW,WARD 3,pdo,2,9e1e3075894a99bbd7a5375a85d4f02d,29TH STREET NW AND ORDWAY STREET NW,29TH STREET NW,ORDWAY STREET NW,105.62422482329683,0e64a9d7c7ad1d320baea8e37bf2743b,False
54709692478,35001/2 CONNECTICUT AVENUE NW,WARD 3,pdo,3,a09b54513196b69d4500fcf0f10c2e64,PORTER STREET NW AND QUEBEC STREET NW,PORTER STREET NW,QUEBEC STREET NW,107.4541289642116,0e64a9d7c7ad1d320baea8e37bf2743b,False
54709692478,35001/2 CONNECTICUT AVENUE NW,WARD 3,pdo,4,e27f638339d196ded9138304032f9d07,PORTER STREET NW AND CONNECTICUT AVENUE NW,PORTER STREET NW,CONNECTICUT AVENUE NW,120.89806925441675,0e64a9d7c7ad1d320baea8e37bf2743b,False
54709692478,35001/2 CONNECTICUT AVENUE NW,WARD 3,pdo,5,c6c2e10d7351084b4b92c3d09e05bb96,ORDWAY STREET NW AND 30TH STREET NW,ORDWAY STREET NW,30TH STREET NW,208.71545627924814,0e64a9d7c7ad1d320baea8e37bf2743b,False
62026297969,1201 CONSTITUTION AVENUE NW,WARD 2,pdo,1,4b58ae9d44efe03f6b40265071ad9ae5,CONSTITUTION AVENUE NW AND 12TH STREET NW,CONSTITUTION AVENUE NW,12TH STREET NW,60.46011395107706,4b58ae9d44efe03f6b40265071ad9ae5,True
62026297969,1201 CONSTITUTION AVENUE NW,WARD 2,pdo,2,41bbd560fa50221da174fad32c27aecd,CONSTITUTION AVENUE NW AND MADISON DRIVE NW,CONSTITUTION AVENUE NW,MADISON DRIVE NW,111.623798257875,4b58ae9d44efe03f6b40265071ad9ae5,False
62026297969,1201 CONSTITUTION AVENUE NW,WARD 2,pdo,3,3df6c286c6b4277c9559e74f4fd94426,12TH STREET NW AND MADISON DRIVE NW,12TH STREET NW,MADISON DRIVE NW,189.15969834087937,4b58ae9d44efe03f6b40265071ad9ae5,False
62026297969,1201 CONSTITUTION AVENUE NW,WARD 2,pdo,4,da68b0c8d9cb8da7ce6845e45bb4f338,MADISON DRIVE NW EASTBOUND AND RAMP TO CONSTITUTION AVENUE NW EASTBOUND,MADISON DRIVE NW,CONSTITUTION AVENUE NW,197.16236878909174,4b58ae9d44efe03f6b40265071ad9ae5,False
62026297969,1201 CONSTITUTION AVENUE NW,WARD 2,pdo,5,ee5736a76b66cf08097014ab5c45fd51,10TH STREET NW AND CONSTITUTION AVENUE NW,10TH STREET NW,CONSTITUTION AVENUE NW,246.27288700842013,4b58ae9d44efe03f6b40265071ad9ae5,False
61969181565,7 M STREET NE,WARD 6,pdo,1,6f5ac909a4c8b911763abd5b6fc01e42,NORTH CAPITOL STREET AND M STREET NW,NORTH CAPITOL STREET,M STREET NW,40.05715350446435,6f5ac909a4c8b911763abd5b6fc01e42,True
61969181565,7 M STREET NE,WARD 6,pdo,2,c8766e0d8deca92d6c36937535d8a686,NORTH CAPITOL STREET AND PIERCE STREET NE,NORTH CAPITOL STREET,PIERCE STREET NE,114.31594146007612,6f5ac909a4c8b911763abd5b6fc01e42,False
61969181565,7 M STREET NE,WARD 6,pdo,3,5f7513a9740485d26d770028cef660b8,1ST PLACE NW AND M STREET NW,1ST PLACE NW,M STREET NW,144.33729720489612,6f5ac909a4c8b911763abd5b6fc01e42,False
61969181565,7 M STREET NE,WARD 6,pdo,4,44335852044edc631b80c1288870e7e8,1ST PLACE NW AND BANNER LANE NW,1ST PLACE NW,BANNER LANE NW,179.93229644317276,6f5ac909a4c8b911763abd5b6fc01e42,False
61969181565,7 M STREET NE,WARD 6,pdo,5,f9eca17ec338a84f6568e74fd00432a5,NORTH CAPITOL STREET NE AND N STREET NE,NORTH CAPITOL STREET NE,N STREET NE,182.35056778925863,6f5ac909a4c8b911763abd5b6fc01e42,False
60042054252,2900 M PLACE SE,WARD 7,minor,1,b1988545bc43202111e4eacf14fa7029,M PLACE SE AND FAIRLAWN AVENUE SE,M PLACE SE,FAIRLAWN AVENUE SE,21.41790830059201,b1988545bc43202111e4eacf14fa7029,True
60042054252,2900 M PLACE SE,WARD 7,minor,2,8931db0207eec65c6245879a31376072,K STREET SE AND FAIRLAWN AVENUE SE,K STREET SE,FAIRLAWN AVENUE SE,64.6314128916386,b1988545bc43202111e4eacf14fa7029,False
60042054252,2900 M PLACE SE,WARD 7,minor,3,b91f1202c0326491a7188dcba5a5986c,FAIRLAWN AVENUE SE AND M STREET SE,FAIRLAWN AVENUE SE,M STREET SE,110.92598908558541,b1988545bc43202111e4eacf14fa7029,False
60042054252,2900 M PLACE SE,WARD 7,minor,4,1f0b8086e5863c21c59732fd4875d4cf,30TH STREET SE AND K STREET SE,30TH STREET SE,K STREET SE,129.47227497405348,b1988545bc43202111e4eacf14fa7029,False
60042054252,2900 M PLACE SE,WARD 7,minor,5,4e44a1b4b97b2f8f54c1d747a1acedce,30TH STREET SE AND M PLACE SE,30TH STREET SE,M PLACE SE,140.8184674957682,b1988545bc43202111e4eacf14fa7029,False
61868512003,1284 MARYLAND AVENUE SW,WARD 2,pdo,1,dc000609d6553045ab862cff0da315bd,MAINE AVENUE SW NORTHBOUND AND RAMP TO D STREET SW,MAINE AVENUE SW,D STREET SW,30.219154821785608,6b27bd3835ee0a999a10816ab5b72797,False
61868512003,1284 MARYLAND AVENUE SW,WARD 2,pdo,2,07445c74798d20b79d03728ba5257cea,MAINE AVENUE SW NORTHBOUND AND RAMP FROM INTERSTATE 395 SOUTHBOUND,MAINE AVENUE SW,INTERSTATE 395,85.89423018059391,6b27bd3835ee0a999a10816ab5b72797,False
61868512003,1284 MARYLAND AVENUE SW,WARD 2,pdo,3,36ae2dacc48d3a9eb1bafd526f227f05,INTERSTATE 395 SOUTHBOUND AND RAMP FROM 9TH STREET SW SOUTHBOUND,INTERSTATE 395,9TH STREET SW,130.46185139353102,6b27bd3835ee0a999a10816ab5b72797,False
61868512003,1284 MARYLAND AVENUE SW,WARD 2,pdo,4,d754c1cd436633ba382c29b5783530a3,MAINE AVENUE SW SOUTHBOUND AND RAMP TO INTERSTATE 395 NORTHBOUND,MAINE AVENUE SW,INTERSTATE 395,132.42749942965673,6b27bd3835ee0a999a10816ab5b72797,False
61868512003,1284 MARYLAND AVENUE SW,WARD 2,pdo,5,6b27bd3835ee0a999a10816ab5b72797,MAINE AVENUE SW AND 12TH STREET SW,MAINE AVENUE SW,12TH STREET SW,144.90054902087613,6b27bd3835ee0a999a10816ab5b72797,True
61257296487,304 EASTERN AVENUE NE,WARD 7,minor,1,33df66a802baf590a8efa81a92b4fd69,EASTERN AVENUE NE AND SOUTHERN AVENUE NE,EASTERN AVENUE NE,SOUTHERN AVENUE NE,16.46181587745529,33df66a802baf590a8efa81a92b4fd69,True
61257296487,304 EASTERN AVENUE NE,WARD 7,minor,2,338d7a7e505913c741e1c2e5ac0e8869,63RD STREET NE AND CLAY STREET NE,63RD STREET NE,CLAY STREET NE,116.99714214887058,33df66a802baf590a8efa81a92b4fd69,False
61257296487,304 EASTERN AVENUE NE,WARD 7,minor,3,bfe19b2ffd847468951666f4f3e80347,BANKS PLACE NE AND MARYLAND PARK DRIVE NE,BANKS PLACE NE,MARYLAND PARK DRIVE NE,146.74687423494277,33df66a802baf590a8efa81a92b4fd69,False
61257296487,304 EASTERN AVENUE NE,WARD 7,minor,4,892dfb446812cb8628414c89def156dd,63RD STREET NE AND EASTERN AVENUE NE,63RD STREET NE,EASTERN AVENUE NE,155.37164629661694,33df66a802baf590a8efa81a92b4fd69,False
61257296487,304 EASTERN AVENUE NE,WARD 7,minor,5,3bbdc02b6b2615aa135187c853f1f54d,63RD STREET NE AND BANKS PLACE NE,63RD STREET NE,BANKS PLACE NE,163.87271147812928,33df66a802baf590a8efa81a92b4fd69,False
66912231359,2001 P STREET NW,WARD 2,minor,1,16786621d17f8fcb1a867009f34c9913,P STREET NW AND 20TH STREET NW,P STREET NW,20TH STREET NW,18.536667420740198,16786621d17f8fcb1a867009f34c9913,True
66912231359,2001 P STREET NW,WARD 2,minor,2,6ac39ce3e80a72bbde17a5e3f484d872,HOPKINS STREET NW AND P STREET NW,HOPKINS STREET NW,P STREET NW,56.81454614071769,16786621d17f8fcb1a867009f34c9913,False
66912231359,2001 P STREET NW,WARD 2,minor,3,d35a2b60a10720fc10f48e0534881ff8,MASSACHUSETTS AVENUE NW AND 20TH STREET NW,MASSACHUSETTS AVENUE NW,20TH STREET NW,58.46355076288341,16786621d17f8fcb1a867009f34c9913,False
66912231359,2001 P STREET NW,WARD 2,minor,4,f5e570df5244611506fb6920d668a300,HOPKINS STREET NW AND HOPKINS ALLEY NW,HOPKINS STREET NW,HOPKINS ALLEY NW,71.24378034357667,16786621d17f8fcb1a867009f34c9913,False
66912231359,2001 P STREET NW,WARD 2,minor,5,245294b117039f7203164fdfaa66b5a5,P STREET NW AND DUPONT CIRCLE NW,P STREET NW,DUPONT CIRCLE NW,74.87049991062786,16786621d17f8fcb1a867009f34c9913,False
54110268584,4936 MINNESOTA AVENUE NE,WARD 7,minor,1,33643ce618314df828e7e0462f48b031,MINNESOTA AVENUE NE AND EASTERN AVENUE NE,MINNESOTA AVENUE NE,EASTERN AVENUE NE,20.388148441404425,33643ce618314df828e7e0462f48b031,True
54110268584,4936 MINNESOTA AVENUE NE,WARD 7,minor,2,c75e6f937e24cc68cc7754226850c88e,MINNESOTA AVENUE NE AND MINNESOTA AVENUE NE,MINNESOTA AVENUE NE,MINNESOTA AVENUE NE,118.5580526294425,33643ce618314df828e7e0462f48b031,False
54110268584,4936 MINNESOTA AVENUE NE,WARD 7,minor,3,6f6eb2887e0083cb75c280128e7cb8f3,ANTELOPE LANE NE AND EASTERN AVENUE NE,ANTELOPE LANE NE,EASTERN AVENUE NE,120.00075334146375,33643ce618314df828e7e0462f48b031,False
54110268584,4936 MINNESOTA AVENUE NE,WARD 7,minor,4,5fefedf08b8d60add4c33661cfc6ebf0,QUARLES STREET NE AND 49TH STREET NE,QUARLES STREET NE,49TH STREET NE,162.76100264871647,33643ce618314df828e7e0462f48b031,False
54110268584,4936 MINNESOTA AVENUE NE,WARD 7,minor,5,83290e5ea547b9a69d81bc531ee80037,OLIVE STREET NE AND 47TH AVENUE NE,OLIVE STREET NE,47TH AVENUE NE,166.37057678944126,33643ce618314df828e7e0462f48b031,False
57164112683,2740 34TH STREET NW,WARD 3,minor,1,913a25bc732f86c6686478e8f9de4aed,FULTON STREET NW AND 34TH STREET NW,FULTON STREET NW,34TH STREET NW,23.803855691104634,913a25bc732f86c6686478e8f9de4aed,True
57164112683,2740 34TH STREET NW,WARD 3,minor,2,9d95119c456d36e536213e110becbb51,FULTON STREET NW AND 34TH PLACE NW,FULTON STREET NW,34TH PLACE NW,100.53571466080439,913a25bc732f86c6686478e8f9de4aed,False
57164112683,2740 34TH STREET NW,WARD 3,minor,3,6635c842a11b42906c217c7da475646c,GARFIELD STREET NW AND 34TH STREET NW,GARFIELD STREET NW,34TH STREET NW,173.45451255020015,913a25bc732f86c6686478e8f9de4aed,False
57164112683,2740 34TH STREET NW,WARD 3,minor,4,35e28779f6fc3e63e31193902d268129,MASSACHUSETTS AVENUE NW AND 34TH STREET NW,MASSACHUSETTS AVENUE NW,34TH STREET NW,182.8668152009983,913a25bc732f86c6686478e8f9de4aed,False
57164112683,2740 34TH STREET NW,WARD 3,minor,5,35e28779f6fc3e63e31193902d268129,MASSACHUSETTS AVENUE NW AND GOLDSBOROUGH AVENUE NW,MASSACHUSETTS AVENUE NW,GOLDSBOROUGH AVENUE NW,183.34148976821567,913a25bc732f86c6686478e8f9de4aed,False
63711845155,300 MASSACHUSETTS AVENUE NE,WARD 6,minor,1,d6524ae675980c1f3f7c1bbdc9845f5a,MASSACHUSETTS AVENUE NE AND 3RD STREET NE,MASSACHUSETTS AVENUE NE,3RD STREET NE,59.767829955141124,d6524ae675980c1f3f7c1bbdc9845f5a,True
63711845155,300 MASSACHUSETTS AVENUE NE,WARD 6,minor,2,dd42c1ce07c0467b858a263670de7df4,3RD STREET NE AND D STREET NE,3RD STREET NE,D STREET NE,62.355255478099046,d6524ae675980c1f3f7c1bbdc9845f5a,False
63711845155,300 MASSACHUSETTS AVENUE NE,WARD 6,minor,3,7b1cabb52c09dc1f8576198f89d23201,D STREET NE AND 4TH STREET NE,D STREET NE,4TH STREET NE,68.72633233656988,d6524ae675980c1f3f7c1bbdc9845f5a,False
63711845155,300 MASSACHUSETTS AVENUE NE,WARD 6,minor,4,53ece8abe22e86b345452f254a69836e,WALTER ALLEY NE AND 3RD STREET NE,WALTER ALLEY NE,3RD STREET NE,82.12143215926642,d6524ae675980c1f3f7c1bbdc9845f5a,False
63711845155,300 MASSACHUSETTS AVENUE NE,WARD 6,minor,5,a283daa1696439089e946a81d0a284bf,4TH STREET NE AND MASSACHUSETTS AVENUE NE,4TH STREET NE,MASSACHUSETTS AVENUE NE,91.10132932109497,d6524ae675980c1f3f7c1bbdc9845f5a,False
56166103834,3935 GEORGIA AVENUE NW,WARD 4,minor,1,efd685362331e5babe54256f3e8597a4,SHEPHERD STREET NW AND GEORGIA AVENUE NW,SHEPHERD STREET NW,GEORGIA AVENUE NW,22.559324095550217,efd685362331e5babe54256f3e8597a4,True
56166103834,3935 GEORGIA AVENUE NW,WARD 4,minor,2,feac1217b06fa51dc7c8fa838512fd2c,GEORGIA AVENUE NW AND RANDOLPH STREET NW,GEORGIA AVENUE NW,RANDOLPH STREET NW,118.18553537559816,efd685362331e5babe54256f3e8597a4,False
56166103834,3935 GEORGIA AVENUE NW,WARD 4,minor,3,d02ae90d46f9d299bb8a63690216471b,9TH STREET NW AND TAYLOR STREET NW,9TH STREET NW,TAYLOR STREET NW,121.27156788291923,efd685362331e5babe54256f3e8597a4,False
56166103834,3935 GEORGIA AVENUE NW,WARD 4,minor,4,06bd07d18d128b1aabf97a3ca509ff67,8TH STREET NW AND SHEPHERD STREET NW,8TH STREET NW,SHEPHERD STREET NW,125.78606391900138,efd685362331e5babe54256f3e8597a4,False
56166103834,3935 GEORGIA AVENUE NW,WARD 4,minor,5,4def1f561e6ddea2f2f1db86a414cae4,TAYLOR STREET NW AND GEORGIA AVENUE NW,TAYLOR STREET NW,GEORGIA AVENUE NW,127.13400598920207,efd685362331e5babe54256f3e8597a4,False
63882237850,2500 SOUTH DAKOTA AVENUE NE,WARD 5,minor,1,e69a631977b6678db6c68a801756e255,31ST STREET NE AND SOUTH DAKOTA AVENUE NE,31ST STREET NE,SOUTH DAKOTA AVENUE NE,38.08380142959959,e69a631977b6678db6c68a801756e255,True
63882237850,2500 SOUTH DAKOTA AVENUE NE,WARD 5,minor,2,ee247df5981e35543a1bdfe037ab356d,31ST STREET NE AND DOUGLAS STREET NE,31ST STREET NE,DOUGLAS STREET NE,57.306740135273046,e69a631977b6678db6c68a801756e255,False
63882237850,2500 SOUTH DAKOTA AVENUE NE,WARD 5,minor,3,f3126e8854e9ed738b1465f3c3968dbf,31ST PLACE NE AND DOUGLAS STREET NE,31ST PLACE NE,DOUGLAS STREET NE,111.6265309358197,e69a631977b6678db6c68a801756e255,False
63882237850,2500 SOUTH DAKOTA AVENUE NE,WARD 5,minor,4,0aa1bbfbdeefea269adb70e65e6ac686,31ST PLACE NE AND SOUTH DAKOTA AVENUE NE,31ST PLACE NE,SOUTH DAKOTA AVENUE NE,120.53133758230652,e69a631977b6678db6c68a801756e255,False
63882237850,2500 SOUTH DAKOTA AVENUE NE,WARD 5,minor,5,7456ed79e15a9930401498cf07a2e6b2,31ST STREET NE AND CHANNING STREET NE,31ST STREET NE,CHANNING STREET NE,172.85806956099756,e69a631977b6678db6c68a801756e255,False
66849658406,4115 LEE STREET NE,WARD 7,pdo,1,d8d7c21f917a4d4cf79898fad65cb1e4,LEE STREET NE AND LEE STREET NE,LEE STREET NE,LEE STREET NE,60.65132711210837,d8d7c21f917a4d4cf79898fad65cb1e4,True
66849658406,4115 LEE STREET NE,WARD 7,pdo,2,88bd763ab403c0dda4e026da7869b985,LEE STREET NE AND NANNIE HELEN BURROUGHS AVENUE NE,LEE STREET NE,NANNIE HELEN BURROUGHS AVENUE NE,87.4339575622791,d8d7c21f917a4d4cf79898fad65cb1e4,False
66849658406,4115 LEE STREET NE,WARD 7,pdo,3,a87bd057bb084474bdb655acd819d125,LEE STREET NE AND 42ND STREET NE,LEE STREET NE,42ND STREET NE,88.74169295982351,d8d7c21f917a4d4cf79898fad65cb1e4,False
66849658406,4115 LEE STREET NE,WARD 7,pdo,4,dbb502567640eca18684e2f96bcd2be1,42ND STREET NE AND KENILWORTH AVENUE NE,42ND STREET NE,KENILWORTH AVENUE NE,101.25003785009831,d8d7c21f917a4d4cf79898fad65cb1e4,False
66849658406,4115 LEE STREET NE,WARD 7,pdo,5,73e78134291226e7b3cb1041ec0eb98c,KENILWORTH AVENUE NE AND NANNIE HELEN BURROUGHS AVENUE NE,KENILWORTH AVENUE NE,NANNIE HELEN BURROUGHS AVENUE NE,104.91140065598489,d8d7c21f917a4d4cf79898fad65cb1e4,False
58000454492,1220 MISSOURI AVENUE NW,WARD 4,minor,1,cf69bd6ae7e4b9a7cb35eb7cb8347383,MISSOURI AVENUE NW AND 13TH STREET NW,MISSOURI AVENUE NW,13TH STREET NW,67.60292026726414,9b29671978b7b92274c28ae97bd71b93,False
58000454492,1220 MISSOURI AVENUE NW,WARD 4,minor,2,9b29671978b7b92274c28ae97bd71b93,MISSOURI AVENUE NW AND COLORADO AVENUE NW,MISSOURI AVENUE NW,COLORADO AVENUE NW,70.31675574395626,9b29671978b7b92274c28ae97bd71b93,True
58000454492,1220 MISSOURI AVENUE NW,WARD 4,minor,3,e7de09c6e0714aec5dd3c53fbb9691df,ROCK CREEK FORD ROAD NW AND PINEY BRANCH ROAD NW,ROCK CREEK FORD ROAD NW,PINEY BRANCH ROAD NW,92.60953832253384,9b29671978b7b92274c28ae97bd71b93,False
58000454492,1220 MISSOURI AVENUE NW,WARD 4,minor,4,b870d7e1aa7f605fa22be0bac4ce957f,COLORADO AVENUE NW AND NICHOLSON STREET NW,COLORADO AVENUE NW,NICHOLSON STREET NW,98.8542403003641,9b29671978b7b92274c28ae97bd71b93,False
58000454492,1220 MISSOURI AVENUE NW,WARD 4,minor,5,2f7b1060157bcd9b4342b112fcc17af5,GEORGIA AVENUE NW AND MISSOURI AVENUE NW,GEORGIA AVENUE NW,MISSOURI AVENUE NW,103.0883565613187,9b29671978b7b92274c28ae97bd71b93,False
66267854046,2617 BOWEN ROAD SE,WARD 8,pdo,1,24144ad01acdebdd8f5d9f1c9467ee23,BOWEN ROAD SE AND HOWARD ROAD SE,BOWEN ROAD SE,HOWARD ROAD SE,74.74160422049451,79efbd508143e5dc06edaf5b26ebdcad,False
66267854046,2617 BOWEN ROAD SE,WARD 8,pdo,2,79efbd508143e5dc06edaf5b26ebdcad,STANTON ROAD SE AND DOUGLASS ROAD SE,STANTON ROAD SE,DOUGLASS ROAD SE,101.25751156084037,79efbd508143e5dc06edaf5b26ebdcad,True
66267854046,2617 BOWEN ROAD SE,WARD 8,pdo,3,ac0e3f84e56b85b494529bb79e429cdb,HOWARD ROAD SE AND HIGH STREET SE,HOWARD ROAD SE,HIGH STREET SE,150.69810650953428,79efbd508143e5dc06edaf5b26ebdcad,False
66267854046,2617 BOWEN ROAD SE,WARD 8,pdo,4,a0ee7513a6a73d18f48dbd2f92a0165b,TALBERT TERRACE SE AND HOWARD ROAD SE,TALBERT TERRACE SE,HOWARD ROAD SE,152.4840244029628,79efbd508143e5dc06edaf5b26ebdcad,False
66267854046,2617 BOWEN ROAD SE,WARD 8,pdo,5,432c5b8912ced7b3100dec13ac45e0ca,SAYLES PLACE SE AND BOWEN ROAD SE,SAYLES PLACE SE,BOWEN ROAD SE,163.88389531659908,79efbd508143e5dc06edaf5b26ebdcad,False
56800347700,7601 GEORGIA AVENUE NW,WARD 4,pdo,1,e186a9d6163e388b01ec6a02cdd4e770,GEORGIA AVENUE NW AND HEMLOCK STREET NW,GEORGIA AVENUE NW,HEMLOCK STREET NW,28.455234758018584,e186a9d6163e388b01ec6a02cdd4e770,True
56800347700,7601 GEORGIA AVENUE NW,WARD 4,pdo,2,3bd5b21e76a7ac34dc6f54a42816a0ef,GEORGIA AVENUE NW AND SHEPHERD ROAD NW,GEORGIA AVENUE NW,SHEPHERD ROAD NW,39.00489680072943,e186a9d6163e388b01ec6a02cdd4e770,False
56800347700,7601 GEORGIA AVENUE NW,WARD 4,pdo,3,f489473d33e0fb01e049ec4704e9a4a2,9TH STREET NW AND HEMLOCK STREET NW,9TH STREET NW,HEMLOCK STREET NW,101.33045477842398,e186a9d6163e388b01ec6a02cdd4e770,False
56800347700,7601 GEORGIA AVENUE NW,WARD 4,pdo,4,2b5237ecf78783b60cca354166c30958,GEORGIA AVENUE NW AND JUNIPER STREET NW,GEORGIA AVENUE NW,JUNIPER STREET NW,114.15678446178558,e186a9d6163e388b01ec6a02cdd4e770,False
56800347700,7601 GEORGIA AVENUE NW,WARD 4,pdo,5,6879a10cf453795647344cec02567f13,SHEPHERD ROAD NW AND 12TH STREET NW,SHEPHERD ROAD NW,12TH STREET NW,118.88885097125711,e186a9d6163e388b01ec6a02cdd4e770,False
63888512309,4025 KANSAS AVENUE NW,WARD 4,minor,1,75d919b4d521939c57bee1865194edbf,KANSAS AVENUE NW AND TAYLOR STREET NW,KANSAS AVENUE NW,TAYLOR STREET NW,46.888038561609825,75d919b4d521939c57bee1865194edbf,True
63888512309,4025 KANSAS AVENUE NW,WARD 4,minor,2,4def1f561e6ddea2f2f1db86a414cae4,TAYLOR STREET NW AND GEORGIA AVENUE NW,TAYLOR STREET NW,GEORGIA AVENUE NW,94.01674130595926,75d919b4d521939c57bee1865194edbf,False
63888512309,4025 KANSAS AVENUE NW,WARD 4,minor,3,d02ae90d46f9d299bb8a63690216471b,9TH STREET NW AND TAYLOR STREET NW,9TH STREET NW,TAYLOR STREET NW,114.67675461440778,75d919b4d521939c57bee1865194edbf,False
63888512309,4025 KANSAS AVENUE NW,WARD 4,minor,4,01589bf7b9ec32e10899037b7dc1eda9,KANSAS AVENUE NW AND SHEPHERD STREET NW,KANSAS AVENUE NW,SHEPHERD STREET NW,140.49877639171748,75d919b4d521939c57bee1865194edbf,False
63888512309,4025 KANSAS AVENUE NW,WARD 4,minor,5,efd685362331e5babe54256f3e8597a4,SHEPHERD STREET NW AND GEORGIA AVENUE NW,SHEPHERD STREET NW,GEORGIA AVENUE NW,145.8787731252391,75d919b4d521939c57bee1865194edbf,False
64326283801,3871 ALABAMA AVENUE SE,WARD 7,minor,1,c8fae0e33e2e1c2ac8a7b2ca445be363,R STREET SE AND FORT DAVIS STREET SE,R STREET SE,FORT DAVIS STREET SE,38.772047968309316,c8fae0e33e2e1c2ac8a7b2ca445be363,True
64326283801,3871 ALABAMA AVENUE SE,WARD 7,minor,2,224c453642f934f84092621834d3d8e4,ALABAMA AVENUE SE AND R STREET SE,ALABAMA AVENUE SE,R STREET SE,66.77125571853307,c8fae0e33e2e1c2ac8a7b2ca445be363,False
64326283801,3871 ALABAMA AVENUE SE,WARD 7,minor,3,2085dd5b169a1817214e9ac5bc308ef0,S STREET SE AND FORT DAVIS STREET SE,S STREET SE,FORT DAVIS STREET SE,86.4231674491897,c8fae0e33e2e1c2ac8a7b2ca445be363,False
64326283801,3871 ALABAMA AVENUE SE,WARD 7,minor,4,3922b882e322e5a2063f53bab3606049,R STREET SE AND FORT DAVIS PLACE SE,R STREET SE,FORT DAVIS PLACE SE,126.1831614819846,c8fae0e33e2e1c2ac8a7b2ca445be363,False
64326283801,3871 ALABAMA AVENUE SE,WARD 7,minor,5,90d79f9d70ab86dce1793d24a441dd1b,PENNSYLVANIA AVENUE SE AND FORT DAVIS STREET SE,PENNSYLVANIA AVENUE SE,FORT DAVIS STREET SE,183.36189964841992,c8fae0e33e2e1c2ac8a7b2ca445be363,False
61089573507,2490 ALABAMA AVENUE SE,WARD 8,pdo,1,5dd519efd1d99e0cdbf44f2be849d099,GAINESVILLE STREET SE AND ALABAMA AVENUE SE,GAINESVILLE STREET SE,ALABAMA AVENUE SE,14.53226913633851,5dd519efd1d99e0cdbf44f2be849d099,True
61089573507,2490 ALABAMA AVENUE SE,WARD 8,pdo,2,58ff21b4943656c5ae4ff6daeb579b48,AINGER PLACE SE AND ALABAMA AVENUE SE,AINGER PLACE SE,ALABAMA AVENUE SE,63.597414182056674,5dd519efd1d99e0cdbf44f2be849d099,False
61089573507,2490 ALABAMA AVENUE SE,WARD 8,pdo,3,78ed70828ccb0582592e26e5f31a27fd,28TH STREET SE AND GAINESVILLE STREET SE,28TH STREET SE,GAINESVILLE STREET SE,73.92928246920854,5dd519efd1d99e0cdbf44f2be849d099,False
61089573507,2490 ALABAMA AVENUE SE,WARD 8,pdo,4,4533c1146910974edc70d33bf8dfae05,HARTFORD STREET SE AND ALABAMA AVENUE SE,HARTFORD STREET SE,ALABAMA AVENUE SE,89.1412494855283,5dd519efd1d99e0cdbf44f2be849d099,False
61089573507,2490 ALABAMA AVENUE SE,WARD 8,pdo,5,90bff8b1aac233ec49733b8512040807,24TH PLACE SE AND HARTFORD STREET SE,24TH PLACE SE,HARTFORD STREET SE,168.942187524015,5dd519efd1d99e0cdbf44f2be849d099,False
60083146998,2531 SAVANNAH STREET SE,WARD 8,major,1,f99c53fc125a0d56c05c0737fe2da792,SUITLAND PARKWAY SE SOUTHBOUND AND RAMP FROM ALABAMA AVENUE SE,SUITLAND PARKWAY SE,ALABAMA AVENUE SE,170.48771454654363,9ce2931656d57122548c7f07e398c6b1,False
60083146998,2531 SAVANNAH STREET SE,WARD 8,major,2,9ce2931656d57122548c7f07e398c6b1,SAVANNAH STREET SE AND 25TH STREET SE,SAVANNAH STREET SE,25TH STREET SE,176.23988457282172,9ce2931656d57122548c7f07e398c6b1,True
60083146998,2531 SAVANNAH STREET SE,WARD 8,major,3,893be67f9b41c35563dda146160c7e9d,SHIPLEY TERRACE SE AND 28TH STREET SE,SHIPLEY TERRACE SE,28TH STREET SE,195.57046102896854,9ce2931656d57122548c7f07e398c6b1,False
60083146998,2531 SAVANNAH STREET SE,WARD 8,major,4,d25809c4d2a118fa5f6b6895aeb3c62a,SAVANNAH STREET SE AND 24TH STREET SE,SAVANNAH STREET SE,24TH STREET SE,248.58393315482968,9ce2931656d57122548c7f07e398c6b1,False
60083146998,2531 SAVANNAH STREET SE,WARD 8,major,5,d2a08854ae9cf9310441244a987a65be,SHIPLEY TERRACE SE AND BUENA VISTA TERRACE SE,SHIPLEY TERRACE SE,BUENA VISTA TERRACE SE,255.49565322246437,9ce2931656d57122548c7f07e398c6b1,False
63283420721,1154 15TH STREET NW,WARD 2,pdo,1,2969bbc06408ccc52bb761a59ad8b078,M STREET NW AND 15TH STREET NW,M STREET NW,15TH STREET NW,52.37431032270079,2969bbc06408ccc52bb761a59ad8b078,True
63283420721,1154 15TH STREET NW,WARD 2,pdo,2,d82a34f30acf61590376a249f8d30a8b,15TH STREET NW AND MASSACHUSETTS AVENUE NW,15TH STREET NW,MASSACHUSETTS AVENUE NW,151.3095337690253,2969bbc06408ccc52bb761a59ad8b078,False
63283420721,1154 15TH STREET NW,WARD 2,pdo,3,e21b530252631ffd92978189b09486c3,M STREET NW AND 16TH STREET NW,M STREET NW,16TH STREET NW,158.45424949125206,2969bbc06408ccc52bb761a59ad8b078,False
63283420721,1154 15TH STREET NW,WARD 2,pdo,4,5898e67980b5fa26ec9056758ec73cfd,L STREET NW AND 15TH STREET NW,L STREET NW,15TH STREET NW,164.77399415851065,2969bbc06408ccc52bb761a59ad8b078,False
63283420721,1154 15TH STREET NW,WARD 2,pdo,5,33d1e014ad998e22bd40b2070afc61b7,HIGHLAND TERRACE NW AND 15TH STREET NW,HIGHLAND TERRACE NW,15TH STREET NW,166.69247940574638,2969bbc06408ccc52bb761a59ad8b078,False
62971430656,12 55TH STREET NE,WARD 7,pdo,1,cc9ca114508415f88c2882632e1650f6,AMES STREET NE AND 55TH STREET NE,AMES STREET NE,55TH STREET NE,54.6267114731538,cc9ca114508415f88c2882632e1650f6,True
62971430656,12 55TH STREET NE,WARD 7,pdo,2,e6ccdb4a1d685fa88d91b5e773e2e8b3,EAST CAPITOL STREET AND 55TH STREET SE,EAST CAPITOL STREET,55TH STREET SE,66.26708404376896,cc9ca114508415f88c2882632e1650f6,False
62971430656,12 55TH STREET NE,WARD 7,pdo,3,a5b4dbfa6054d0753aaa81561c6b3a62,EAST CAPITOL STREET AND 54TH STREET SE,EAST CAPITOL STREET,54TH STREET SE,91.82428351065322,cc9ca114508415f88c2882632e1650f6,False
62971430656,12 55TH STREET NE,WARD 7,pdo,4,32588bc500cc0552c30e05f1d0c3c023,55TH STREET NE AND BLAINE STREET NE,55TH STREET NE,BLAINE STREET NE,119.13120939361396,cc9ca114508415f88c2882632e1650f6,False
62971430656,12 55TH STREET NE,WARD 7,pdo,5,9cdf7a29a938b61d042039c8fdbf5e68,54TH STREET NE AND BLAINE STREET NE,54TH STREET NE,BLAINE STREET NE,148.61955873852338,cc9ca114508415f88c2882632e1650f6,False
64194664932,17281/2 18TH STREET NW,WARD 2,minor,1,e8c98846ca18ee82a9f4cef9d91337e5,RIGGS PLACE NW AND 18TH STREET NW,RIGGS PLACE NW,18TH STREET NW,15.428310555299245,e8c98846ca18ee82a9f4cef9d91337e5,True
64194664932,17281/2 18TH STREET NW,WARD 2,minor,2,79ed7de5c875e31efbeb65f14948d70e,18TH STREET NW AND S STREET NW,18TH STREET NW,S STREET NW,82.26606910599078,e8c98846ca18ee82a9f4cef9d91337e5,False
64194664932,17281/2 18TH STREET NW,WARD 2,minor,3,f996011c35e992b48092af4b18ff8ce5,R STREET NW AND 18TH STREET NW,R STREET NW,18TH STREET NW,85.51592104313363,e8c98846ca18ee82a9f4cef9d91337e5,False
64194664932,17281/2 18TH STREET NW,WARD 2,minor,4,d7127e09f96bffe0b37acfd63921ebd8,NEW HAMPSHIRE AVENUE NW AND R STREET NW,NEW HAMPSHIRE AVENUE NW,R STREET NW,132.339256884448,e8c98846ca18ee82a9f4cef9d91337e5,False
64194664932,17281/2 18TH STREET NW,WARD 2,minor,5,1d871b87d87fc116adac9e459eb4cd60,19TH STREET NW AND RIGGS PLACE NW,19TH STREET NW,RIGGS PLACE NW,137.61223938800612,e8c98846ca18ee82a9f4cef9d91337e5,False
65230329243,6402 GEORGIA AVENUE NW,WARD 4,pdo,1,07497bb7298b21eddb9d8717649d2e8f,GEORGIA AVENUE NW AND PINEY BRANCH ROAD NW,GEORGIA AVENUE NW,PINEY BRANCH ROAD NW,15.495765687773122,07497bb7298b21eddb9d8717649d2e8f,True
65230329243,6402 GEORGIA AVENUE NW,WARD 4,pdo,2,1784b46084741c48f9a269ca0d9a3940,TUCKERMAN STREET NW AND GEORGIA AVENUE NW,TUCKERMAN STREET NW,GEORGIA AVENUE NW,43.02042275924991,07497bb7298b21eddb9d8717649d2e8f,False
65230329243,6402 GEORGIA AVENUE NW,WARD 4,pdo,3,39f5ed4358e87d783218c3e80268cba6,PINEY BRANCH ROAD NW AND TUCKERMAN STREET NW,PINEY BRANCH ROAD NW,TUCKERMAN STREET NW,48.393072588727065,07497bb7298b21eddb9d8717649d2e8f,False
65230329243,6402 GEORGIA AVENUE NW,WARD 4,pdo,4,40244e204b950d539e9882e1d8f63a0b,GEORGIA AVENUE NW AND UNDERWOOD STREET NW,GEORGIA AVENUE NW,UNDERWOOD STREET NW,106.53994025754753,07497bb7298b21eddb9d8717649d2e8f,False
65230329243,6402 GEORGIA AVENUE NW,WARD 4,pdo,5,55677e1074f4f0a36e944f536f799e27,9TH STREET NW AND TEWKESBURY PLACE NW,9TH STREET NW,TEWKESBURY PLACE NW,132.5106210532285,07497bb7298b21eddb9d8717649d2e8f,False
62289654216,1415 14TH STREET NW,WARD 2,major,1,5885a67de51314e974320adaaf162f44,P STREET NW AND 14TH STREET NW,P STREET NW,14TH STREET NW,21.44390010916012,5885a67de51314e974320adaaf162f44,True
62289654216,1415 14TH STREET NW,WARD 2,major,2,25ee176a931f1dd8a9d813cf72e567ee,KINGMAN PLACE NW AND P STREET NW,KINGMAN PLACE NW,P STREET NW,69.43940678329115,5885a67de51314e974320adaaf162f44,False
62289654216,1415 14TH STREET NW,WARD 2,major,3,8f3aef98baa4eb5e3b5f48941a69b41e,CHURCH STREET NW AND 14TH STREET NW,CHURCH STREET NW,14TH STREET NW,85.1774186765076,5885a67de51314e974320adaaf162f44,False
62289654216,1415 14TH STREET NW,WARD 2,major,4,da71c49f15e7dee01794bd68040916e4,14TH STREET NW AND RHODE ISLAND AVENUE NW,14TH STREET NW,RHODE ISLAND AVENUE NW,92.3432952030829,5885a67de51314e974320adaaf162f44,False
62289654216,1415 14TH STREET NW,WARD 2,major,5,6e4c25a8ff98837519dd9bc0d51f5a7c,LOGAN CIRCLE NW AND P STREET NW,LOGAN CIRCLE NW,P STREET NW,119.44946930720647,5885a67de51314e974320adaaf162f44,False
61939503922,333 BRYANT STREET NE,WARD 5,pdo,1,a10f34380cab408984ec7993678aafb9,BRYANT STREET NE AND 4TH STREET NE,BRYANT STREET NE,4TH STREET NE,19.204857180300877,a10f34380cab408984ec7993678aafb9,True
61939503922,333 BRYANT STREET NE,WARD 5,pdo,2,f661daf0e0c6fd298cffe1acf23b97dc,ADAMS STREET NE AND 4TH STREET NE,ADAMS STREET NE,4TH STREET NE,99.40441104475147,a10f34380cab408984ec7993678aafb9,False
61939503922,333 BRYANT STREET NE,WARD 5,pdo,3,fad7819d840c0bc89b67f01da433d7f9,3RD STREET NE AND BRYANT STREET NE,3RD STREET NE,BRYANT STREET NE,128.02333004389945,a10f34380cab408984ec7993678aafb9,False
61939503922,333 BRYANT STREET NE,WARD 5,pdo,4,3ee47f52215ffa8cb8f051a8efa5895e,ASCOT PLACE NE AND 3RD STREET NE,ASCOT PLACE NE,3RD STREET NE,132.56729421504318,a10f34380cab408984ec7993678aafb9,False
61939503922,333 BRYANT STREET NE,WARD 5,pdo,5,bf513b5d2116dc98cc28daee96681bcb,4TH STREET NE AND CHANNING STREET NE,4TH STREET NE,CHANNING STREET NE,138.8054011766942,a10f34380cab408984ec7993678aafb9,False
68356869824,"35TH STREET NW & R STREET NW
WASHINGTON,",WARD 2,major,1,db1274a6fc4ed5261aea4e597834a569,35TH STREET NW AND R STREET NW,35TH STREET NW,R STREET NW,0.04217836280364217,db1274a6fc4ed5261aea4e597834a569,True
68356869824,"35TH STREET NW & R STREET NW
WASHINGTON,",WARD 2,major,2,76c3e7c87301ea74563cf2352c3329ba,35TH STREET NW AND S STREET NW,35TH STREET NW,S STREET NW,101.22000107201234,db1274a6fc4ed5261aea4e597834a569,False
68356869824,"35TH STREET NW & R STREET NW
WASHINGTON,",WARD 2,major,3,714ba87b29f79157515ed1e2ca43c913,35TH STREET NW AND RESERVOIR ROAD NW,35TH STREET NW,RESERVOIR ROAD NW,109.48678173020373,db1274a6fc4ed5261aea4e597834a569,False
68356869824,"35TH STREET NW & R STREET NW
WASHINGTON,",WARD 2,major,4,b88f59ad07d8c9020af857bbb276e0b9,R STREET NW AND 34TH STREET NW,R STREET NW,34TH STREET NW,118.65768116978197,db1274a6fc4ed5261aea4e597834a569,False
68356869824,"35TH STREET NW & R STREET NW
WASHINGTON,",WARD 2,major,5,9335f1692bf6ca0729441ea2b66fc5d5,36TH STREET NW AND R STREET NW,36TH STREET NW,R STREET NW,158.3458150022053,db1274a6fc4ed5261aea4e597834a569,False
54948344244,4700 QUARLES STREET NE,WARD 7,minor,1,20f6314c7be8be8c2a200d581b0402da,OLIVE STREET NE AND QUARLES STREET NE,OLIVE STREET NE,QUARLES STREET NE,22.686496408245063,20f6314c7be8be8c2a200d581b0402da,True
54948344244,4700 QUARLES STREET NE,WARD 7,minor,2,83290e5ea547b9a69d81bc531ee80037,OLIVE STREET NE AND 47TH AVENUE NE,OLIVE STREET NE,47TH AVENUE NE,116.74380607979181,20f6314c7be8be8c2a200d581b0402da,False
54948344244,4700 QUARLES STREET NE,WARD 7,minor,3,dfa930cc938839a58e1215f413646cf2,QUARLES STREET NE AND KENILWORTH AVENUE NE,QUARLES STREET NE,KENILWORTH AVENUE NE,121.9502234978232,20f6314c7be8be8c2a200d581b0402da,False
54948344244,4700 QUARLES STREET NE,WARD 7,minor,4,7419256562a048da9c3f3d22ea6fac29,KENILWORTH AVENUE NE AND QUARLES STREET NE,KENILWORTH AVENUE NE,QUARLES STREET NE,164.91849278326745,20f6314c7be8be8c2a200d581b0402da,False
54948344244,4700 QUARLES STREET NE,WARD 7,minor,5,c75e6f937e24cc68cc7754226850c88e,MINNESOTA AVENUE NE AND MINNESOTA AVENUE NE,MINNESOTA AVENUE NE,MINNESOTA AVENUE NE,166.74257618136352,20f6314c7be8be8c2a200d581b0402da,False
59856486537,1400 PENNSYLVANIA AVENUE SE,WARD 6,major,1,841bb0d5344879887448693b8f92769e,POTOMAC AVENUE SE AND POTOMAC AVENUE SE,POTOMAC AVENUE SE,POTOMAC AVENUE SE,21.480401385805624,59ccbfab55c60865163bb4ff51beec8a,False
59856486537,1400 PENNSYLVANIA AVENUE SE,WARD 6,major,2,59ccbfab55c60865163bb4ff51beec8a,POTOMAC AVENUE SE AND PENNSYLVANIA AVENUE SE,POTOMAC AVENUE SE,PENNSYLVANIA AVENUE SE,27.674640247780825,59ccbfab55c60865163bb4ff51beec8a,True
59856486537,1400 PENNSYLVANIA AVENUE SE,WARD 6,major,3,51671a46047b10895b65fa9a525463cc,POTOMAC AVENUE SE AND 14TH STREET SE,POTOMAC AVENUE SE,14TH STREET SE,57.364021267083075,59ccbfab55c60865163bb4ff51beec8a,False
59856486537,1400 PENNSYLVANIA AVENUE SE,WARD 6,major,4,dd4bfec7c363e2f1f3020c519476af5a,14TH STREET SE AND POTOMAC AVENUE SE,14TH STREET SE,POTOMAC AVENUE SE,61.23668259732877,59ccbfab55c60865163bb4ff51beec8a,False
59856486537,1400 PENNSYLVANIA AVENUE SE,WARD 6,major,5,88a374681776e722a920815a2012d0c3,PENNSYLVANIA AVENUE SE AND POTOMAC AVENUE SE,PENNSYLVANIA AVENUE SE,POTOMAC AVENUE SE,91.93736730956711,59ccbfab55c60865163bb4ff51beec8a,False
57943604995,1515 NEW YORK AVENUE NE,WARD 5,minor,1,b070c4d02d72556b13698252fbd5a715,16TH STREET NE AND NEW YORK AVENUE NE,16TH STREET NE,NEW YORK AVENUE NE,64.31385199960506,b070c4d02d72556b13698252fbd5a715,True
57943604995,1515 NEW YORK AVENUE NE,WARD 5,minor,2,92d70488fad58e8034fcfba95d2d66a3,WALT LINCOLN WAY NE AND NEW YORK AVENUE NE,WALT LINCOLN WAY NE,NEW YORK AVENUE NE,70.69989822385077,b070c4d02d72556b13698252fbd5a715,False
57943604995,1515 NEW YORK AVENUE NE,WARD 5,minor,3,75d517edb32b7f730ef49a1b4808bc81,16TH STREET NE AND OKIE STREET NE,16TH STREET NE,OKIE STREET NE,146.77238795746464,b070c4d02d72556b13698252fbd5a715,False
57943604995,1515 NEW YORK AVENUE NE,WARD 5,minor,4,40cbf343b0a5cc5d4b8ddc90a2e52a43,WALT LINCOLN WAY NE AND OKIE STREET NE,WALT LINCOLN WAY NE,OKIE STREET NE,153.49151784928517,b070c4d02d72556b13698252fbd5a715,False
57943604995,1515 NEW YORK AVENUE NE,WARD 5,minor,5,3859931e675f6d2b99347b253e483168,HECHT AVENUE NE AND NEW YORK AVENUE NE,HECHT AVENUE NE,NEW YORK AVENUE NE,156.0710399768537,b070c4d02d72556b13698252fbd5a715,False
59977186900,11251/2 7TH STREET NW,WARD 2,minor,1,f0b7b0d37a63465dc70c321ea5fd5a2b,M STREET NW AND 7TH STREET NW,M STREET NW,7TH STREET NW,25.629824570733614,f0b7b0d37a63465dc70c321ea5fd5a2b,True
59977186900,11251/2 7TH STREET NW,WARD 2,minor,2,95d0de0b7d911b9e9da2b7288f9eaf4b,MCCOLLOUGH COURT NW AND M STREET NW,MCCOLLOUGH COURT NW,M STREET NW,49.30426331979307,f0b7b0d37a63465dc70c321ea5fd5a2b,False
59977186900,11251/2 7TH STREET NW,WARD 2,minor,3,9ffd9d096463a96d8c0162fbde4837a3,L STREET NW AND 7TH STREET NW,L STREET NW,7TH STREET NW,138.45718735821612,f0b7b0d37a63465dc70c321ea5fd5a2b,False
59977186900,11251/2 7TH STREET NW,WARD 2,minor,4,7d944cc9b76329737b3f2a0d1a0d8b67,M STREET NW AND 6TH STREET NW,M STREET NW,6TH STREET NW,176.13099776041608,f0b7b0d37a63465dc70c321ea5fd5a2b,False
59977186900,11251/2 7TH STREET NW,WARD 2,minor,5,47f907bdd457af3840909060bcedb5fd,M STREET NW AND 9TH STREET NW,M STREET NW,9TH STREET NW,181.6125737185753,f0b7b0d37a63465dc70c321ea5fd5a2b,False
54527727309,3109 NAYLOR ROAD SE,WARD 8,pdo,1,56dbfa7e0e131c61678f3305dd85e97e,SOUTHERN AVENUE SE AND NAYLOR ROAD SE,SOUTHERN AVENUE SE,NAYLOR ROAD SE,145.57276157983,56dbfa7e0e131c61678f3305dd85e97e,True
54527727309,3109 NAYLOR ROAD SE,WARD 8,pdo,2,de0798ab3b7200bb4725cb1ea82d1180,31ST STREET SE AND GAINESVILLE STREET SE,31ST STREET SE,GAINESVILLE STREET SE,148.71461815460754,56dbfa7e0e131c61678f3305dd85e97e,False
54527727309,3109 NAYLOR ROAD SE,WARD 8,pdo,3,ae3ebe663095f53005a50c13b31ca9d5,SOUTHERN AVENUE SE AND 30TH STREET SE,SOUTHERN AVENUE SE,30TH STREET SE,164.16557828779113,56dbfa7e0e131c61678f3305dd85e97e,False
54527727309,3109 NAYLOR ROAD SE,WARD 8,pdo,4,e3cb3591a24bf2640a8d5a7c2d1a0a9c,30TH STREET SE AND BUENA VISTA TERRACE SE,30TH STREET SE,BUENA VISTA TERRACE SE,181.32945394261304,56dbfa7e0e131c61678f3305dd85e97e,False
54527727309,3109 NAYLOR ROAD SE,WARD 8,pdo,5,524bd0e4a74ef6204ba7a6e0ce86c2a7,TERRACE ROAD SE AND GAINESVILLE STREET SE,TERRACE ROAD SE,GAINESVILLE STREET SE,199.07701869907365,56dbfa7e0e131c61678f3305dd85e97e,False
57112325336,5412 E STREET SE,WARD 7,minor,1,6b20bda9270cd2dbf3c2280e95545ed1,E STREET SE AND SOUTHERN AVENUE SE,E STREET SE,SOUTHERN AVENUE SE,28.19895775357327,6b20bda9270cd2dbf3c2280e95545ed1,True
57112325336,5412 E STREET SE,WARD 7,minor,2,4cc791b1473c36c8da49546a48dd7785,SOUTHERN AVENUE SE AND FITCH STREET SE,SOUTHERN AVENUE SE,FITCH STREET SE,52.45302289368273,6b20bda9270cd2dbf3c2280e95545ed1,False
57112325336,5412 E STREET SE,WARD 7,minor,3,52a512bf8ae87b592fb803b494bfa4d9,E STREET SE AND 54TH STREET SE,E STREET SE,54TH STREET SE,65.29757910715502,6b20bda9270cd2dbf3c2280e95545ed1,False
57112325336,5412 E STREET SE,WARD 7,minor,4,f340086066efa4f6782726303b92a987,DRAKE PLACE SE AND 54TH STREET SE,DRAKE PLACE SE,54TH STREET SE,95.98516062176789,6b20bda9270cd2dbf3c2280e95545ed1,False
57112325336,5412 E STREET SE,WARD 7,minor,5,7e062a3f5eabd42ae534128e65cac9cc,54TH STREET SE AND D STREET SE,54TH STREET SE,D STREET SE,157.67040109154564,6b20bda9270cd2dbf3c2280e95545ed1,False
62004734602,300 16TH STREET NE,WARD 6,fatal,1,c9029aa7491a54179b99bd1647522c36,16TH STREET NE AND C STREET NE,16TH STREET NE,C STREET NE,21.496128037097044,c9029aa7491a54179b99bd1647522c36,True
62004734602,300 16TH STREET NE,WARD 6,fatal,2,eaffb877b8b4bcc65e73ad458db0626e,NORTH CAROLINA AVENUE NE AND 16TH STREET NE,NORTH CAROLINA AVENUE NE,16TH STREET NE,35.345486457835655,c9029aa7491a54179b99bd1647522c36,False
62004734602,300 16TH STREET NE,WARD 6,fatal,3,3a6a296020870b1e8bab5602d45f7f27,NORTH CAROLINA AVENUE NE AND C STREET NE,NORTH CAROLINA AVENUE NE,C STREET NE,102.29548622014163,c9029aa7491a54179b99bd1647522c36,False
62004734602,300 16TH STREET NE,WARD 6,fatal,4,9518230eab523b9ff355ab8e03dcef25,15TH STREET NE AND C STREET NE,15TH STREET NE,C STREET NE,104.758812764694,c9029aa7491a54179b99bd1647522c36,False
62004734602,300 16TH STREET NE,WARD 6,fatal,5,4ab8ab9e132fbc2b4f9a61ee76e6adab,15TH STREET NE AND NORTH CAROLINA AVENUE NE,15TH STREET NE,NORTH CAROLINA AVENUE NE,138.2359756339448,c9029aa7491a54179b99bd1647522c36,False
55908326509,5501 COLORADO AVENUE NW,WARD 4,major,1,b0ab7fed2762b6c12f9c44f80ecbd48f,14TH STREET NW AND KENNEDY STREET NW,14TH STREET NW,KENNEDY STREET NW,52.642015169274906,b0ab7fed2762b6c12f9c44f80ecbd48f,True
55908326509,5501 COLORADO AVENUE NW,WARD 4,major,2,43af0909704611cd4b66ff7116f9642b,LONGFELLOW STREET NW AND COLORADO AVENUE NW,LONGFELLOW STREET NW,COLORADO AVENUE NW,110.48613930995552,b0ab7fed2762b6c12f9c44f80ecbd48f,False
55908326509,5501 COLORADO AVENUE NW,WARD 4,major,3,ddfbbaafa6e76181dd47dad44ab7be45,14TH STREET NW AND LONGFELLOW STREET NW,14TH STREET NW,LONGFELLOW STREET NW,114.15248302412327,b0ab7fed2762b6c12f9c44f80ecbd48f,False
55908326509,5501 COLORADO AVENUE NW,WARD 4,major,4,dbe8d798a9112b25f32c4038c8d85875,JEFFERSON STREET NW AND 14TH STREET NW,JEFFERSON STREET NW,14TH STREET NW,143.54292611805099,b0ab7fed2762b6c12f9c44f80ecbd48f,False
55908326509,5501 COLORADO AVENUE NW,WARD 4,major,5,2850a856a472f1020130f64235d282db,MADISON STREET NW AND 14TH STREET NW,MADISON STREET NW,14TH STREET NW,227.18437974515527,b0ab7fed2762b6c12f9c44f80ecbd48f,False
58685490503,6316 EASTERN AVENUE NE,WARD 4,fatal,1,038d8970d3ffeb65dfea72f2594bd36a,5TH AVENUE NE AND EASTERN AVENUE NE,5TH AVENUE NE,EASTERN AVENUE NE,42.412191323448,038d8970d3ffeb65dfea72f2594bd36a,True
58685490503,6316 EASTERN AVENUE NE,WARD 4,fatal,2,cbc3226650febb5caeae537a5d8c0160,EASTERN AVENUE NE AND TUCKERMAN STREET NE,EASTERN AVENUE NE,TUCKERMAN STREET NE,64.73392962361365,038d8970d3ffeb65dfea72f2594bd36a,False
58685490503,6316 EASTERN AVENUE NE,WARD 4,fatal,3,d8dd1335ff56bacdcbfd42fcb5bcab8a,SLIGO MILL ROAD NE AND EASTERN AVENUE NE,SLIGO MILL ROAD NE,EASTERN AVENUE NE,66.2027328812707,038d8970d3ffeb65dfea72f2594bd36a,False
58685490503,6316 EASTERN AVENUE NE,WARD 4,fatal,4,5e9829a667b94356c51f03810b965eb6,SHERIDAN STREET NE AND SLIGO MILL ROAD NE,SHERIDAN STREET NE,SLIGO MILL ROAD NE,71.0670615566583,038d8970d3ffeb65dfea72f2594bd36a,False
58685490503,6316 EASTERN AVENUE NE,WARD 4,fatal,5,de663074ae88d6a176354eb29e3df954,EASTERN AVENUE NE AND SHERIDAN STREET NE,EASTERN AVENUE NE,SHERIDAN STREET NE,95.14836112994216,038d8970d3ffeb65dfea72f2594bd36a,False
66881618586,1427 MONTANA AVENUE NE,WARD 5,minor,1,ee0b33171f5fb5f58e7567b13775ff94,SARATOGA AVENUE NE AND MONTANA AVENUE NE,SARATOGA AVENUE NE,MONTANA AVENUE NE,49.11695556400292,ee0b33171f5fb5f58e7567b13775ff94,True
66881618586,1427 MONTANA AVENUE NE,WARD 5,minor,2,eeda66a812c7920b91188d57574aab32,CHANNING STREET NE AND SARATOGA AVENUE NE,CHANNING STREET NE,SARATOGA AVENUE NE,100.2673152549284,ee0b33171f5fb5f58e7567b13775ff94,False
66881618586,1427 MONTANA AVENUE NE,WARD 5,minor,3,657067e0463f475b1a5ac7c98f03e989,DOWNING STREET NE AND MONTANA AVENUE NE,DOWNING STREET NE,MONTANA AVENUE NE,112.4204937737236,ee0b33171f5fb5f58e7567b13775ff94,False
66881618586,1427 MONTANA AVENUE NE,WARD 5,minor,4,52f7186f4876559d0e1d4dc4473ce6db,SARATOGA AVENUE NE AND EVARTS STREET NE,SARATOGA AVENUE NE,EVARTS STREET NE,134.13819899470434,ee0b33171f5fb5f58e7567b13775ff94,False
66881618586,1427 MONTANA AVENUE NE,WARD 5,minor,5,7bf439b1467b74ddac1dbb0e0fef8e1a,CHANNING STREET NE AND DOUGLAS STREET NE,CHANNING STREET NE,DOUGLAS STREET NE,142.21186232632377,ee0b33171f5fb5f58e7567b13775ff94,False
63730898511,"W STREET SE & MARTIN LUTHER KING JR AVENUE SE
WASHINGTON,",WARD 8,minor,1,2aa5714c10c839a1a138234d8cc359df,W STREET SE AND MARTIN LUTHER KING JR AVENUE SE,W STREET SE,MARTIN LUTHER KING JR AVENUE SE,0.04558975245029389,2aa5714c10c839a1a138234d8cc359df,True
63730898511,"W STREET SE & MARTIN LUTHER KING JR AVENUE SE
WASHINGTON,",WARD 8,minor,2,7b895ed7681d80b8d2f5cbb59bb331c2,MARTIN LUTHER KING JR AVENUE SE AND V STREET SE,MARTIN LUTHER KING JR AVENUE SE,V STREET SE,69.49775984465849,2aa5714c10c839a1a138234d8cc359df,False
63730898511,"W STREET SE & MARTIN LUTHER KING JR AVENUE SE
WASHINGTON,",WARD 8,minor,3,dac134c466fedcba950aa7aa2e5e0f9d,W STREET SE AND SHANNON PLACE SE,W STREET SE,SHANNON PLACE SE,93.65517494763142,2aa5714c10c839a1a138234d8cc359df,False
63730898511,"W STREET SE & MARTIN LUTHER KING JR AVENUE SE
WASHINGTON,",WARD 8,minor,4,f94c8a15430d17565542b9623c519a95,MARTIN LUTHER KING JR AVENUE SE AND V STREET SE,MARTIN LUTHER KING JR AVENUE SE,V STREET SE,102.35807758185527,2aa5714c10c839a1a138234d8cc359df,False
63730898511,"W STREET SE & MARTIN LUTHER KING JR AVENUE SE
WASHINGTON,",WARD 8,minor,5,112f2521c182f4cffb59c7b80b573a6d,PLEASANT STREET SE AND MARTIN LUTHER KING JR AVENUE SE,PLEASANT STREET SE,MARTIN LUTHER KING JR AVENUE SE,114.40582680006705,2aa5714c10c839a1a138234d8cc359df,False
60228560049,1538 MONROE STREET NW,WARD 1,pdo,1,8f7d38b87601413f9a755eb93d58dfe0,16TH STREET NW AND MONROE STREET NW,16TH STREET NW,MONROE STREET NW,74.11711388122131,8f7d38b87601413f9a755eb93d58dfe0,True
60228560049,1538 MONROE STREET NW,WARD 1,pdo,2,e28377e9193c94179580797e4be8d820,PARK ROAD NW AND PINE STREET NW,PARK ROAD NW,PINE STREET NW,80.99050855389211,8f7d38b87601413f9a755eb93d58dfe0,False
60228560049,1538 MONROE STREET NW,WARD 1,pdo,3,09a005c53c35f8985fa073f9e6927dd2,PARK ROAD NW AND 16TH STREET NW,PARK ROAD NW,16TH STREET NW,81.4345619755253,8f7d38b87601413f9a755eb93d58dfe0,False
60228560049,1538 MONROE STREET NW,WARD 1,pdo,4,36b72231a3c8e9f308d9c19eeac7762b,NEWTON STREET NW AND 16TH STREET NW,NEWTON STREET NW,16TH STREET NW,135.79856990459615,8f7d38b87601413f9a755eb93d58dfe0,False
60228560049,1538 MONROE STREET NW,WARD 1,pdo,5,65d25808a3c20b4cb796d79467d67910,PARK ROAD NW AND HIATT PLACE NW,PARK ROAD NW,HIATT PLACE NW,149.77480105541383,8f7d38b87601413f9a755eb93d58dfe0,False
67852698851,1509 NEW YORK AVENUE NE,WARD 5,pdo,1,92d70488fad58e8034fcfba95d2d66a3,WALT LINCOLN WAY NE AND NEW YORK AVENUE NE,WALT LINCOLN WAY NE,NEW YORK AVENUE NE,23.928241906871456,3859931e675f6d2b99347b253e483168,False
67852698851,1509 NEW YORK AVENUE NE,WARD 5,pdo,2,3859931e675f6d2b99347b253e483168,HECHT AVENUE NE AND NEW YORK AVENUE NE,HECHT AVENUE NE,NEW YORK AVENUE NE,88.53800332922967,3859931e675f6d2b99347b253e483168,True
67852698851,1509 NEW YORK AVENUE NE,WARD 5,pdo,3,42c279a3af09a3f5df24821e00cbffd0,HECHT AVENUE NE AND HECHT AVENUE NE,HECHT AVENUE NE,HECHT AVENUE NE,103.12856706690486,3859931e675f6d2b99347b253e483168,False
67852698851,1509 NEW YORK AVENUE NE,WARD 5,pdo,4,40cbf343b0a5cc5d4b8ddc90a2e52a43,WALT LINCOLN WAY NE AND OKIE STREET NE,WALT LINCOLN WAY NE,OKIE STREET NE,108.92230456443465,3859931e675f6d2b99347b253e483168,False
67852698851,1509 NEW YORK AVENUE NE,WARD 5,pdo,5,b070c4d02d72556b13698252fbd5a715,16TH STREET NE AND NEW YORK AVENUE NE,16TH STREET NE,NEW YORK AVENUE NE,136.95754135523566,3859931e675f6d2b99347b253e483168,False
69211245148,3401 STANTON ROAD SE,WARD 8,minor,1,983681c4682c726175c8151f54a4a404,SAVANNAH STREET SE AND STANTON ROAD SE,SAVANNAH STREET SE,STANTON ROAD SE,24.698008443692423,983681c4682c726175c8151f54a4a404,True
69211245148,3401 STANTON ROAD SE,WARD 8,minor,2,c160a7dc910e3439e91de33a84baa378,TRENTON PLACE SE AND STANTON ROAD SE,TRENTON PLACE SE,STANTON ROAD SE,107.39140031518404,983681c4682c726175c8151f54a4a404,False
69211245148,3401 STANTON ROAD SE,WARD 8,minor,3,c348ada2fc651b0c21a3c729f247f448,SAVANNAH STREET SE AND 18TH STREET SE,SAVANNAH STREET SE,18TH STREET SE,107.44242458377369,983681c4682c726175c8151f54a4a404,False
69211245148,3401 STANTON ROAD SE,WARD 8,minor,4,41fba4bd128ea3a06e61ef11fda885a4,18TH STREET SE AND TRENTON PLACE SE,18TH STREET SE,TRENTON PLACE SE,157.57280820496692,983681c4682c726175c8151f54a4a404,False
69211245148,3401 STANTON ROAD SE,WARD 8,minor,5,7b9b6129091917f1959c1d610cfbb024,ALABAMA AVENUE SE AND STANTON ROAD SE,ALABAMA AVENUE SE,STANTON ROAD SE,166.64805536731694,983681c4682c726175c8151f54a4a404,False
68628253050,3023 MARTIN LUTHER KING JR AVENUE SE,WARD 8,major,1,31e9b5fc1626d772f81f58034136f6ea,RANDLE PLACE SE AND MARTIN LUTHER KING JR AVENUE SE,RANDLE PLACE SE,MARTIN LUTHER KING JR AVENUE SE,17.616485261458426,31e9b5fc1626d772f81f58034136f6ea,True
68628253050,3023 MARTIN LUTHER KING JR AVENUE SE,WARD 8,major,2,7c9714d16dfe5c3f59cf0165bd848bf0,RALEIGH STREET SE AND MARTIN LUTHER KING JR AVENUE SE,RALEIGH STREET SE,MARTIN LUTHER KING JR AVENUE SE,42.13157708327783,31e9b5fc1626d772f81f58034136f6ea,False
68628253050,3023 MARTIN LUTHER KING JR AVENUE SE,WARD 8,major,3,d507217c0b163192bdf6cd75d29c0dae,MARTIN LUTHER KING JR AVENUE SE AND PARKLAND PLACE SE,MARTIN LUTHER KING JR AVENUE SE,PARKLAND PLACE SE,59.29257975150355,31e9b5fc1626d772f81f58034136f6ea,False
68628253050,3023 MARTIN LUTHER KING JR AVENUE SE,WARD 8,major,4,77c2c890753ba28090ab2f3e755bc277,NEWCOMB STREET SE AND MALCOLM X AVENUE SE,NEWCOMB STREET SE,MALCOLM X AVENUE SE,100.26053519646733,31e9b5fc1626d772f81f58034136f6ea,False
68628253050,3023 MARTIN LUTHER KING JR AVENUE SE,WARD 8,major,5,a2a986a5691a93bfabb3cac21ba5cb7c,MALCOLM X AVENUE SE AND MARTIN LUTHER KING JR AVENUE SE,MALCOLM X AVENUE SE,MARTIN LUTHER KING JR AVENUE SE,116.81864995998274,31e9b5fc1626d772f81f58034136f6ea,False
65247195095,3236 WALBRIDGE PLACE NW,WARD 1,major,1,c4cfae2928af9df4e82a42cde0862bb2,WALBRIDGE PLACE NW AND KLINGLE ROAD NW,WALBRIDGE PLACE NW,KLINGLE ROAD NW,62.84737909159252,c4cfae2928af9df4e82a42cde0862bb2,True
65247195095,3236 WALBRIDGE PLACE NW,WARD 1,major,2,12271c6214e4250a18474692199c17f4,ROSEMOUNT AVENUE NW AND KLINGLE ROAD NW,ROSEMOUNT AVENUE NW,KLINGLE ROAD NW,79.30427171892643,c4cfae2928af9df4e82a42cde0862bb2,False
65247195095,3236 WALBRIDGE PLACE NW,WARD 1,major,3,61c17e4ae2e0343ef7d934fa6700a0d1,PIERCE MILL ROAD NW AND PARK ROAD NW,PIERCE MILL ROAD NW,PARK ROAD NW,101.75209587913288,c4cfae2928af9df4e82a42cde0862bb2,False
65247195095,3236 WALBRIDGE PLACE NW,WARD 1,major,4,5daaa16cfc7a5a784266207f538c0da6,ADAMS MILL ROAD NW AND KLINGLE ROAD NW,ADAMS MILL ROAD NW,KLINGLE ROAD NW,104.15787275249626,c4cfae2928af9df4e82a42cde0862bb2,False
65247195095,3236 WALBRIDGE PLACE NW,WARD 1,major,5,8758400964de747fb30e898f61b200e4,PARK ROAD NW AND 19TH STREET NW,PARK ROAD NW,19TH STREET NW,123.20854717574909,c4cfae2928af9df4e82a42cde0862bb2,False
55868133829,5401 SOUTH DAKOTA AVENUE NE,WARD 5,minor,1,1b263fad43b11d944a47267aec753b3f,4TH STREET NE AND KENNEDY STREET NE,4TH STREET NE,KENNEDY STREET NE,61.18243649412932,d7ad6b65f412342ff276b9e2d6ae6c24,False
55868133829,5401 SOUTH DAKOTA AVENUE NE,WARD 5,minor,2,d7ad6b65f412342ff276b9e2d6ae6c24,JEFFERSON STREET NE AND SOUTH DAKOTA AVENUE NE,JEFFERSON STREET NE,SOUTH DAKOTA AVENUE NE,62.31859272892937,d7ad6b65f412342ff276b9e2d6ae6c24,True
55868133829,5401 SOUTH DAKOTA AVENUE NE,WARD 5,minor,3,086a6f92e9da9bd7c68e768ed83141c3,SOUTH DAKOTA AVENUE NE AND KENNEDY STREET NE,SOUTH DAKOTA AVENUE NE,KENNEDY STREET NE,75.36521468123689,d7ad6b65f412342ff276b9e2d6ae6c24,False
55868133829,5401 SOUTH DAKOTA AVENUE NE,WARD 5,minor,4,5d3cd605f63900f0ac27bf513026f922,5TH STREET NE AND KENNEDY STREET NE,5TH STREET NE,KENNEDY STREET NE,123.30697138396339,d7ad6b65f412342ff276b9e2d6ae6c24,False
55868133829,5401 SOUTH DAKOTA AVENUE NE,WARD 5,minor,5,8131665f625b4b1f52375e609c7c1e84,SOUTH DAKOTA AVENUE NE AND INGRAHAM STREET NE,SOUTH DAKOTA AVENUE NE,INGRAHAM STREET NE,129.9096656882508,d7ad6b65f412342ff276b9e2d6ae6c24,False
70344185995,"SCOTT CIRCLE NW
WASHINGTON,",WARD 2,pdo,1,85d6204ede29a86494d7470656f0d254,SCOTT CIRCLE NW AND MASSACHUSETTS AVENUE NW,SCOTT CIRCLE NW,MASSACHUSETTS AVENUE NW,31.384985246658626,593fb38cb58e3d08988c61cf00ceb8ca,False
70344185995,"SCOTT CIRCLE NW
WASHINGTON,",WARD 2,pdo,2,593fb38cb58e3d08988c61cf00ceb8ca,SCOTT CIRCLE NW AND RHODE ISLAND AVENUE NW,SCOTT CIRCLE NW,RHODE ISLAND AVENUE NW,31.997838614858704,593fb38cb58e3d08988c61cf00ceb8ca,True
70344185995,"SCOTT CIRCLE NW
WASHINGTON,",WARD 2,pdo,3,b8f73beb943221fa27dcbf99f56974d4,RHODE ISLAND AVENUE NW AND SCOTT CIRCLE NW,RHODE ISLAND AVENUE NW,SCOTT CIRCLE NW,32.4719441317144,593fb38cb58e3d08988c61cf00ceb8ca,False
70344185995,"SCOTT CIRCLE NW
WASHINGTON,",WARD 2,pdo,4,df6a406d2e5ef8013697ba164f4d19ff,SCOTT CIRCLE NW AND MASSACHUSETTS AVENUE NW,SCOTT CIRCLE NW,MASSACHUSETTS AVENUE NW,32.656572666792535,593fb38cb58e3d08988c61cf00ceb8ca,False
70344185995,"SCOTT CIRCLE NW
WASHINGTON,",WARD 2,pdo,5,8cd115adec539b6d63481c77f835f596,BATAAN STREET NW AND N STREET NW,BATAAN STREET NW,N STREET NW,97.82985376265114,593fb38cb58e3d08988c61cf00ceb8ca,False
67302794739,4701 MASSACHUSETTS AVENUE NW,WARD 3,pdo,1,d105d965aadcdc9d776c1360413dd2d2,47TH STREET NW AND VAN NESS STREET NW,47TH STREET NW,VAN NESS STREET NW,20.109971799896915,8e70677b494554f18264bd50f921a5d9,False
67302794739,4701 MASSACHUSETTS AVENUE NW,WARD 3,pdo,2,8e70677b494554f18264bd50f921a5d9,VAN NESS STREET NW AND MASSACHUSETTS AVENUE NW,VAN NESS STREET NW,MASSACHUSETTS AVENUE NW,45.499141159413014,8e70677b494554f18264bd50f921a5d9,True
67302794739,4701 MASSACHUSETTS AVENUE NW,WARD 3,pdo,3,82e9935536bf2fa5e668d12fc78dd5d6,MASSACHUSETTS AVENUE NW AND 47TH STREET NW,MASSACHUSETTS AVENUE NW,47TH STREET NW,58.72469653912365,8e70677b494554f18264bd50f921a5d9,False
67302794739,4701 MASSACHUSETTS AVENUE NW,WARD 3,pdo,4,0eb24571e96fee7ecd3c86d760aaeeb2,VERPLANCK PLACE NW AND 47TH STREET NW,VERPLANCK PLACE NW,47TH STREET NW,68.45946876720193,8e70677b494554f18264bd50f921a5d9,False
67302794739,4701 MASSACHUSETTS AVENUE NW,WARD 3,pdo,5,9726a03145757dca45cbb0b12dc644be,47TH STREET NW AND UPTON STREET NW,47TH STREET NW,UPTON STREET NW,125.58648272473465,8e70677b494554f18264bd50f921a5d9,False
55532711897,1503 NEW YORK AVENUE NE,WARD 5,minor,1,92d70488fad58e8034fcfba95d2d66a3,WALT LINCOLN WAY NE AND NEW YORK AVENUE NE,WALT LINCOLN WAY NE,NEW YORK AVENUE NE,36.25639448622845,3859931e675f6d2b99347b253e483168,False
55532711897,1503 NEW YORK AVENUE NE,WARD 5,minor,2,3859931e675f6d2b99347b253e483168,HECHT AVENUE NE AND NEW YORK AVENUE NE,HECHT AVENUE NE,NEW YORK AVENUE NE,49.120727367933256,3859931e675f6d2b99347b253e483168,True
55532711897,1503 NEW YORK AVENUE NE,WARD 5,minor,3,42c279a3af09a3f5df24821e00cbffd0,HECHT AVENUE NE AND HECHT AVENUE NE,HECHT AVENUE NE,HECHT AVENUE NE,94.865253726792,3859931e675f6d2b99347b253e483168,False
55532711897,1503 NEW YORK AVENUE NE,WARD 5,minor,4,40cbf343b0a5cc5d4b8ddc90a2e52a43,WALT LINCOLN WAY NE AND OKIE STREET NE,WALT LINCOLN WAY NE,OKIE STREET NE,135.1365260266497,3859931e675f6d2b99347b253e483168,False
55532711897,1503 NEW YORK AVENUE NE,WARD 5,minor,5,1df2a7a5a836bcf3703589105534220b,HECHT AVENUE NE AND OKIE STREET NE,HECHT AVENUE NE,OKIE STREET NE,140.84326815395247,3859931e675f6d2b99347b253e483168,False
62378593026,3621 BENNING ROAD NE,WARD 7,major,1,3e089d2ddea4b7123c398bde8142e61d,BENNING ROAD NE EASTBOUND AND RAMP TO KENILWORTH AVENUE NE SOUTHBOUND,BENNING ROAD NE,KENILWORTH AVENUE NE,39.07152768678051,4cae29af1fb10be2b1cc80c12d6ffcbe,False
62378593026,3621 BENNING ROAD NE,WARD 7,major,2,c5c8148db90fb3f618e0a15c4c7bfb4c,KENILWORTH AVENUE NE NORTHBOUND AND RAMP TO BENNING ROAD NE WESTBOUND,KENILWORTH AVENUE NE,BENNING ROAD NE,66.25106850907723,4cae29af1fb10be2b1cc80c12d6ffcbe,False
62378593026,3621 BENNING ROAD NE,WARD 7,major,3,c8b89069e1f9d69f091b58f5d6895575,KENILWORTH AVENUE NE SOUTHBOUND AND RAMP TO BENNING ROAD NE WESTBOUND,KENILWORTH AVENUE NE,BENNING ROAD NE,106.82570236408549,4cae29af1fb10be2b1cc80c12d6ffcbe,False
62378593026,3621 BENNING ROAD NE,WARD 7,major,4,6569dc463cb00b1524dcc98c800aa368,KENILWORTH AVENUE NE SOUTHBOUND AND RAMP FROM BENNING ROAD NE EASTBOUND,KENILWORTH AVENUE NE,BENNING ROAD NE,112.94257359613566,4cae29af1fb10be2b1cc80c12d6ffcbe,False
62378593026,3621 BENNING ROAD NE,WARD 7,major,5,55c61afa53d1e559befe34b8d1be11b1,BENNING ROAD NE EASTBOUND AND RAMP TO KENILWORTH AVENUE NE NORTHBOUND,BENNING ROAD NE,KENILWORTH AVENUE NE,119.60337452195766,4cae29af1fb10be2b1cc80c12d6ffcbe,False
67527723192,4801 13TH STREET NW,WARD 4,pdo,1,dd0e9c72035c0b8af465035423b4f3f8,13TH STREET NW AND ARKANSAS AVENUE NW,13TH STREET NW,ARKANSAS AVENUE NW,24.53509278857535,5a13f942ad8663dd0d2c1b45de1e5768,False
67527723192,4801 13TH STREET NW,WARD 4,pdo,2,d8ce02e30981b37e084fe6f02da2ec6c,DELAFIELD PLACE NW AND 13TH STREET NW,DELAFIELD PLACE NW,13TH STREET NW,45.04541975262439,5a13f942ad8663dd0d2c1b45de1e5768,False
67527723192,4801 13TH STREET NW,WARD 4,pdo,3,a133454d873af38fe339928bf6f4e3bd,ARKANSAS AVENUE NW AND DELAFIELD PLACE NW,ARKANSAS AVENUE NW,DELAFIELD PLACE NW,45.29981301438201,5a13f942ad8663dd0d2c1b45de1e5768,False
67527723192,4801 13TH STREET NW,WARD 4,pdo,4,5a13f942ad8663dd0d2c1b45de1e5768,13TH STREET NW AND DECATUR STREET NW,13TH STREET NW,DECATUR STREET NW,48.09939086270764,5a13f942ad8663dd0d2c1b45de1e5768,True
67527723192,4801 13TH STREET NW,WARD 4,pdo,5,5814211d271edb0845241aab341cf5f7,DECATUR STREET NW AND ARKANSAS AVENUE NW,DECATUR STREET NW,ARKANSAS AVENUE NW,74.8651060162882,5a13f942ad8663dd0d2c1b45de1e5768,False
57888788619,216 NEW YORK AVENUE NW,WARD 6,pdo,1,19dcb354c635640e7c5b666e7a0e3290,NEW YORK AVENUE NW AND NEW JERSEY AVENUE NW,NEW YORK AVENUE NW,NEW JERSEY AVENUE NW,33.55781368788975,5b153b44684f312071c93c8fdefcbdc2,False
57888788619,216 NEW YORK AVENUE NW,WARD 6,pdo,2,5b153b44684f312071c93c8fdefcbdc2,M STREET NW AND NEW YORK AVENUE NW,M STREET NW,NEW YORK AVENUE NW,43.16669473251596,5b153b44684f312071c93c8fdefcbdc2,True
57888788619,216 NEW YORK AVENUE NW,WARD 6,pdo,3,e720811e5a8fe78bd1efdbaed20195ce,NEW JERSEY AVENUE NW AND M STREET NW,NEW JERSEY AVENUE NW,M STREET NW,45.37291181712742,5b153b44684f312071c93c8fdefcbdc2,False
57888788619,216 NEW YORK AVENUE NW,WARD 6,pdo,4,b7ea646b80cbed553de7261a418782ea,KIRBY STREET NW AND NEW YORK AVENUE NW,KIRBY STREET NW,NEW YORK AVENUE NW,73.26124349644128,5b153b44684f312071c93c8fdefcbdc2,False
57888788619,216 NEW YORK AVENUE NW,WARD 6,pdo,5,591a915555928adbe7052712a21a5ea3,M STREET NW AND 3RD STREET NW,M STREET NW,3RD STREET NW,73.40100064049277,5b153b44684f312071c93c8fdefcbdc2,False
69837095221,1854 ALABAMA AVENUE SE,WARD 8,minor,1,89e935220a8ad38b27cc5edecb7eb0f4,ALABAMA AVENUE SE AND WEBSTER PLACE SE,ALABAMA AVENUE SE,WEBSTER PLACE SE,27.373909802642157,89e935220a8ad38b27cc5edecb7eb0f4,True
69837095221,1854 ALABAMA AVENUE SE,WARD 8,minor,2,5e9b8d634535a1d42f335372cdd6c5ca,TUBMAN ROAD SE AND WEBSTER PLACE SE,TUBMAN ROAD SE,WEBSTER PLACE SE,57.04684799744389,89e935220a8ad38b27cc5edecb7eb0f4,False
69837095221,1854 ALABAMA AVENUE SE,WARD 8,minor,3,fb8b71fcdec21a50d46cbe9b9383f37b,ALABAMA AVENUE SE AND 18TH PLACE SE,ALABAMA AVENUE SE,18TH PLACE SE,124.42199778404171,89e935220a8ad38b27cc5edecb7eb0f4,False
69837095221,1854 ALABAMA AVENUE SE,WARD 8,minor,4,e402cf0a158aec9881adad8f45ad4989,WEBSTER PLACE SE AND TOBIAS DRIVE SE,WEBSTER PLACE SE,TOBIAS DRIVE SE,125.3199039144743,89e935220a8ad38b27cc5edecb7eb0f4,False
69837095221,1854 ALABAMA AVENUE SE,WARD 8,minor,5,f3e8fa3591db8c8870c04961eaa81970,ALABAMA AVENUE SE AND FREDERICK DOUGLASS PLACE SE,ALABAMA AVENUE SE,FREDERICK DOUGLASS PLACE SE,157.81204380685475,89e935220a8ad38b27cc5edecb7eb0f4,False
67313498578,1432 WISCONSIN AVENUE NW,WARD 2,minor,1,848f71f87a4f2d4e369f0c7a4341a80d,WISCONSIN AVENUE NW AND O STREET NW,WISCONSIN AVENUE NW,O STREET NW,13.42739697852648,848f71f87a4f2d4e369f0c7a4341a80d,True
67313498578,1432 WISCONSIN AVENUE NW,WARD 2,minor,2,fbb07d71e0483721f136e40aa64f1afe,WISCONSIN AVENUE NW AND P STREET NW,WISCONSIN AVENUE NW,P STREET NW,39.39796125881031,848f71f87a4f2d4e369f0c7a4341a80d,False
67313498578,1432 WISCONSIN AVENUE NW,WARD 2,minor,3,76214c3e2466d6b8af4b80bba0e18e77,O STREET NW AND WISCONSIN AVENUE NW,O STREET NW,WISCONSIN AVENUE NW,78.1532958641096,848f71f87a4f2d4e369f0c7a4341a80d,False
67313498578,1432 WISCONSIN AVENUE NW,WARD 2,minor,4,abf9242e68cb1ec538afa12974afd804,WISCONSIN AVENUE NW AND P STREET NW,WISCONSIN AVENUE NW,P STREET NW,80.79589059203103,848f71f87a4f2d4e369f0c7a4341a80d,False
67313498578,1432 WISCONSIN AVENUE NW,WARD 2,minor,5,289e5c3b7cd975adb2072f121bf8b778,P STREET NW AND 32ND STREET NW,P STREET NW,32ND STREET NW,96.66924926730026,848f71f87a4f2d4e369f0c7a4341a80d,False
69639647244,814 RHODE ISLAND AVENUE NW,WARD 2,minor,1,2f3c62686bcc6e99f50f44079d40b612,9TH STREET NW AND RHODE ISLAND AVENUE NW,9TH STREET NW,RHODE ISLAND AVENUE NW,16.071974078675293,2f3c62686bcc6e99f50f44079d40b612,True
69639647244,814 RHODE ISLAND AVENUE NW,WARD 2,minor,2,6f2a7ea156640a8a6b78dbc58096a30f,9TH STREET NW AND Q STREET NW,9TH STREET NW,Q STREET NW,62.44599298100601,2f3c62686bcc6e99f50f44079d40b612,False
69639647244,814 RHODE ISLAND AVENUE NW,WARD 2,minor,3,847423703aa9e1c31913ceee0cf7aea8,8TH STREET NW AND RHODE ISLAND AVENUE NW,8TH STREET NW,RHODE ISLAND AVENUE NW,80.57866874495448,2f3c62686bcc6e99f50f44079d40b612,False
69639647244,814 RHODE ISLAND AVENUE NW,WARD 2,minor,4,74cd68c1b771fcf7ed1008a0a3cfa3b9,Q STREET NW AND 8TH STREET NW,Q STREET NW,8TH STREET NW,95.16626676106999,2f3c62686bcc6e99f50f44079d40b612,False
69639647244,814 RHODE ISLAND AVENUE NW,WARD 2,minor,5,59e670cb92ff1ac51b7857e1b87fcdef,R STREET NW AND 9TH STREET NW,R STREET NW,9TH STREET NW,105.14212416642546,2f3c62686bcc6e99f50f44079d40b612,False
67236645568,201 FLORIDA AVENUE NE,WARD 6,pdo,1,f054bab3b52619c78f8b86cf51d6ee5e,2ND STREET NE AND FLORIDA AVENUE NE,2ND STREET NE,FLORIDA AVENUE NE,57.46484247011124,d5d7c855aeaa420429658f311f3d349f,False
67236645568,201 FLORIDA AVENUE NE,WARD 6,pdo,2,9a43527e7f9dce31dee02849c2631aec,N STREET NE AND 2ND STREET NE,N STREET NE,2ND STREET NE,70.39194353100484,d5d7c855aeaa420429658f311f3d349f,False
67236645568,201 FLORIDA AVENUE NE,WARD 6,pdo,3,d5d7c855aeaa420429658f311f3d349f,3RD STREET NE AND FLORIDA AVENUE NE,3RD STREET NE,FLORIDA AVENUE NE,129.75389275320418,d5d7c855aeaa420429658f311f3d349f,True
67236645568,201 FLORIDA AVENUE NE,WARD 6,pdo,4,223024723c6ab2645d8f5a31dde367c5,N STREET NE AND 3RD STREET NE,N STREET NE,3RD STREET NE,146.6231194816687,d5d7c855aeaa420429658f311f3d349f,False
67236645568,201 FLORIDA AVENUE NE,WARD 6,pdo,5,f58d995ee2327b19c0ff94910468b1cd,NEW YORK AVENUE NE AND FLORIDA AVENUE NE,NEW YORK AVENUE NE,FLORIDA AVENUE NE,147.50054565570213,d5d7c855aeaa420429658f311f3d349f,False
54744888351,2498 ALABAMA AVENUE SE,WARD 8,fatal,1,d42e475f65574b5233e85bb19c1ac3f9,ALABAMA AVENUE SE AND 25TH STREET SE,ALABAMA AVENUE SE,25TH STREET SE,0.42330921728047083,d42e475f65574b5233e85bb19c1ac3f9,True
54744888351,2498 ALABAMA AVENUE SE,WARD 8,fatal,2,58ff21b4943656c5ae4ff6daeb579b48,AINGER PLACE SE AND ALABAMA AVENUE SE,AINGER PLACE SE,ALABAMA AVENUE SE,115.64965761870133,d42e475f65574b5233e85bb19c1ac3f9,False
54744888351,2498 ALABAMA AVENUE SE,WARD 8,fatal,3,bd3633a7d54307c63e66035467dde263,LANGSTON PLACE SE AND AINGER PLACE SE,LANGSTON PLACE SE,AINGER PLACE SE,154.0783575426181,d42e475f65574b5233e85bb19c1ac3f9,False
54744888351,2498 ALABAMA AVENUE SE,WARD 8,fatal,4,7ad86d58d525e1918506420cbf82e1e1,BUENA VISTA TERRACE SE AND 28TH STREET SE,BUENA VISTA TERRACE SE,28TH STREET SE,183.82873276718828,d42e475f65574b5233e85bb19c1ac3f9,False
54744888351,2498 ALABAMA AVENUE SE,WARD 8,fatal,5,5dd519efd1d99e0cdbf44f2be849d099,GAINESVILLE STREET SE AND ALABAMA AVENUE SE,GAINESVILLE STREET SE,ALABAMA AVENUE SE,193.7787869036158,d42e475f65574b5233e85bb19c1ac3f9,False
53745446144,3301 CLEVELAND AVENUE NW,WARD 3,minor,1,25a5d7d73992194b4a271da699f68b34,CATHEDRAL AVENUE NW AND CLEVELAND AVENUE NW,CATHEDRAL AVENUE NW,CLEVELAND AVENUE NW,27.396664352302114,25a5d7d73992194b4a271da699f68b34,True
53745446144,3301 CLEVELAND AVENUE NW,WARD 3,minor,2,3af2ca49d8e0acc9ab77a603eedddefa,34TH STREET NW AND CATHEDRAL AVENUE NW,34TH STREET NW,CATHEDRAL AVENUE NW,120.32862605572278,25a5d7d73992194b4a271da699f68b34,False
53745446144,3301 CLEVELAND AVENUE NW,WARD 3,minor,3,38726f0d0e888a6084bbf9f8b2d164b3,CLEVELAND AVENUE NW AND 34TH STREET NW,CLEVELAND AVENUE NW,34TH STREET NW,143.72713818398898,25a5d7d73992194b4a271da699f68b34,False
53745446144,3301 CLEVELAND AVENUE NW,WARD 3,minor,4,918209469f9138fec334fd3d8f8389de,32ND STREET NW AND CATHEDRAL AVENUE NW,32ND STREET NW,CATHEDRAL AVENUE NW,154.84461603608108,25a5d7d73992194b4a271da699f68b34,False
53745446144,3301 CLEVELAND AVENUE NW,WARD 3,minor,5,6dc445b2d0d709d7fe3be1d77aaef431,KLINGLE ROAD NW AND 34TH STREET NW,KLINGLE ROAD NW,34TH STREET NW,165.1160481823206,25a5d7d73992194b4a271da699f68b34,False
68137852404,535 EDGEWOOD STREET NE,WARD 5,pdo,1,b25645fdf0a51a6485b0d045295ece04,6TH STREET NE AND EDGEWOOD STREET NE,6TH STREET NE,EDGEWOOD STREET NE,3.2559452681823626,b25645fdf0a51a6485b0d045295ece04,True
68137852404,535 EDGEWOOD STREET NE,WARD 5,pdo,2,2ab022a6beaeb1f8060b8a7eaa345f72,6TH STREET NE AND EVARTS STREET NE,6TH STREET NE,EVARTS STREET NE,60.02033331703193,b25645fdf0a51a6485b0d045295ece04,False
68137852404,535 EDGEWOOD STREET NE,WARD 5,pdo,3,0efd9d85df669ecc9de0224a0b2e4fb3,EVARTS STREET NE AND EDGEWOOD STREET NE,EVARTS STREET NE,EDGEWOOD STREET NE,110.23414937554574,b25645fdf0a51a6485b0d045295ece04,False
68137852404,535 EDGEWOOD STREET NE,WARD 5,pdo,4,aa0244af280df10d53031b44274d0b40,DOUGLAS STREET NE AND EDGEWOOD STREET NE,DOUGLAS STREET NE,EDGEWOOD STREET NE,112.26635763575568,b25645fdf0a51a6485b0d045295ece04,False
68137852404,535 EDGEWOOD STREET NE,WARD 5,pdo,5,3a457bdfda94663df01ab35a13b5c0c4,FRANKLIN STREET NE AND 6TH STREET NE,FRANKLIN STREET NE,6TH STREET NE,179.31444172674557,b25645fdf0a51a6485b0d045295ece04,False
55952457791,"MADISON DRIVE NW
WASHINGTON,",WARD 2,major,1,97202e7111006aed7957456c4be302d7,15TH STREET NW AND MADISON DRIVE NW,15TH STREET NW,MADISON DRIVE NW,31.97855373724789,97202e7111006aed7957456c4be302d7,True
55952457791,"MADISON DRIVE NW
WASHINGTON,",WARD 2,major,2,489fa92a47505c920449d2f65d103ed8,14TH STREET NW AND MADISON DRIVE NW,14TH STREET NW,MADISON DRIVE NW,65.88174604312185,97202e7111006aed7957456c4be302d7,False
55952457791,"MADISON DRIVE NW
WASHINGTON,",WARD 2,major,3,80d178e4557143bc34853c4be1850a0d,15TH STREET SW AND 15TH STREET NW,15TH STREET SW,15TH STREET NW,83.48591738889425,97202e7111006aed7957456c4be302d7,False
55952457791,"MADISON DRIVE NW
WASHINGTON,",WARD 2,major,4,7fca514d5315dab0267212b197bece84,14TH STREET NW AND 14TH STREET SW,14TH STREET NW,14TH STREET SW,99.43431018823125,97202e7111006aed7957456c4be302d7,False
55952457791,"MADISON DRIVE NW
WASHINGTON,",WARD 2,major,5,b150949f10201cf7692ad3b20a95e26a,JEFFERSON DRIVE SW AND 15TH STREET SW,JEFFERSON DRIVE SW,15TH STREET SW,155.0643713565957,97202e7111006aed7957456c4be302d7,False
56620651098,1700 16TH STREET SE,WARD 8,minor,1,ce9b75f00a00ae2e6c2eeef0db4bdf2e,16TH STREET SE AND R STREET SE,16TH STREET SE,R STREET SE,18.342708657912564,ce9b75f00a00ae2e6c2eeef0db4bdf2e,True
56620651098,1700 16TH STREET SE,WARD 8,minor,2,5682d8e26fb8d67793b554c305a8fb0b,RIDGE PLACE SE AND 16TH STREET SE,RIDGE PLACE SE,16TH STREET SE,70.82962257506189,ce9b75f00a00ae2e6c2eeef0db4bdf2e,False
56620651098,1700 16TH STREET SE,WARD 8,minor,3,7fa33560c0334e7bd00bfc3cbbb9c53a,R STREET SE AND 17TH STREET SE,R STREET SE,17TH STREET SE,107.23752611284704,ce9b75f00a00ae2e6c2eeef0db4bdf2e,False
56620651098,1700 16TH STREET SE,WARD 8,minor,4,07cfca2a17922932bfd315d90a50615c,17TH STREET SE AND RIDGE PLACE SE,17TH STREET SE,RIDGE PLACE SE,127.57691335492939,ce9b75f00a00ae2e6c2eeef0db4bdf2e,False
56620651098,1700 16TH STREET SE,WARD 8,minor,5,643d242d48c048359bb3f724858ead41,S STREET SE AND 16TH STREET SE,S STREET SE,16TH STREET SE,138.24491448753128,ce9b75f00a00ae2e6c2eeef0db4bdf2e,False
56084951721,4545 42ND STREET NW,WARD 3,pdo,1,fea7121c952cfa984d7861ac794a50b0,42ND STREET NW AND BRANDYWINE STREET NW,42ND STREET NW,BRANDYWINE STREET NW,48.735025804152926,fea7121c952cfa984d7861ac794a50b0,True
56084951721,4545 42ND STREET NW,WARD 3,pdo,2,4c7394f4453d99fbb5801a154983c030,BUTTERWORTH PLACE NW AND 42ND STREET NW,BUTTERWORTH PLACE NW,42ND STREET NW,49.11877668235929,fea7121c952cfa984d7861ac794a50b0,False
56084951721,4545 42ND STREET NW,WARD 3,pdo,3,e47c00f65035c8e209230858359bbfd0,BRANDYWINE STREET NW AND RIVER ROAD NW,BRANDYWINE STREET NW,RIVER ROAD NW,61.18438837989635,fea7121c952cfa984d7861ac794a50b0,False
56084951721,4545 42ND STREET NW,WARD 3,pdo,4,13a0883223ccb7d2053940d4ebe5f4e6,42ND STREET NW AND RIVER ROAD NW,42ND STREET NW,RIVER ROAD NW,82.0715407047637,fea7121c952cfa984d7861ac794a50b0,False
56084951721,4545 42ND STREET NW,WARD 3,pdo,5,7bec4829b91436dc68b6f5627137a031,ALBEMARLE STREET NW AND 42ND STREET NW,ALBEMARLE STREET NW,42ND STREET NW,149.00597211680602,fea7121c952cfa984d7861ac794a50b0,False
64139453684,3829 DAVIS PLACE NW,WARD 3,minor,1,d7ca54db4292706fe7742badf0cc96e0,39TH STREET NW AND DAVIS PLACE NW,39TH STREET NW,DAVIS PLACE NW,73.46751666565497,d7ca54db4292706fe7742badf0cc96e0,True
64139453684,3829 DAVIS PLACE NW,WARD 3,minor,2,931c98e8384d3c1203fe5a41d29d69f2,DAVIS PLACE NW AND TUNLAW ROAD NW,DAVIS PLACE NW,TUNLAW ROAD NW,115.87141758784577,d7ca54db4292706fe7742badf0cc96e0,False
64139453684,3829 DAVIS PLACE NW,WARD 3,minor,3,47e44289c8d5f3538981977ae4ee735a,39TH STREET NW AND CALVERT STREET NW,39TH STREET NW,CALVERT STREET NW,168.06180918028736,d7ca54db4292706fe7742badf0cc96e0,False
64139453684,3829 DAVIS PLACE NW,WARD 3,minor,4,608c4a56ddf603ba79563a68ebc4fe98,39TH PLACE NW AND CALVERT STREET NW,39TH PLACE NW,CALVERT STREET NW,199.8577307272118,d7ca54db4292706fe7742badf0cc96e0,False
64139453684,3829 DAVIS PLACE NW,WARD 3,minor,5,9046c70c52f9d2baaa5445564c929e8c,EDMUNDS STREET NW AND 39TH STREET NW,EDMUNDS STREET NW,39TH STREET NW,204.15319353932063,d7ca54db4292706fe7742badf0cc96e0,False
68399174497,1335 2ND STREET NE,WARD 6,minor,1,f054bab3b52619c78f8b86cf51d6ee5e,2ND STREET NE AND FLORIDA AVENUE NE,2ND STREET NE,FLORIDA AVENUE NE,42.08506166757437,9a43527e7f9dce31dee02849c2631aec,False
68399174497,1335 2ND STREET NE,WARD 6,minor,2,9a43527e7f9dce31dee02849c2631aec,N STREET NE AND 2ND STREET NE,N STREET NE,2ND STREET NE,86.18161985243235,9a43527e7f9dce31dee02849c2631aec,True
68399174497,1335 2ND STREET NE,WARD 6,minor,3,d5d7c855aeaa420429658f311f3d349f,3RD STREET NE AND FLORIDA AVENUE NE,3RD STREET NE,FLORIDA AVENUE NE,131.69788075618067,9a43527e7f9dce31dee02849c2631aec,False
68399174497,1335 2ND STREET NE,WARD 6,minor,4,f58d995ee2327b19c0ff94910468b1cd,NEW YORK AVENUE NE AND FLORIDA AVENUE NE,NEW YORK AVENUE NE,FLORIDA AVENUE NE,135.64335027977327,9a43527e7f9dce31dee02849c2631aec,False
68399174497,1335 2ND STREET NE,WARD 6,minor,5,223024723c6ab2645d8f5a31dde367c5,N STREET NE AND 3RD STREET NE,N STREET NE,3RD STREET NE,154.8838541858778,9a43527e7f9dce31dee02849c2631aec,False
60892554151,"11TH STREET SE
WASHINGTON,",WARD 6,major,1,68871fb5d5dcf50966aadb7a96c56451,L STREET SE AND 11TH STREET SE,L STREET SE,11TH STREET SE,45.82680462437947,cbeccfda5c67372f33e05ee4545a3faa,False
60892554151,"11TH STREET SE
WASHINGTON,",WARD 6,major,2,6da86ed79e16d82ca7ffcde067ef5b1f,L STREET SE AND POTOMAC AVENUE SE,L STREET SE,POTOMAC AVENUE SE,51.01408796086353,cbeccfda5c67372f33e05ee4545a3faa,False
60892554151,"11TH STREET SE
WASHINGTON,",WARD 6,major,3,cbeccfda5c67372f33e05ee4545a3faa,SOUTHEAST BOULEVARD SE AND 11TH STREET SE,SOUTHEAST BOULEVARD SE,11TH STREET SE,65.91416729207646,cbeccfda5c67372f33e05ee4545a3faa,True
60892554151,"11TH STREET SE
WASHINGTON,",WARD 6,major,4,d724e44c26e2f7bb110cde79dd4ad448,M STREET SE AND 11TH STREET SE,M STREET SE,11TH STREET SE,93.1576095262541,cbeccfda5c67372f33e05ee4545a3faa,False
60892554151,"11TH STREET SE
WASHINGTON,",WARD 6,major,5,b2da74289ec04631482878461c893cf7,10TH STREET SE AND M STREET SE,10TH STREET SE,M STREET SE,98.58559984174474,cbeccfda5c67372f33e05ee4545a3faa,False
64742507493,1224 17TH STREET NW,WARD 2,minor,1,ad0775c7d0714b733fda08357390c47e,17TH STREET NW AND ST MATTHEWS COURT NW,17TH STREET NW,ST MATTHEWS COURT NW,23.822755614540053,e6405669db5e15e3f85968766a1d7df7,False
64742507493,1224 17TH STREET NW,WARD 2,minor,2,d4a397d0b26ac877920cb31daab93e51,RHODE ISLAND AVENUE NW AND 17TH STREET NW,RHODE ISLAND AVENUE NW,17TH STREET NW,41.1505709943977,e6405669db5e15e3f85968766a1d7df7,False
64742507493,1224 17TH STREET NW,WARD 2,minor,3,e6405669db5e15e3f85968766a1d7df7,17TH STREET NW AND N STREET NW,17TH STREET NW,N STREET NW,49.18639026983337,e6405669db5e15e3f85968766a1d7df7,True
64742507493,1224 17TH STREET NW,WARD 2,minor,4,4eb4b8090f5156c5f595f77d0b3b5cfa,BATAAN STREET NW AND RHODE ISLAND AVENUE NW,BATAAN STREET NW,RHODE ISLAND AVENUE NW,96.9457042004889,e6405669db5e15e3f85968766a1d7df7,False
64742507493,1224 17TH STREET NW,WARD 2,minor,5,8cd115adec539b6d63481c77f835f596,BATAAN STREET NW AND N STREET NW,BATAAN STREET NW,N STREET NW,105.09315740244992,e6405669db5e15e3f85968766a1d7df7,False
65386069954,2901 NASH PLACE SE,WARD 7,minor,1,76932af702446eaa1e137e56a4e561db,FAIRLAWN AVENUE SE AND NASH PLACE SE,FAIRLAWN AVENUE SE,NASH PLACE SE,45.12824179219526,76932af702446eaa1e137e56a4e561db,True
65386069954,2901 NASH PLACE SE,WARD 7,minor,2,ef448133058e51d71d1312d31d645123,N STREET SE AND FAIRLAWN AVENUE SE,N STREET SE,FAIRLAWN AVENUE SE,97.14882349639268,76932af702446eaa1e137e56a4e561db,False
65386069954,2901 NASH PLACE SE,WARD 7,minor,3,33070762e1167ae8f1213b0c82cc74c3,MINNESOTA AVENUE SE AND 28TH STREET SE,MINNESOTA AVENUE SE,28TH STREET SE,111.01449802479647,76932af702446eaa1e137e56a4e561db,False
65386069954,2901 NASH PLACE SE,WARD 7,minor,4,c5bf451031d1b5e44a0d3b2e6a2849f9,ANACOSTIA ROAD SE AND MINNESOTA AVENUE SE,ANACOSTIA ROAD SE,MINNESOTA AVENUE SE,115.2488837215878,76932af702446eaa1e137e56a4e561db,False
65386069954,2901 NASH PLACE SE,WARD 7,minor,5,b0300802607f70379541e381b4c1b79c,N STREET SE AND MINNESOTA AVENUE SE,N STREET SE,MINNESOTA AVENUE SE,117.5602984446807,76932af702446eaa1e137e56a4e561db,False
69413934513,4908 EAST CAPITOL STREET NE,WARD 7,major,1,18ed738654aac2e46a140b124fdfe2b3,EAST CAPITOL STREET AND SYCAMORE ROAD NE,EAST CAPITOL STREET,SYCAMORE ROAD NE,26.300647356215865,62f637379c75db9c3643b4c25d2ad117,False
69413934513,4908 EAST CAPITOL STREET NE,WARD 7,major,2,9751d50d4c38c0e5fe274826116a09e6,CENTRAL AVENUE NE AND SYCAMORE ROAD NE,CENTRAL AVENUE NE,SYCAMORE ROAD NE,42.3409657755629,62f637379c75db9c3643b4c25d2ad117,False
69413934513,4908 EAST CAPITOL STREET NE,WARD 7,major,3,ee614ea41842f540fa9433a65ca3882c,49TH STREET NE AND EAST CAPITOL STREET,49TH STREET NE,EAST CAPITOL STREET,68.23651496827952,62f637379c75db9c3643b4c25d2ad117,False
69413934513,4908 EAST CAPITOL STREET NE,WARD 7,major,4,0f476426268afbbe80bd7a25541200a4,CENTRAL AVENUE NE AND 49TH PLACE NE,CENTRAL AVENUE NE,49TH PLACE NE,73.41425787168889,62f637379c75db9c3643b4c25d2ad117,False
69413934513,4908 EAST CAPITOL STREET NE,WARD 7,major,5,0b7303f3038e8f2de1a533d32524e363,EAST CAPITOL STREET AND 49TH PLACE NE,EAST CAPITOL STREET,49TH PLACE NE,77.06978184429678,62f637379c75db9c3643b4c25d2ad117,False
56632388399,1317 9TH STREET NW,WARD 2,major,1,cdde95a9b5bcbb57c02fa1b161453224,NAILORS ALLEY NW AND 9TH STREET NW,NAILORS ALLEY NW,9TH STREET NW,43.7583949369438,12381b95b91bf587b88bfab3392ac9f2,False
56632388399,1317 9TH STREET NW,WARD 2,major,2,12381b95b91bf587b88bfab3392ac9f2,N STREET NW AND 9TH STREET NW,N STREET NW,9TH STREET NW,73.08261479006933,12381b95b91bf587b88bfab3392ac9f2,True
56632388399,1317 9TH STREET NW,WARD 2,major,3,e285366d13ee10b3c470cbc5ce7a04b6,8TH STREET NW AND N STREET NW,8TH STREET NW,N STREET NW,75.12539447391192,12381b95b91bf587b88bfab3392ac9f2,False
56632388399,1317 9TH STREET NW,WARD 2,major,4,94b07a1d2d02d13155bb9db52a9deac5,9TH STREET NW AND O STREET NW,9TH STREET NW,O STREET NW,98.80776972289084,12381b95b91bf587b88bfab3392ac9f2,False
56632388399,1317 9TH STREET NW,WARD 2,major,5,2b0bb5e949e788b50c9df747cbf9b02e,8TH STREET NW AND O STREET NW,8TH STREET NW,O STREET NW,99.3055494668776,12381b95b91bf587b88bfab3392ac9f2,False
64646239428,D STREET NW & 2,WARD 6,major,1,dc111eed249698877c2d88f078ac4a46,MITCH SNYDER PLACE NW AND D STREET NW,MITCH SNYDER PLACE NW,D STREET NW,0.040146009618184396,dc111eed249698877c2d88f078ac4a46,True
64646239428,D STREET NW & 2,WARD 6,major,2,dc111eed249698877c2d88f078ac4a46,D STREET NW AND RAMP FROM INTERSTATE 395 NORTHBOUND,D STREET NW,INTERSTATE 395,0.040166160493242425,dc111eed249698877c2d88f078ac4a46,True
64646239428,D STREET NW & 2,WARD 6,major,3,dc111eed249698877c2d88f078ac4a46,2ND STREET NW AND D STREET NW,2ND STREET NW,D STREET NW,0.040182588479568154,dc111eed249698877c2d88f078ac4a46,True
64646239428,D STREET NW & 2,WARD 6,major,4,d43381dbbc765ac661d74c9977f47c52,D STREET NW OVER INTERSTATE 395,D STREET NW,INTERSTATE 395,41.64282159079196,dc111eed249698877c2d88f078ac4a46,False
64646239428,D STREET NW & 2,WARD 6,major,5,d43381dbbc765ac661d74c9977f47c52,D STREET NW WESTBOUND AND RAMP TO I395 INTERSTATE SOUTHBOUND,D STREET NW,INTERSTATE 395,41.64285071272673,dc111eed249698877c2d88f078ac4a46,False
62105903531,2456 ALABAMA AVENUE SE,WARD 8,minor,1,da6eb2907a7a3a28f1aec749231923df,IRVING STREET SE AND 24TH PLACE SE,IRVING STREET SE,24TH PLACE SE,54.94151582112059,dc3e3dd470e83e52c3895643c0347838,False
62105903531,2456 ALABAMA AVENUE SE,WARD 8,minor,2,dc3e3dd470e83e52c3895643c0347838,JASPER STREET SE AND ALABAMA AVENUE SE,JASPER STREET SE,ALABAMA AVENUE SE,55.40422258266869,dc3e3dd470e83e52c3895643c0347838,True
62105903531,2456 ALABAMA AVENUE SE,WARD 8,minor,3,975507116b501b9e2e0f3bddc1ff95ca,JAMES M MCGEE JR STREET SE AND ALABAMA AVENUE SE,JAMES M MCGEE JR STREET SE,ALABAMA AVENUE SE,68.56503427624392,dc3e3dd470e83e52c3895643c0347838,False
62105903531,2456 ALABAMA AVENUE SE,WARD 8,minor,4,652bb6d66c005d250b0903d9a5885add,ALABAMA AVENUE SE AND IRVING PLACE SE,ALABAMA AVENUE SE,IRVING PLACE SE,69.8690036136102,dc3e3dd470e83e52c3895643c0347838,False
62105903531,2456 ALABAMA AVENUE SE,WARD 8,minor,5,1088d68c75ac69ae3a7762fec9b9371f,24TH STREET SE AND IRVING STREET SE,24TH STREET SE,IRVING STREET SE,134.5769791121871,dc3e3dd470e83e52c3895643c0347838,False
67912398433,2099 WYOMING AVENUE NW,WARD 1,pdo,1,a8640753bbbaf315c09f384eabad9d20,WYOMING AVENUE NW AND CONNECTICUT AVENUE NW,WYOMING AVENUE NW,CONNECTICUT AVENUE NW,20.9209793749752,a8640753bbbaf315c09f384eabad9d20,True
67912398433,2099 WYOMING AVENUE NW,WARD 1,pdo,2,022e1a38c1ee7b839af1a75d060c6926,KALORAMA ROAD NW AND CONNECTICUT AVENUE NW,KALORAMA ROAD NW,CONNECTICUT AVENUE NW,94.19226826409717,a8640753bbbaf315c09f384eabad9d20,False
67912398433,2099 WYOMING AVENUE NW,WARD 1,pdo,3,d2fcc93ab0033aa061c5ce9702204433,CONNECTICUT AVENUE NW AND ASHMEAD PLACE NW,CONNECTICUT AVENUE NW,ASHMEAD PLACE NW,123.669015362807,a8640753bbbaf315c09f384eabad9d20,False
67912398433,2099 WYOMING AVENUE NW,WARD 1,pdo,4,3721b2c98eb0f97049da203787618a15,CONNECTICUT AVENUE NW AND CALIFORNIA STREET NW,CONNECTICUT AVENUE NW,CALIFORNIA STREET NW,137.2800651901523,a8640753bbbaf315c09f384eabad9d20,False
67912398433,2099 WYOMING AVENUE NW,WARD 1,pdo,5,e652542eed297df87bf692117712cc84,20TH STREET NW AND WYOMING AVENUE NW,20TH STREET NW,WYOMING AVENUE NW,143.62066282449481,a8640753bbbaf315c09f384eabad9d20,False
55602741300,1201 L STREET NW,WARD 2,minor,1,1fa5242164d63439fcf5541370f45aee,12TH STREET NW AND L STREET NW,12TH STREET NW,L STREET NW,30.140601158489233,681241a02c366aa72f2eb7ba1c9f86b6,False
55602741300,1201 L STREET NW,WARD 2,minor,2,d5dfdcf34565f851250af45a1c3c6b92,12TH STREET NW AND MASSACHUSETTS AVENUE NW,12TH STREET NW,MASSACHUSETTS AVENUE NW,69.82362387193368,681241a02c366aa72f2eb7ba1c9f86b6,False
55602741300,1201 L STREET NW,WARD 2,minor,3,70df05896c27dbbf205a31da1937915d,L STREET NW AND MASSACHUSETTS AVENUE NW,L STREET NW,MASSACHUSETTS AVENUE NW,88.83932563438027,681241a02c366aa72f2eb7ba1c9f86b6,False
55602741300,1201 L STREET NW,WARD 2,minor,4,76dabc33dd0443a36a09d751e00487d5,L STREET NW AND 13TH STREET NW,L STREET NW,13TH STREET NW,103.43011731619673,681241a02c366aa72f2eb7ba1c9f86b6,False
55602741300,1201 L STREET NW,WARD 2,minor,5,9379fa31bf984ed8960de0850bf195f0,11TH STREET NW AND L STREET NW,11TH STREET NW,L STREET NW,120.08508130252254,681241a02c366aa72f2eb7ba1c9f86b6,False
66362769762,575 7TH STREET NW,WARD 2,pdo,1,4f27ea0441a7beb69ddde6c07bd0e10f,F STREET NW AND 7TH STREET NW,F STREET NW,7TH STREET NW,72.2072925995883,4f27ea0441a7beb69ddde6c07bd0e10f,True
66362769762,575 7TH STREET NW,WARD 2,pdo,2,29ee8ec1cf2fb569b63df40b6f21ccac,7TH STREET NW AND E STREET NW,7TH STREET NW,E STREET NW,93.79761736019488,4f27ea0441a7beb69ddde6c07bd0e10f,False
66362769762,575 7TH STREET NW,WARD 2,pdo,3,73e35fbe70f0e92530e124fab0eb3463,F STREET NW AND 6TH STREET NW,F STREET NW,6TH STREET NW,134.40826118595564,4f27ea0441a7beb69ddde6c07bd0e10f,False
66362769762,575 7TH STREET NW,WARD 2,pdo,4,2a371255c03669f1635c516f7894153e,6TH STREET NW AND E STREET NW,6TH STREET NW,E STREET NW,144.28522336249674,4f27ea0441a7beb69ddde6c07bd0e10f,False
66362769762,575 7TH STREET NW,WARD 2,pdo,5,2daedbab4bb7fd2240b28fa6cf3bb9d8,F STREET NW AND 8TH STREET NW,F STREET NW,8TH STREET NW,148.3379451795433,4f27ea0441a7beb69ddde6c07bd0e10f,False
67632427265,3101 E STREET SE,WARD 7,fatal,1,e1eedd895c6baf73c16d2e39c742563b,32ND STREET SE AND E STREET SE,32ND STREET SE,E STREET SE,110.02731349508555,e1eedd895c6baf73c16d2e39c742563b,True
67632427265,3101 E STREET SE,WARD 7,fatal,2,008859c50f9db5a817206533372eb3c3,ELY PLACE SE AND 32ND STREET SE,ELY PLACE SE,32ND STREET SE,167.73780111338797,e1eedd895c6baf73c16d2e39c742563b,False
67632427265,3101 E STREET SE,WARD 7,fatal,3,aa28295b4813ed35ff6f2e0e3067175b,D STREET SE AND 32ND STREET SE,D STREET SE,32ND STREET SE,240.8449855153463,e1eedd895c6baf73c16d2e39c742563b,False
67632427265,3101 E STREET SE,WARD 7,fatal,4,495bb33d31f2e66c8976e0df7cbe969f,G STREET SE AND CROISSANT PLACE SE,G STREET SE,CROISSANT PLACE SE,244.2388851463522,e1eedd895c6baf73c16d2e39c742563b,False
67632427265,3101 E STREET SE,WARD 7,fatal,5,1bf5d1f5565734065214785495827285,E STREET SE AND 33RD STREET SE,E STREET SE,33RD STREET SE,246.18560713746368,e1eedd895c6baf73c16d2e39c742563b,False
60861185541,629 MELLON STREET SE,WARD 8,pdo,1,3b58224e2c0788293a7fe8461bf090ff,MARTIN LUTHER KING JR AVENUE SE AND MELLON STREET SE,MARTIN LUTHER KING JR AVENUE SE,MELLON STREET SE,55.9723936498921,3b58224e2c0788293a7fe8461bf090ff,True
60861185541,629 MELLON STREET SE,WARD 8,pdo,2,a2a986a5691a93bfabb3cac21ba5cb7c,MALCOLM X AVENUE SE AND MARTIN LUTHER KING JR AVENUE SE,MALCOLM X AVENUE SE,MARTIN LUTHER KING JR AVENUE SE,62.97410500023608,3b58224e2c0788293a7fe8461bf090ff,False
60861185541,629 MELLON STREET SE,WARD 8,pdo,3,77c2c890753ba28090ab2f3e755bc277,NEWCOMB STREET SE AND MALCOLM X AVENUE SE,NEWCOMB STREET SE,MALCOLM X AVENUE SE,70.3349860279244,3b58224e2c0788293a7fe8461bf090ff,False
60861185541,629 MELLON STREET SE,WARD 8,pdo,4,d507217c0b163192bdf6cd75d29c0dae,MARTIN LUTHER KING JR AVENUE SE AND PARKLAND PLACE SE,MARTIN LUTHER KING JR AVENUE SE,PARKLAND PLACE SE,106.18528098949918,3b58224e2c0788293a7fe8461bf090ff,False
60861185541,629 MELLON STREET SE,WARD 8,pdo,5,ce5563f111146c5fa97294c4b47a8ca9,LEBAUM STREET SE AND MARTIN LUTHER KING JR AVENUE SE,LEBAUM STREET SE,MARTIN LUTHER KING JR AVENUE SE,121.72196425568929,3b58224e2c0788293a7fe8461bf090ff,False
64988043139,800 7TH STREET NW,WARD 2,minor,1,8cb36f025ba8390a745dc7a4693dc976,H STREET NW AND 7TH STREET NW,H STREET NW,7TH STREET NW,20.125751087742763,8cb36f025ba8390a745dc7a4693dc976,True
64988043139,800 7TH STREET NW,WARD 2,minor,2,50d41659bda45a9341ae779645712d0c,8TH STREET NW AND H STREET NW,8TH STREET NW,H STREET NW,69.33945496511109,8cb36f025ba8390a745dc7a4693dc976,False
64988043139,800 7TH STREET NW,WARD 2,minor,3,c11cf2f38749122ef97a738d0f57f666,I STREET NW AND 7TH STREET NW,I STREET NW,7TH STREET NW,119.19814053047168,8cb36f025ba8390a745dc7a4693dc976,False
64988043139,800 7TH STREET NW,WARD 2,minor,4,f1e5b4491c9e8cbc902e4e6264f865d6,8TH STREET NW AND I STREET NW,8TH STREET NW,I STREET NW,136.73155032587533,8cb36f025ba8390a745dc7a4693dc976,False
64988043139,800 7TH STREET NW,WARD 2,minor,5,45e40fd6e98f6ef9fbf0bf675691b52d,7TH STREET NW AND G STREET NW,7TH STREET NW,G STREET NW,153.40428849333725,8cb36f025ba8390a745dc7a4693dc976,False
66061881287,1450 EASTERN AVENUE NE,WARD 7,minor,1,33643ce618314df828e7e0462f48b031,MINNESOTA AVENUE NE AND EASTERN AVENUE NE,MINNESOTA AVENUE NE,EASTERN AVENUE NE,55.28848708764689,33643ce618314df828e7e0462f48b031,True
66061881287,1450 EASTERN AVENUE NE,WARD 7,minor,2,6f6eb2887e0083cb75c280128e7cb8f3,ANTELOPE LANE NE AND EASTERN AVENUE NE,ANTELOPE LANE NE,EASTERN AVENUE NE,77.42244089468963,33643ce618314df828e7e0462f48b031,False
66061881287,1450 EASTERN AVENUE NE,WARD 7,minor,3,c75e6f937e24cc68cc7754226850c88e,MINNESOTA AVENUE NE AND MINNESOTA AVENUE NE,MINNESOTA AVENUE NE,MINNESOTA AVENUE NE,118.94078608431842,33643ce618314df828e7e0462f48b031,False
66061881287,1450 EASTERN AVENUE NE,WARD 7,minor,4,5fefedf08b8d60add4c33661cfc6ebf0,QUARLES STREET NE AND 49TH STREET NE,QUARLES STREET NE,49TH STREET NE,128.36768135581463,33643ce618314df828e7e0462f48b031,False
66061881287,1450 EASTERN AVENUE NE,WARD 7,minor,5,cedea76f70bae8f5dedba282a7364de2,QUARLES STREET NE AND BEAVER HTS LANE NE,QUARLES STREET NE,BEAVER HTS LANE NE,188.22047227290426,33643ce618314df828e7e0462f48b031,False
63689794014,1025 50TH STREET NE,WARD 7,minor,1,cb14af39399c8babb9dc128dd549736a,50TH STREET NE AND LEE STREET NE,50TH STREET NE,LEE STREET NE,22.353244881439977,cb14af39399c8babb9dc128dd549736a,True
63689794014,1025 50TH STREET NE,WARD 7,minor,2,1e06f000c7e7542283e889328cbb66e6,LEE STREET NE AND 51ST PLACE NE,LEE STREET NE,51ST PLACE NE,75.18518164057332,cb14af39399c8babb9dc128dd549736a,False
63689794014,1025 50TH STREET NE,WARD 7,minor,3,2dc77cab7ee1afe8e319dcb0b7911315,50TH PLACE NE AND LEE STREET NE,50TH PLACE NE,LEE STREET NE,112.44589209186998,cb14af39399c8babb9dc128dd549736a,False
63689794014,1025 50TH STREET NE,WARD 7,minor,4,e260c5687a25b1f73da9e8525b7eccf8,50TH STREET NE AND SHERIFF ROAD NE,50TH STREET NE,SHERIFF ROAD NE,130.2453208775824,cb14af39399c8babb9dc128dd549736a,False
63689794014,1025 50TH STREET NE,WARD 7,minor,5,9725c5b1f62d7d68e6c2b874348b8ea2,50TH STREET NE AND MEADE STREET NE,50TH STREET NE,MEADE STREET NE,157.31904505639318,cb14af39399c8babb9dc128dd549736a,False
56563709493,1106 49TH STREET NE,WARD 7,minor,1,0023cf28e024c4b31fe5e5d18e5876cb,49TH STREET NE AND LEE STREET NE,49TH STREET NE,LEE STREET NE,32.525076487959716,0023cf28e024c4b31fe5e5d18e5876cb,True
56563709493,1106 49TH STREET NE,WARD 7,minor,2,1ebcc6fe0e6e428a9fe462d4f81f0191,49TH PLACE NE AND LEE STREET NE,49TH PLACE NE,LEE STREET NE,92.13660980905016,0023cf28e024c4b31fe5e5d18e5876cb,False
56563709493,1106 49TH STREET NE,WARD 7,minor,3,424385aaacaed70fc2b9e5bd77356ef4,LEE STREET NE AND 48TH PLACE NE,LEE STREET NE,48TH PLACE NE,96.14803626565086,0023cf28e024c4b31fe5e5d18e5876cb,False
56563709493,1106 49TH STREET NE,WARD 7,minor,4,d8ca929fc64d38326701aa05dac6d40c,MEADE STREET NE AND 49TH STREET NE,MEADE STREET NE,49TH STREET NE,123.23725273505407,0023cf28e024c4b31fe5e5d18e5876cb,False
56563709493,1106 49TH STREET NE,WARD 7,minor,5,236f659d5a5af2a4fa90f2747a6812a8,MEADE STREET NE AND 49TH PLACE NE,MEADE STREET NE,49TH PLACE NE,150.73120286270176,0023cf28e024c4b31fe5e5d18e5876cb,False
61428183959,511 GRESHAM PLACE NW,WARD 1,pdo,1,4cdad4a7a24936f1540c04680bc915ae,HARVARD STREET NW AND MICHIGAN AVENUE NW,HARVARD STREET NW,MICHIGAN AVENUE NW,32.11656192601153,85a56f598dc238e47a7efec8b150ec27,False
61428183959,511 GRESHAM PLACE NW,WARD 1,pdo,2,ffe1b4ba61c4d17de2e7dcc27dfe25a8,HOBART PLACE NW AND 5TH STREET NW,HOBART PLACE NW,5TH STREET NW,56.74945714786369,85a56f598dc238e47a7efec8b150ec27,False
61428183959,511 GRESHAM PLACE NW,WARD 1,pdo,3,85a56f598dc238e47a7efec8b150ec27,5TH STREET NW AND GRESHAM PLACE NW,5TH STREET NW,GRESHAM PLACE NW,66.66810604276738,85a56f598dc238e47a7efec8b150ec27,True
61428183959,511 GRESHAM PLACE NW,WARD 1,pdo,4,6c8c608a51a21dfaab685a8353e7f86c,5TH STREET NW AND 4TH STREET NW,5TH STREET NW,4TH STREET NW,123.18035831215323,85a56f598dc238e47a7efec8b150ec27,False
61428183959,511 GRESHAM PLACE NW,WARD 1,pdo,5,413c4259a60ca44e6a8e4038c7377fc5,HOBART PLACE NW AND WARDER STREET NW,HOBART PLACE NW,WARDER STREET NW,145.90946313008726,85a56f598dc238e47a7efec8b150ec27,False
69844359606,1900 I STREET NW,WARD 2,minor,1,77cb5a2300da0f1d155b8859d6a5d722,I STREET NW AND 19TH STREET NW,I STREET NW,19TH STREET NW,24.518898179839702,77cb5a2300da0f1d155b8859d6a5d722,True
69844359606,1900 I STREET NW,WARD 2,minor,2,af7d2c6714fbc625e1606c5b666bcd73,I STREET NW AND 20TH STREET NW,I STREET NW,20TH STREET NW,100.21401993957222,77cb5a2300da0f1d155b8859d6a5d722,False
69844359606,1900 I STREET NW,WARD 2,minor,3,7017cfabaae3a8e69d6a603f5e2ff18a,I STREET NW AND 20TH STREET NW,I STREET NW,20TH STREET NW,122.21129697746507,77cb5a2300da0f1d155b8859d6a5d722,False
69844359606,1900 I STREET NW,WARD 2,minor,4,f391cc709294a08a6c4016d779578c16,H STREET NW AND 19TH STREET NW,H STREET NW,19TH STREET NW,128.53338422495182,77cb5a2300da0f1d155b8859d6a5d722,False
69844359606,1900 I STREET NW,WARD 2,minor,5,a3824894d12d4c51dc65e5bcb3dc99bf,19TH STREET NW AND K STREET NW,19TH STREET NW,K STREET NW,134.26511174344148,77cb5a2300da0f1d155b8859d6a5d722,False
65524487545,119 8TH STREET SE,WARD 6,major,1,5acebe7ec9195741eb48f38722b0f5d1,NORTH CAROLINA AVENUE SE AND 8TH STREET SE,NORTH CAROLINA AVENUE SE,8TH STREET SE,25.836610029503785,5acebe7ec9195741eb48f38722b0f5d1,True
65524487545,119 8TH STREET SE,WARD 6,major,2,5b8e32f51eb0c3d591885db87307283d,INDEPENDENCE AVENUE SE AND 8TH STREET SE,INDEPENDENCE AVENUE SE,8TH STREET SE,58.81173293480002,5acebe7ec9195741eb48f38722b0f5d1,False
65524487545,119 8TH STREET SE,WARD 6,major,3,4a16dea07c073c3ba03663328f06ab0b,8TH STREET SE AND A STREET SE,8TH STREET SE,A STREET SE,61.51101120616718,5acebe7ec9195741eb48f38722b0f5d1,False
65524487545,119 8TH STREET SE,WARD 6,major,4,7a4932dc95e5f60983f9373453719ed3,INDEPENDENCE AVENUE SE AND NORTH CAROLINA AVENUE SE,INDEPENDENCE AVENUE SE,NORTH CAROLINA AVENUE SE,85.58833888106774,5acebe7ec9195741eb48f38722b0f5d1,False
65524487545,119 8TH STREET SE,WARD 6,major,5,6b1c30fff16d2db312a8e3cb7db7c221,9TH STREET SE AND NORTH CAROLINA AVENUE SE,9TH STREET SE,NORTH CAROLINA AVENUE SE,107.73779000220041,5acebe7ec9195741eb48f38722b0f5d1,False
66038081186,718 14TH STREET NW,WARD 2,minor,1,7dd9d86bc7747c3efeba6b3a75bf00fb,14TH STREET NW AND NEW YORK AVENUE NW,14TH STREET NW,NEW YORK AVENUE NW,42.10590175599277,7dd9d86bc7747c3efeba6b3a75bf00fb,True
66038081186,718 14TH STREET NW,WARD 2,minor,2,73cc48060de19dced90b9b1055863420,G STREET NW AND 14TH STREET NW,G STREET NW,14TH STREET NW,77.54924019801649,7dd9d86bc7747c3efeba6b3a75bf00fb,False
66038081186,718 14TH STREET NW,WARD 2,minor,3,05be984db67ef3afd873746e2ad3c76a,H STREET NW AND 14TH STREET NW,H STREET NW,14TH STREET NW,132.3788794083524,7dd9d86bc7747c3efeba6b3a75bf00fb,False
66038081186,718 14TH STREET NW,WARD 2,minor,4,c3f9b2301018eae5c38b9708f25c8d37,NEW YORK AVENUE NW AND PENNSYLVANIA AVENUE NW,NEW YORK AVENUE NW,PENNSYLVANIA AVENUE NW,148.5781244181793,7dd9d86bc7747c3efeba6b3a75bf00fb,False
66038081186,718 14TH STREET NW,WARD 2,minor,5,c4a3b08a664293daf74f64c87c69ba49,G STREET NW AND 15TH STREET NW,G STREET NW,15TH STREET NW,165.86035007985507,7dd9d86bc7747c3efeba6b3a75bf00fb,False
70315680220,1127 HOWARD ROAD SE,WARD 8,minor,1,e822a06e965889ae8b84982952ca95ed,HOWARD ROAD SE AND MARTIN LUTHER KING JR AVENUE SE,HOWARD ROAD SE,MARTIN LUTHER KING JR AVENUE SE,26.962072913247017,e822a06e965889ae8b84982952ca95ed,True
70315680220,1127 HOWARD ROAD SE,WARD 8,minor,2,d604c332860a8f94c128c03b9e91fc4f,HOWARD ROAD SE AND SAYLES PLACE SE,HOWARD ROAD SE,SAYLES PLACE SE,164.86220723761926,e822a06e965889ae8b84982952ca95ed,False
70315680220,1127 HOWARD ROAD SE,WARD 8,minor,3,f76abb8f5d8d190d809828fe2f20f914,TALBERT STREET SE AND MARTIN LUTHER KING JR AVENUE SE,TALBERT STREET SE,MARTIN LUTHER KING JR AVENUE SE,200.6049121855082,e822a06e965889ae8b84982952ca95ed,False
70315680220,1127 HOWARD ROAD SE,WARD 8,minor,4,a5a9b37fc2cb76ff438cd0ef617c1a72,HOWARD ROAD SE AND FIRTH STERLING AVENUE SE,HOWARD ROAD SE,FIRTH STERLING AVENUE SE,228.93728025407484,e822a06e965889ae8b84982952ca95ed,False
70315680220,1127 HOWARD ROAD SE,WARD 8,minor,5,28a24c5980bd1dd110fca69c6c590995,SHANNON PLACE SE AND TALBERT STREET SE,SHANNON PLACE SE,TALBERT STREET SE,231.99994781323704,e822a06e965889ae8b84982952ca95ed,False
56275080042,1200 INDEPENDENCE AVENUE SW,WARD 2,pdo,1,e5cacb0b80c4f9e28d294958e95f077b,INDEPENDENCE AVENUE SW AND RAMP TO 12TH STREET EXPRESSWAY NW NORTHBOUND,INDEPENDENCE AVENUE SW,12TH STREET EXPRESSWAY NW,36.72190421162096,e5cacb0b80c4f9e28d294958e95f077b,True
56275080042,1200 INDEPENDENCE AVENUE SW,WARD 2,pdo,2,e5cacb0b80c4f9e28d294958e95f077b,INDEPENDENCE AVENUE SW AND 12TH STREET SW,INDEPENDENCE AVENUE SW,12TH STREET SW,36.72190741827036,e5cacb0b80c4f9e28d294958e95f077b,True
56275080042,1200 INDEPENDENCE AVENUE SW,WARD 2,pdo,3,912369a9da3e6f2f0d0adc2acd47b8c8,JEFFERSON DRIVE SW AND 12TH STREET SW,JEFFERSON DRIVE SW,12TH STREET SW,124.03526288691859,e5cacb0b80c4f9e28d294958e95f077b,False
56275080042,1200 INDEPENDENCE AVENUE SW,WARD 2,pdo,4,e011b670aa6c9f8a46a0f36aef426511,12TH STREET SW AND C STREET SW,12TH STREET SW,C STREET SW,181.20541871804133,e5cacb0b80c4f9e28d294958e95f077b,False
56275080042,1200 INDEPENDENCE AVENUE SW,WARD 2,pdo,5,8d059d7b2399a005c3cd1e6214e463b6,13TH STREET SW AND C STREET SW,13TH STREET SW,C STREET SW,200.59968207069136,e5cacb0b80c4f9e28d294958e95f077b,False
58143768679,700 CHESAPEAKE STREET SE,WARD 8,fatal,1,1fc2a584a251546389337f1b82d40043,7TH STREET SE AND CHESAPEAKE STREET SE,7TH STREET SE,CHESAPEAKE STREET SE,43.70474769312754,1fc2a584a251546389337f1b82d40043,True
58143768679,700 CHESAPEAKE STREET SE,WARD 8,fatal,2,b898b63dde7ddfd87a89d4da494f211e,CHESAPEAKE STREET SE AND BARNABY ROAD SE,CHESAPEAKE STREET SE,BARNABY ROAD SE,151.12879524760584,1fc2a584a251546389337f1b82d40043,False
58143768679,700 CHESAPEAKE STREET SE,WARD 8,fatal,3,eab141560e1122832aeb1ae93bec4dc5,CHESAPEAKE STREET SE AND 6TH STREET SE,CHESAPEAKE STREET SE,6TH STREET SE,166.27092727689725,1fc2a584a251546389337f1b82d40043,False
58143768679,700 CHESAPEAKE STREET SE,WARD 8,fatal,4,dbfdf303e2b89903305f5400cd0820f9,BRANDYWINE STREET SE AND 6TH STREET SE,BRANDYWINE STREET SE,6TH STREET SE,178.35405444366066,1fc2a584a251546389337f1b82d40043,False
58143768679,700 CHESAPEAKE STREET SE,WARD 8,fatal,5,e37141acd456c7e5500180be19ef9a74,6TH STREET SE AND ATLANTIC STREET SE,6TH STREET SE,ATLANTIC STREET SE,234.550234221547,1fc2a584a251546389337f1b82d40043,False
68301728946,2958 2ND STREET SE,WARD 8,pdo,1,e467bdd197d522b17ed66c50768379f1,2ND STREET SE AND MALCOLM X AVENUE SE,2ND STREET SE,MALCOLM X AVENUE SE,116.18603774523646,e467bdd197d522b17ed66c50768379f1,True
68301728946,2958 2ND STREET SE,WARD 8,pdo,2,bd19dd599171e463fdf16c9eded002f1,ORANGE STREET SE AND 4TH STREET SE,ORANGE STREET SE,4TH STREET SE,128.37120611801382,e467bdd197d522b17ed66c50768379f1,False
68301728946,2958 2ND STREET SE,WARD 8,pdo,3,dbb3656dd18b90b0dd09a4489ff567b0,ORANGE STREET SE AND 2ND STREET SE,ORANGE STREET SE,2ND STREET SE,163.07803467587814,e467bdd197d522b17ed66c50768379f1,False
68301728946,2958 2ND STREET SE,WARD 8,pdo,4,e1c09db771b53506331c686a26e2664a,4TH STREET SE AND OAKWOOD STREET SE,4TH STREET SE,OAKWOOD STREET SE,211.94215767053842,e467bdd197d522b17ed66c50768379f1,False
68301728946,2958 2ND STREET SE,WARD 8,pdo,5,8f5b19ac90b7b99381cc35f1c630dcdd,PARKLAND PLACE SE AND WACLARK PLACE SE,PARKLAND PLACE SE,WACLARK PLACE SE,235.1573823229375,e467bdd197d522b17ed66c50768379f1,False
57179976471,200 L STREET SE,WARD 6,pdo,1,dc402f49fb4d6afef5756e539e22ec69,2ND PLACE SE AND L STREET SE,2ND PLACE SE,L STREET SE,18.438886304576187,dc402f49fb4d6afef5756e539e22ec69,True
57179976471,200 L STREET SE,WARD 6,pdo,2,a752dd0e7daf3b1d63c02fe36691026f,2ND STREET SE AND L STREET SE,2ND STREET SE,L STREET SE,52.617001120754985,dc402f49fb4d6afef5756e539e22ec69,False
57179976471,200 L STREET SE,WARD 6,pdo,3,2cf549be62f1f29c9a4e9e898d252a2a,K STREET SE AND 2ND PLACE SE,K STREET SE,2ND PLACE SE,78.98612475383666,dc402f49fb4d6afef5756e539e22ec69,False
57179976471,200 L STREET SE,WARD 6,pdo,4,a58ed82b68bcc3ffa6f8495c1eaa2082,3RD STREET SE AND L STREET SE,3RD STREET SE,L STREET SE,80.84304033253494,dc402f49fb4d6afef5756e539e22ec69,False
57179976471,200 L STREET SE,WARD 6,pdo,5,6973d1562876c67e461f26bc7889ee3f,K STREET SE AND 2ND STREET SE,K STREET SE,2ND STREET SE,93.1084008804586,dc402f49fb4d6afef5756e539e22ec69,False
70295567785,1100 15TH STREET NW,WARD 2,major,1,5898e67980b5fa26ec9056758ec73cfd,L STREET NW AND 15TH STREET NW,L STREET NW,15TH STREET NW,35.66690667361078,e99d5a01581b966bcc14f66029621252,False
70295567785,1100 15TH STREET NW,WARD 2,major,2,4996d9c807fb909ec515bfaf2295341c,L STREET NW AND 16TH STREET NW,L STREET NW,16TH STREET NW,134.08353163659262,e99d5a01581b966bcc14f66029621252,False
70295567785,1100 15TH STREET NW,WARD 2,major,3,e99d5a01581b966bcc14f66029621252,15TH STREET NW AND K STREET NW,15TH STREET NW,K STREET NW,140.24051392565295,e99d5a01581b966bcc14f66029621252,True
70295567785,1100 15TH STREET NW,WARD 2,major,4,75075da4405a3692746254fd55c46dc1,VERMONT AVENUE NW AND L STREET NW,VERMONT AVENUE NW,L STREET NW,165.40781654059262,e99d5a01581b966bcc14f66029621252,False
70295567785,1100 15TH STREET NW,WARD 2,major,5,cd59fc49ee847141a76378cb1c46ddf4,K STREET NW AND VERMONT AVENUE NW,K STREET NW,VERMONT AVENUE NW,179.42709127379345,e99d5a01581b966bcc14f66029621252,False
57155779780,1332 TRINIDAD AVENUE NE,WARD 5,minor,1,da00ed8029d98cbf555ebde3238c9893,OATES STREET NE AND TRINIDAD AVENUE NE,OATES STREET NE,TRINIDAD AVENUE NE,19.53497870745564,da00ed8029d98cbf555ebde3238c9893,True
57155779780,1332 TRINIDAD AVENUE NE,WARD 5,minor,2,35a969d000b84d1de3db708f90b90e60,TRINIDAD AVENUE NE AND OWEN PLACE NE,TRINIDAD AVENUE NE,OWEN PLACE NE,71.35733961214713,da00ed8029d98cbf555ebde3238c9893,False
57155779780,1332 TRINIDAD AVENUE NE,WARD 5,minor,3,bff441f550c683396ecf0c3b2cbd2e8e,ORREN STREET NE AND OATES STREET NE,ORREN STREET NE,OATES STREET NE,92.59675961936722,da00ed8029d98cbf555ebde3238c9893,False
57155779780,1332 TRINIDAD AVENUE NE,WARD 5,minor,4,0cc5eec17dcec528d5db8f889639c51f,TRINIDAD AVENUE NE AND LEVIS STREET NE,TRINIDAD AVENUE NE,LEVIS STREET NE,102.26761729673186,da00ed8029d98cbf555ebde3238c9893,False
57155779780,1332 TRINIDAD AVENUE NE,WARD 5,minor,5,21d22e913f507b583e75ac4b631e6620,NEAL STREET NE AND TRINIDAD AVENUE NE,NEAL STREET NE,TRINIDAD AVENUE NE,117.92849209712524,da00ed8029d98cbf555ebde3238c9893,False
59729945491,1701 13TH STREET NW,WARD 2,fatal,1,42c0ef37c68aa962fb7fec87b4770295,13TH STREET NW AND R STREET NW,13TH STREET NW,R STREET NW,21.672840704486468,42c0ef37c68aa962fb7fec87b4770295,True
59729945491,1701 13TH STREET NW,WARD 2,fatal,2,19aaa235da5d8d212dfa516b07b0df1b,13TH STREET NW AND RIGGS STREET NW,13TH STREET NW,RIGGS STREET NW,84.74457743419461,42c0ef37c68aa962fb7fec87b4770295,False
59729945491,1701 13TH STREET NW,WARD 2,fatal,3,d8d4fb583f653e5549c00056fe7b162b,CORCORAN STREET NW AND 13TH STREET NW,CORCORAN STREET NW,13TH STREET NW,85.64204616626198,42c0ef37c68aa962fb7fec87b4770295,False
59729945491,1701 13TH STREET NW,WARD 2,fatal,4,fbec0791a5d57546228ac8b8a1cf1b0f,12TH STREET NW AND VERMONT AVENUE NW,12TH STREET NW,VERMONT AVENUE NW,120.85755518320214,42c0ef37c68aa962fb7fec87b4770295,False
59729945491,1701 13TH STREET NW,WARD 2,fatal,5,1fd7102f55d95ba3ca75e2512a8c88be,R STREET NW AND VERMONT AVENUE NW,R STREET NW,VERMONT AVENUE NW,127.87524096840002,42c0ef37c68aa962fb7fec87b4770295,False
65042323999,1745 MASSACHUSETTS AVENUE SE,WARD 6,minor,1,e8513ec51b977fcd04e6e1483fe4724c,MASSACHUSETTS AVENUE SE AND 18TH STREET SE,MASSACHUSETTS AVENUE SE,18TH STREET SE,38.55552203077939,e8513ec51b977fcd04e6e1483fe4724c,True
65042323999,1745 MASSACHUSETTS AVENUE SE,WARD 6,minor,2,56da816e725f2d617f84dfc7736d794c,18TH STREET SE AND D STREET SE,18TH STREET SE,D STREET SE,99.86074338261616,e8513ec51b977fcd04e6e1483fe4724c,False
65042323999,1745 MASSACHUSETTS AVENUE SE,WARD 6,minor,3,91b00369047754414b373eb251904e3e,BURKE STREET SE AND 18TH STREET SE,BURKE STREET SE,18TH STREET SE,126.92196723523816,e8513ec51b977fcd04e6e1483fe4724c,False
65042323999,1745 MASSACHUSETTS AVENUE SE,WARD 6,minor,4,1df8b9af1fe9fe550e4dc43fec25da6b,19TH STREET SE AND C STREET SE,19TH STREET SE,C STREET SE,155.35645942634878,e8513ec51b977fcd04e6e1483fe4724c,False
65042323999,1745 MASSACHUSETTS AVENUE SE,WARD 6,minor,5,6c066d67ad37979f349349b3096a8c14,EBENEZER COURT SE AND 17TH STREET SE,EBENEZER COURT SE,17TH STREET SE,156.3263004288057,e8513ec51b977fcd04e6e1483fe4724c,False
53789559409,"CONSTITUTION AVENUE NE
WASHINGTON,",WARD 6,major,1,b352d937149d40c720063e6eaa67e792,DELAWARE AVENUE NE AND CONSTITUTION AVENUE NE,DELAWARE AVENUE NE,CONSTITUTION AVENUE NE,38.13658453632395,b352d937149d40c720063e6eaa67e792,True
53789559409,"CONSTITUTION AVENUE NE
WASHINGTON,",WARD 6,major,2,dfacc2dd5d5e32bfd4fad71b011cdab8,CONSTITUTION AVENUE NW AND CONSTITUTION AVENUE NE,CONSTITUTION AVENUE NW,CONSTITUTION AVENUE NE,42.361604157228854,b352d937149d40c720063e6eaa67e792,False
53789559409,"CONSTITUTION AVENUE NE
WASHINGTON,",WARD 6,major,3,2c41ae5a681a92300cfc3b7bebae8b78,CONSTITUTION AVENUE NW AND NEW JERSEY AVENUE NW,CONSTITUTION AVENUE NW,NEW JERSEY AVENUE NW,119.70351068466455,b352d937149d40c720063e6eaa67e792,False
53789559409,"CONSTITUTION AVENUE NE
WASHINGTON,",WARD 6,major,4,e1e2a18ed6e9d08b966463dec03a1472,C STREET NE AND DELAWARE AVENUE NE,C STREET NE,DELAWARE AVENUE NE,196.7220981579715,b352d937149d40c720063e6eaa67e792,False
53789559409,"CONSTITUTION AVENUE NE
WASHINGTON,",WARD 6,major,5,93e9a7bf7b3f2a92b4097e046a873966,1ST STREET NE AND CONSTITUTION AVENUE NE,1ST STREET NE,CONSTITUTION AVENUE NE,234.2700645487417,b352d937149d40c720063e6eaa67e792,False
64855486125,6001 GEORGIA AVENUE NW,WARD 4,pdo,1,b192305486f39c41ce08b6252667d036,GEORGIA AVENUE NW AND PEABODY STREET NW,GEORGIA AVENUE NW,PEABODY STREET NW,49.66236399207545,b192305486f39c41ce08b6252667d036,True
64855486125,6001 GEORGIA AVENUE NW,WARD 4,pdo,2,5d952d80e45fb787fc517b76f7d6a141,QUACKENBOS STREET NW AND GEORGIA AVENUE NW,QUACKENBOS STREET NW,GEORGIA AVENUE NW,69.74278515191233,b192305486f39c41ce08b6252667d036,False
64855486125,6001 GEORGIA AVENUE NW,WARD 4,pdo,3,da1873bd0ad9a9562d29e24f490a80a8,PEABODY STREET NW AND PINEY BRANCH ROAD NW,PEABODY STREET NW,PINEY BRANCH ROAD NW,105.31765456499318,b192305486f39c41ce08b6252667d036,False
64855486125,6001 GEORGIA AVENUE NW,WARD 4,pdo,4,313c7fcb1441dce12ca58a149b68c41f,PEABODY STREET NW AND 13TH STREET NW,PEABODY STREET NW,13TH STREET NW,166.29473369659485,b192305486f39c41ce08b6252667d036,False
64855486125,6001 GEORGIA AVENUE NW,WARD 4,pdo,5,e41f638e7f25610519a77b78d3a1b466,PEABODY STREET NW AND 9TH STREET NW,PEABODY STREET NW,9TH STREET NW,170.5602542061534,b192305486f39c41ce08b6252667d036,False
64741052196,5201 EAST CAPITOL STREET SE,WARD 7,pdo,1,19b3b81180ad4ae7ba64c73ce748709d,EAST CAPITOL STREET AND 52ND STREET SE,EAST CAPITOL STREET,52ND STREET SE,36.45723952842828,0b7303f3038e8f2de1a533d32524e363,False
64741052196,5201 EAST CAPITOL STREET SE,WARD 7,pdo,2,9b53b42d23c238180d1cb70db3d0d0da,DIVISION AVENUE NE AND EAST CAPITOL STREET,DIVISION AVENUE NE,EAST CAPITOL STREET,84.38612725862875,0b7303f3038e8f2de1a533d32524e363,False
64741052196,5201 EAST CAPITOL STREET SE,WARD 7,pdo,3,83420005db7be1c5a0734c260d982f15,53RD STREET NE AND EAST CAPITOL STREET,53RD STREET NE,EAST CAPITOL STREET,96.08392618902666,0b7303f3038e8f2de1a533d32524e363,False
64741052196,5201 EAST CAPITOL STREET SE,WARD 7,pdo,4,d83fb4daec6ac7bfc2fcccaf74b71f29,51ST STREET SE AND CENTRAL AVENUE SE,51ST STREET SE,CENTRAL AVENUE SE,98.35533419393951,0b7303f3038e8f2de1a533d32524e363,False
64741052196,5201 EAST CAPITOL STREET SE,WARD 7,pdo,5,8f6bbea56d6c4ef9105255c4e8ccae9f,CENTRAL AVENUE SE AND 52ND STREET SE,CENTRAL AVENUE SE,52ND STREET SE,123.81366336130104,0b7303f3038e8f2de1a533d32524e363,False
58338071090,700 COLUMBIA ROAD NW,WARD 1,pdo,1,f8b0ef8fbafe450a996cc4dddc7a3d98,COLUMBIA ROAD NW AND GEORGIA AVENUE NW,COLUMBIA ROAD NW,GEORGIA AVENUE NW,20.004120662574774,f8b0ef8fbafe450a996cc4dddc7a3d98,True
58338071090,700 COLUMBIA ROAD NW,WARD 1,pdo,2,13b853f155997ba9d1f24b7cb376a979,HOBART PLACE NW AND GEORGIA AVENUE NW,HOBART PLACE NW,GEORGIA AVENUE NW,30.898238663802548,f8b0ef8fbafe450a996cc4dddc7a3d98,False
58338071090,700 COLUMBIA ROAD NW,WARD 1,pdo,3,fc14a3ad9c7f9ae2c8a74201b890f96e,HOBART PLACE NW AND GEORGIA AVENUE NW,HOBART PLACE NW,GEORGIA AVENUE NW,58.20924007505414,f8b0ef8fbafe450a996cc4dddc7a3d98,False
58338071090,700 COLUMBIA ROAD NW,WARD 1,pdo,4,fa1c04e3f2e3511965aaf75e8d31f791,GEORGIA AVENUE NW AND HARVARD STREET NW,GEORGIA AVENUE NW,HARVARD STREET NW,100.82025695768469,f8b0ef8fbafe450a996cc4dddc7a3d98,False
58338071090,700 COLUMBIA ROAD NW,WARD 1,pdo,5,0c7345bf72b8825ca0badbd091d2e19f,IRVING STREET NW AND GEORGIA AVENUE NW,IRVING STREET NW,GEORGIA AVENUE NW,106.1337661276447,f8b0ef8fbafe450a996cc4dddc7a3d98,False
69611354847,1155 16TH STREET NW,WARD 2,minor,1,e21b530252631ffd92978189b09486c3,M STREET NW AND 16TH STREET NW,M STREET NW,16TH STREET NW,69.2421123172295,e21b530252631ffd92978189b09486c3,True
69611354847,1155 16TH STREET NW,WARD 2,minor,2,2969bbc06408ccc52bb761a59ad8b078,M STREET NW AND 15TH STREET NW,M STREET NW,15TH STREET NW,116.38436969877183,e21b530252631ffd92978189b09486c3,False
69611354847,1155 16TH STREET NW,WARD 2,minor,3,d1eaf1774c8c9f792dd4accbb9fe7c1f,CORREGIDOR STREET NW AND MASSACHUSETTS AVENUE NW,CORREGIDOR STREET NW,MASSACHUSETTS AVENUE NW,173.84643121890159,e21b530252631ffd92978189b09486c3,False
69611354847,1155 16TH STREET NW,WARD 2,minor,4,d82a34f30acf61590376a249f8d30a8b,15TH STREET NW AND MASSACHUSETTS AVENUE NW,15TH STREET NW,MASSACHUSETTS AVENUE NW,176.1047346770864,e21b530252631ffd92978189b09486c3,False
69611354847,1155 16TH STREET NW,WARD 2,minor,5,4996d9c807fb909ec515bfaf2295341c,L STREET NW AND 16TH STREET NW,L STREET NW,16TH STREET NW,186.54085416487348,e21b530252631ffd92978189b09486c3,False
69201419751,1750 MARTIN LUTHER KING JR AVENUE SE,WARD 8,minor,1,9cac1e345180317440391973b261040b,11TH STREET SE AND MARTIN LUTHER KING JR AVENUE SE,MARTIN LUTHER KING JR AVENUE SE,11TH STREET SE,35.02801488259742,9cac1e345180317440391973b261040b,True
69201419751,1750 MARTIN LUTHER KING JR AVENUE SE,WARD 8,minor,2,f229b59f204e34912e88577b2b549abb,S STREET SE AND 13TH STREET SE,S STREET SE,13TH STREET SE,99.51555230802715,9cac1e345180317440391973b261040b,False
69201419751,1750 MARTIN LUTHER KING JR AVENUE SE,WARD 8,minor,3,d204ccab39a417d8da34efe79373c257,RIDGE PLACE SE AND 13TH STREET SE,RIDGE PLACE SE,13TH STREET SE,107.36597241954297,9cac1e345180317440391973b261040b,False
69201419751,1750 MARTIN LUTHER KING JR AVENUE SE,WARD 8,minor,4,0d57286113fa36fe0c2248ae52f530d4,INTERSTATE 295 NORTHBOUND AND INTERSTATE 695 WESTBOUND,INTERSTATE 295 NORTHBOUND,INTERSTATE 695 WESTBOUND,120.48462903321443,9cac1e345180317440391973b261040b,False
69201419751,1750 MARTIN LUTHER KING JR AVENUE SE,WARD 8,minor,5,d19fcc4a409ff3fa37035e209e6f93e5,MARION BARRY AVENUE SE AND MARTIN LUTHER KING JR AVENUE SE,MARION BARRY AVENUE SE,MARTIN LUTHER KING JR AVENUE SE,120.61502582601464,9cac1e345180317440391973b261040b,False
58295033429,4314 WHEELER ROAD SE,WARD 8,pdo,1,548dbfd27df6b66d2c23465109576763,WHEELER ROAD SE AND SOUTHERN AVENUE SE,WHEELER ROAD SE,SOUTHERN AVENUE SE,13.936666845840508,548dbfd27df6b66d2c23465109576763,True
58295033429,4314 WHEELER ROAD SE,WARD 8,pdo,2,792a7075b12024242103c13e76365b59,BELLEVUE STREET SE AND WHEELER ROAD SE,BELLEVUE STREET SE,WHEELER ROAD SE,102.9319496906243,548dbfd27df6b66d2c23465109576763,False
58295033429,4314 WHEELER ROAD SE,WARD 8,pdo,3,a65213e4044f903103730ff80297dc37,WHEELER ROAD SE AND BELLEVUE STREET SE,WHEELER ROAD SE,BELLEVUE STREET SE,123.0905134039425,548dbfd27df6b66d2c23465109576763,False
58295033429,4314 WHEELER ROAD SE,WARD 8,pdo,4,821e99df6f3b5fb19317893ae9c252ae,SOUTHERN AVENUE SE AND 12TH STREET SE,SOUTHERN AVENUE SE,12TH STREET SE,182.231661608172,548dbfd27df6b66d2c23465109576763,False
58295033429,4314 WHEELER ROAD SE,WARD 8,pdo,5,91ebb84ccdfe60d2be17201f6f406815,WHEELER ROAD SE AND BARNABY TERRACE SE,WHEELER ROAD SE,BARNABY TERRACE SE,190.23810198611207,548dbfd27df6b66d2c23465109576763,False
56036557687,1110 U STREET NW,WARD 1,pdo,1,ebf99f53db07cd00ebd4a4f6d22dbef7,12TH STREET NW AND U STREET NW,12TH STREET NW,U STREET NW,46.12738361359941,8402eef0cc4f2e00269c5ce20db1fdcc,False
56036557687,1110 U STREET NW,WARD 1,pdo,2,5b5ace5bb823f2df5777a1ec26d22504,U STREET NW AND 11TH STREET NW,U STREET NW,11TH STREET NW,50.256808636418334,8402eef0cc4f2e00269c5ce20db1fdcc,False
56036557687,1110 U STREET NW,WARD 1,pdo,3,310240b8c308e1ac8efada01caa586f5,U STREET NW AND BEN ALI WAY NW,U STREET NW,BEN ALI WAY NW,92.75274063980547,8402eef0cc4f2e00269c5ce20db1fdcc,False
56036557687,1110 U STREET NW,WARD 1,pdo,4,f3292e567c431abdcaf382ec5bfe480b,U STREET NW AND 10TH STREET NW,U STREET NW,10TH STREET NW,138.9387841231663,8402eef0cc4f2e00269c5ce20db1fdcc,False
56036557687,1110 U STREET NW,WARD 1,pdo,5,fbde734be92d87e3e2dd8d00aa646c67,V STREET NW AND 12TH STREET NW,V STREET NW,12TH STREET NW,146.8546487646754,8402eef0cc4f2e00269c5ce20db1fdcc,False
60867833485,730 KENILWORTH AVENUE NE,WARD 7,pdo,1,d8ea864b08821604977078ff7b4e1d1f,KENILWORTH AVENUE NE AND HAYES STREET NE,KENILWORTH AVENUE NE,HAYES STREET NE,9.941524545220936,d8ea864b08821604977078ff7b4e1d1f,True
60867833485,730 KENILWORTH AVENUE NE,WARD 7,pdo,2,4b9d01aa3914baa4655cd03a2e0406d8,KENILWORTH TERRACE NE AND HAYES STREET NE,KENILWORTH TERRACE NE,HAYES STREET NE,85.38957730186975,d8ea864b08821604977078ff7b4e1d1f,False
60867833485,730 KENILWORTH AVENUE NE,WARD 7,pdo,3,b476951dc6b6546e2d642ccfa257e973,ALBERT IRVIN CASSELL PLACE NE AND KENILWORTH TERRACE NE,ALBERT IRVIN CASSELL PLACE NE,KENILWORTH TERRACE NE,106.9501256254147,d8ea864b08821604977078ff7b4e1d1f,False
60867833485,730 KENILWORTH AVENUE NE,WARD 7,pdo,4,82228910f19280ac469c4552c563b015,MINNESOTA AVENUE NE AND GAULT PLACE NE,MINNESOTA AVENUE NE,GAULT PLACE NE,131.1941970054665,d8ea864b08821604977078ff7b4e1d1f,False
60867833485,730 KENILWORTH AVENUE NE,WARD 7,pdo,5,5c351971c236683431fcee8785300659,MINNESOTA AVENUE NE AND HAYES STREET NE,MINNESOTA AVENUE NE,HAYES STREET NE,142.3585096339387,d8ea864b08821604977078ff7b4e1d1f,False
62153388573,1611 16TH STREET NW,WARD 2,minor,1,13973cf5f9e3e29be64b293d8ef1225a,16TH STREET NW AND CORCORAN STREET NW,16TH STREET NW,CORCORAN STREET NW,34.08474427646638,13973cf5f9e3e29be64b293d8ef1225a,True
62153388573,1611 16TH STREET NW,WARD 2,minor,2,cd1c8616fed712b52eac6872543a00c1,R STREET NW AND 16TH STREET NW,R STREET NW,16TH STREET NW,88.91358960039938,13973cf5f9e3e29be64b293d8ef1225a,False
62153388573,1611 16TH STREET NW,WARD 2,minor,3,f7e4d3cd2ae5bae1d401a9a544b892f1,Q STREET NW AND 16TH STREET NW,Q STREET NW,16TH STREET NW,89.8131494853411,13973cf5f9e3e29be64b293d8ef1225a,False
62153388573,1611 16TH STREET NW,WARD 2,minor,4,9efcc79d62ee03a31a8b9e48625f630f,CORCORAN STREET NW AND 15TH STREET NW,CORCORAN STREET NW,15TH STREET NW,135.7186666379918,13973cf5f9e3e29be64b293d8ef1225a,False
62153388573,1611 16TH STREET NW,WARD 2,minor,5,ef9a57af14fe576ad2c42a29f89dee83,15TH STREET NW AND Q STREET NW,15TH STREET NW,Q STREET NW,158.67342312524616,13973cf5f9e3e29be64b293d8ef1225a,False
65808829392,4000 ALBEMARLE STREET NW,WARD 3,minor,1,2e8cec9a5c74d2d04f01f9a081eb63c0,ALBEMARLE STREET NW AND 40TH STREET NW,ALBEMARLE STREET NW,40TH STREET NW,8.60997796871111,2e8cec9a5c74d2d04f01f9a081eb63c0,True
65808829392,4000 ALBEMARLE STREET NW,WARD 3,minor,2,82b9ad20d7eb65bb5dc336d7223bd061,ALBEMARLE STREET NW AND FORT DRIVE NW,ALBEMARLE STREET NW,FORT DRIVE NW,28.692185021066333,2e8cec9a5c74d2d04f01f9a081eb63c0,False
65808829392,4000 ALBEMARLE STREET NW,WARD 3,minor,3,fe95b644f0cbdfef91948d510c084a4d,ALBEMARLE STREET NW AND WISCONSIN AVENUE NW,ALBEMARLE STREET NW,WISCONSIN AVENUE NW,70.98399638524917,2e8cec9a5c74d2d04f01f9a081eb63c0,False
65808829392,4000 ALBEMARLE STREET NW,WARD 3,minor,4,90e6b5a5950d402d4d420e8f446769b3,GRANT ROAD NW AND FORT DRIVE NW,GRANT ROAD NW,FORT DRIVE NW,71.63663491200398,2e8cec9a5c74d2d04f01f9a081eb63c0,False
65808829392,4000 ALBEMARLE STREET NW,WARD 3,minor,5,b857e4ff10390c2ae0de439d9289fcfa,GRANT ROAD NW AND WISCONSIN AVENUE NW,GRANT ROAD NW,WISCONSIN AVENUE NW,96.724500730298,2e8cec9a5c74d2d04f01f9a081eb63c0,False
58624437904,4901 BLAINE STREET NE,WARD 7,minor,1,783555cb25a42abdd7dd308c6ded7b14,BLAINE STREET NE AND 49TH STREET NE,BLAINE STREET NE,49TH STREET NE,19.93339139855585,783555cb25a42abdd7dd308c6ded7b14,True
58624437904,4901 BLAINE STREET NE,WARD 7,minor,2,0d2c5fd016f704b6858bd47aef0c4e0d,BLAINE STREET NE AND 48TH PLACE NE,BLAINE STREET NE,48TH PLACE NE,87.15829638619593,783555cb25a42abdd7dd308c6ded7b14,False
58624437904,4901 BLAINE STREET NE,WARD 7,minor,3,4d592455574520b14cb1da67ab3f7576,BROOKS STREET NE AND 49TH STREET NE,BROOKS STREET NE,49TH STREET NE,102.30180552763447,783555cb25a42abdd7dd308c6ded7b14,False
58624437904,4901 BLAINE STREET NE,WARD 7,minor,4,c5f5736e793f12a87a39289b92fbc244,49TH STREET NE AND AMES STREET NE,49TH STREET NE,AMES STREET NE,102.66308581033076,783555cb25a42abdd7dd308c6ded7b14,False
58624437904,4901 BLAINE STREET NE,WARD 7,minor,5,09eb0913481fc4817845692c285e983f,SYCAMORE ROAD NE AND BLAINE STREET NE,SYCAMORE ROAD NE,BLAINE STREET NE,119.69829555172808,783555cb25a42abdd7dd308c6ded7b14,False
69431744108,2604 NORTH CAPITOL STREET NW,WARD 5,minor,1,6ada70176eef61591ddbe7278c62ff8d,DOUGLAS STREET NE AND NORTH CAPITOL STREET,DOUGLAS STREET NE,NORTH CAPITOL STREET,40.893055969162255,6ada70176eef61591ddbe7278c62ff8d,True
69431744108,2604 NORTH CAPITOL STREET NW,WARD 5,minor,2,0090b57b2ee86163b1c282afeb0e48c5,EVARTS STREET NE AND NORTH CAPITOL STREET,EVARTS STREET NE,NORTH CAPITOL STREET,77.74721669064662,6ada70176eef61591ddbe7278c62ff8d,False
69431744108,2604 NORTH CAPITOL STREET NW,WARD 5,minor,3,02d637ee02169c864b9cc10ee12ada0b,LOWER SERVICE COURT NW AND HAZEN COURT NW,LOWER SERVICE COURT NW,HAZEN COURT NW,105.4958437036973,6ada70176eef61591ddbe7278c62ff8d,False
69431744108,2604 NORTH CAPITOL STREET NW,WARD 5,minor,4,01f39edb5378e09074a75565963e95c8,GATEHOUSE COURT NW AND HAZEN COURT NW,GATEHOUSE COURT NW,HAZEN COURT NW,114.85597062119453,6ada70176eef61591ddbe7278c62ff8d,False
69431744108,2604 NORTH CAPITOL STREET NW,WARD 5,minor,5,1da9269c5b42a420e9f2d680f92247e2,NORTH CAPITOL STREET AND FRANKLIN STREET NE,NORTH CAPITOL STREET,FRANKLIN STREET NE,146.79899877596014,6ada70176eef61591ddbe7278c62ff8d,False
63376515460,1826 BENNING ROAD NE,WARD 5,pdo,1,1ec8fa4bf32e690080fd3e8a82a3050d,19TH STREET NE AND BENNING ROAD NE,19TH STREET NE,BENNING ROAD NE,19.193544115284094,1ec8fa4bf32e690080fd3e8a82a3050d,True
63376515460,1826 BENNING ROAD NE,WARD 5,pdo,2,c7c105ea8bfbbdcc181603c0904657df,19TH STREET NE AND BENNING ROAD NE,19TH STREET NE,BENNING ROAD NE,36.7316033783085,1ec8fa4bf32e690080fd3e8a82a3050d,False
63376515460,1826 BENNING ROAD NE,WARD 5,pdo,3,979357deaecdb129fdf34b94cf199a34,BENNETT PLACE NE AND 19TH STREET NE,BENNETT PLACE NE,19TH STREET NE,72.73072165696962,1ec8fa4bf32e690080fd3e8a82a3050d,False
63376515460,1826 BENNING ROAD NE,WARD 5,pdo,4,18a28cb509f5852d065fa4cedfcf8bf6,BENNING ROAD NE AND 18TH STREET NE,BENNING ROAD NE,18TH STREET NE,75.35335985929883,1ec8fa4bf32e690080fd3e8a82a3050d,False
63376515460,1826 BENNING ROAD NE,WARD 5,pdo,5,24cef58da537e9b51def1935798b836c,20TH STREET NE AND BENNING ROAD NE,20TH STREET NE,BENNING ROAD NE,106.42088141969062,1ec8fa4bf32e690080fd3e8a82a3050d,False
65704083698,832 15TH STREET NW,WARD 2,minor,1,90dd85f57a902179ad4c2f066b190b19,15TH STREET NW AND I STREET NW,15TH STREET NW,I STREET NW,23.973855581218228,90dd85f57a902179ad4c2f066b190b19,True
65704083698,832 15TH STREET NW,WARD 2,minor,2,5999548982c6caea51a926e8d2d45d7a,VERMONT AVENUE NW AND 15TH STREET NW,VERMONT AVENUE NW,15TH STREET NW,58.58022933364455,90dd85f57a902179ad4c2f066b190b19,False
65704083698,832 15TH STREET NW,WARD 2,minor,3,3e5acc65ef85b5f2787761cb05505584,ZEI ALLEY NW AND 15TH STREET NW,ZEI ALLEY NW,15TH STREET NW,66.1744643170182,90dd85f57a902179ad4c2f066b190b19,False
65704083698,832 15TH STREET NW,WARD 2,minor,4,c4e0e28c8a2473a43902c59fc8f79d1c,H STREET NW AND 15TH STREET NW,H STREET NW,15TH STREET NW,127.72989630932977,90dd85f57a902179ad4c2f066b190b19,False
65704083698,832 15TH STREET NW,WARD 2,minor,5,cd59fc49ee847141a76378cb1c46ddf4,K STREET NW AND VERMONT AVENUE NW,K STREET NW,VERMONT AVENUE NW,133.8476493850408,90dd85f57a902179ad4c2f066b190b19,False
60945367985,2600 14TH STREET NW,WARD 1,pdo,1,62e16558c8c798cd6dd709c1bb6443be,EUCLID STREET NW AND 14TH STREET NW,EUCLID STREET NW,14TH STREET NW,39.99858611580296,c31763b13d07804ca343fad9da1b7f2a,False
60945367985,2600 14TH STREET NW,WARD 1,pdo,2,c31763b13d07804ca343fad9da1b7f2a,14TH STREET NW AND EUCLID STREET NW,14TH STREET NW,EUCLID STREET NW,43.45347873203692,c31763b13d07804ca343fad9da1b7f2a,True
60945367985,2600 14TH STREET NW,WARD 1,pdo,3,a4b57f457231043a2a4fceb0a6596f56,CLIFTON STREET NW AND 14TH STREET NW,CLIFTON STREET NW,14TH STREET NW,110.58179157162138,c31763b13d07804ca343fad9da1b7f2a,False
60945367985,2600 14TH STREET NW,WARD 1,pdo,4,8b59b56bba4d77438a48d391be5e97c7,FAIRMONT STREET NW AND 14TH STREET NW,FAIRMONT STREET NW,14TH STREET NW,111.22040844898245,c31763b13d07804ca343fad9da1b7f2a,False
60945367985,2600 14TH STREET NW,WARD 1,pdo,5,6ff9ca419c3c2254a7228d63bbbf9da5,EUCLID STREET NW AND UNIVERSITY PLACE NW,EUCLID STREET NW,UNIVERSITY PLACE NW,128.65583019394217,c31763b13d07804ca343fad9da1b7f2a,False
68421732961,1501 27TH STREET SE,WARD 7,pdo,1,85c150770e25c7e7012ce271288cee81,27TH STREET SE AND PARK PLACE SE,27TH STREET SE,PARK PLACE SE,66.71280520501301,85c150770e25c7e7012ce271288cee81,True
68421732961,1501 27TH STREET SE,WARD 7,pdo,2,96cc274acba5726e1663fdeedddfd576,27TH STREET SE AND PENNSYLVANIA AVENUE SE,27TH STREET SE,PENNSYLVANIA AVENUE SE,72.6821870235893,85c150770e25c7e7012ce271288cee81,False
68421732961,1501 27TH STREET SE,WARD 7,pdo,3,d5b9088469520ac966df88aaa659d941,27TH STREET SE AND O STREET SE,27TH STREET SE,O STREET SE,89.8329517822218,85c150770e25c7e7012ce271288cee81,False
68421732961,1501 27TH STREET SE,WARD 7,pdo,4,29d0970e3255df269f84b667b6cf01fa,PENNSYLVANIA AVENUE SE AND O STREET SE,PENNSYLVANIA AVENUE SE,O STREET SE,95.49114374077163,85c150770e25c7e7012ce271288cee81,False
68421732961,1501 27TH STREET SE,WARD 7,pdo,5,f178b407cafb40b0d0a4888189778977,PENNSYLVANIA AVENUE SE AND 28TH STREET SE,PENNSYLVANIA AVENUE SE,28TH STREET SE,105.65536330502766,85c150770e25c7e7012ce271288cee81,False
63017666929,"L STREET NW
WASHINGTON,",WARD 2,minor,1,9379fa31bf984ed8960de0850bf195f0,11TH STREET NW AND L STREET NW,11TH STREET NW,L STREET NW,35.562578492190056,fe86de764cf50b6d7b378434cab13800,False
63017666929,"L STREET NW
WASHINGTON,",WARD 2,minor,2,fe86de764cf50b6d7b378434cab13800,MASSACHUSETTS AVENUE NW AND 11TH STREET NW,MASSACHUSETTS AVENUE NW,11TH STREET NW,42.466028073294304,fe86de764cf50b6d7b378434cab13800,True
63017666929,"L STREET NW
WASHINGTON,",WARD 2,minor,3,70df05896c27dbbf205a31da1937915d,L STREET NW AND MASSACHUSETTS AVENUE NW,L STREET NW,MASSACHUSETTS AVENUE NW,42.775870972901224,fe86de764cf50b6d7b378434cab13800,False
63017666929,"L STREET NW
WASHINGTON,",WARD 2,minor,4,1fa5242164d63439fcf5541370f45aee,12TH STREET NW AND L STREET NW,12TH STREET NW,L STREET NW,54.40681569392393,fe86de764cf50b6d7b378434cab13800,False
63017666929,"L STREET NW
WASHINGTON,",WARD 2,minor,5,8438bbcca0006652cd23f9db69e707d2,11TH STREET NW AND L STREET NW,11TH STREET NW,L STREET NW,59.72902785576903,fe86de764cf50b6d7b378434cab13800,False
69590575645,2200 DECATUR PLACE NW,WARD 2,pdo,1,7f4196c36bfa3c6ecd2b7eda275b2b36,22ND STREET NW AND DECATUR PLACE NW,22ND STREET NW,DECATUR PLACE NW,21.909398562679037,7f4196c36bfa3c6ecd2b7eda275b2b36,True
69590575645,2200 DECATUR PLACE NW,WARD 2,pdo,2,5fb07a3942e2bc008881ba1ac97946f8,S STREET NW AND 22ND STREET NW,S STREET NW,22ND STREET NW,85.41319114860731,7f4196c36bfa3c6ecd2b7eda275b2b36,False
69590575645,2200 DECATUR PLACE NW,WARD 2,pdo,3,295d47c7d18d7fb6c5c581bccfdfba0a,R STREET NW AND 22ND STREET NW,R STREET NW,22ND STREET NW,85.65578564644122,7f4196c36bfa3c6ecd2b7eda275b2b36,False
69590575645,2200 DECATUR PLACE NW,WARD 2,pdo,4,06f14b2c197344da7b60324df0c83320,PHELPS PLACE NW AND S STREET NW,PHELPS PLACE NW,S STREET NW,115.06766502856426,7f4196c36bfa3c6ecd2b7eda275b2b36,False
69590575645,2200 DECATUR PLACE NW,WARD 2,pdo,5,352bcc3dcf2e6d07cb16758c145e1c75,S STREET NW AND PHELPS PLACE NW,S STREET NW,PHELPS PLACE NW,139.71139232189532,7f4196c36bfa3c6ecd2b7eda275b2b36,False
67683384138,1800 K STREET NW,WARD 2,minor,1,ed64135f167a2c68bb41bbe0727bba05,18TH STREET NW AND K STREET NW,18TH STREET NW,K STREET NW,37.211059879431545,ed64135f167a2c68bb41bbe0727bba05,True
67683384138,1800 K STREET NW,WARD 2,minor,2,a3824894d12d4c51dc65e5bcb3dc99bf,19TH STREET NW AND K STREET NW,19TH STREET NW,K STREET NW,119.3942360185363,ed64135f167a2c68bb41bbe0727bba05,False
67683384138,1800 K STREET NW,WARD 2,minor,3,451726c880216272c7e96357b108ec2b,I STREET NW AND 18TH STREET NW,I STREET NW,18TH STREET NW,123.26064812489759,ed64135f167a2c68bb41bbe0727bba05,False
67683384138,1800 K STREET NW,WARD 2,minor,4,2a47fe3fd4e08864832a369d6d509fdb,19TH STREET NW AND CONSTITUTION COURT NW,19TH STREET NW,CONSTITUTION COURT NW,147.6746681599243,ed64135f167a2c68bb41bbe0727bba05,False
67683384138,1800 K STREET NW,WARD 2,minor,5,372540e02e43ea4389b1033f63284126,18TH STREET NW AND L STREET NW,18TH STREET NW,L STREET NW,153.31376137133176,ed64135f167a2c68bb41bbe0727bba05,False
59857915168,3501 14TH STREET NW,WARD 1,minor,1,af3a1b6e63dcdd129ff2e2e12bfdbd55,14TH STREET NW AND OTIS PLACE NW,14TH STREET NW,OTIS PLACE NW,23.668692635307696,af3a1b6e63dcdd129ff2e2e12bfdbd55,True
59857915168,3501 14TH STREET NW,WARD 1,minor,2,df840bdd1079235a70bf60c87a8d4253,OTIS PLACE NW AND 14TH STREET NW,OTIS PLACE NW,14TH STREET NW,47.379388309581806,af3a1b6e63dcdd129ff2e2e12bfdbd55,False
59857915168,3501 14TH STREET NW,WARD 1,minor,3,77a4bb698d3727bd322ac06b24603ab3,OAK STREET NW AND 14TH STREET NW,OAK STREET NW,14TH STREET NW,55.03734619756601,af3a1b6e63dcdd129ff2e2e12bfdbd55,False
59857915168,3501 14TH STREET NW,WARD 1,minor,4,f6511031eacd5bba09d1664f54352e83,OGDEN STREET NW AND OAK STREET NW,OGDEN STREET NW,OAK STREET NW,82.02248168080138,af3a1b6e63dcdd129ff2e2e12bfdbd55,False
59857915168,3501 14TH STREET NW,WARD 1,minor,5,6553445553e28e08c73972958d17cb24,14TH STREET NW AND OAK STREET NW,14TH STREET NW,OAK STREET NW,82.69284626556319,af3a1b6e63dcdd129ff2e2e12bfdbd55,False
67532875704,1925 BLADENSBURG ROAD NE,WARD 5,minor,1,06e2fc6c9cfe39f40ef42c606ea170df,BLADENSBURG ROAD NE AND NEW YORK AVENUE NE,BLADENSBURG ROAD NE,NEW YORK AVENUE NE,21.264125550091276,06e2fc6c9cfe39f40ef42c606ea170df,True
67532875704,1925 BLADENSBURG ROAD NE,WARD 5,minor,2,fd775a2b311d65edac1f05a4c0f481ad,QUEENS CHAPEL ROAD NE AND BLADENSBURG ROAD NE,QUEENS CHAPEL ROAD NE,BLADENSBURG ROAD NE,178.96244003993993,06e2fc6c9cfe39f40ef42c606ea170df,False
67532875704,1925 BLADENSBURG ROAD NE,WARD 5,minor,3,012cf6b92b6c5702814e3f4c17ef68df,24TH STREET NE AND T STREET NE,24TH STREET NE,T STREET NE,182.94279600310284,06e2fc6c9cfe39f40ef42c606ea170df,False
67532875704,1925 BLADENSBURG ROAD NE,WARD 5,minor,4,d2cab36fd33a77f76bd834e069cecf42,BLADENSBURG ROAD NE AND T STREET NE,BLADENSBURG ROAD NE,T STREET NE,184.59612668239956,06e2fc6c9cfe39f40ef42c606ea170df,False
67532875704,1925 BLADENSBURG ROAD NE,WARD 5,minor,5,85748d2970c50ef7319db14f93a1d9dd,BLADENSBURG ROAD NE AND 24TH PLACE NE,BLADENSBURG ROAD NE,24TH PLACE NE,288.34112363322913,06e2fc6c9cfe39f40ef42c606ea170df,False
55759931849,2237 MINNESOTA AVENUE SE,WARD 8,major,1,e97c90a40b3fffacb0f5d23b0193088a,PARK PLACE SE AND 23RD STREET SE,PARK PLACE SE,23RD STREET SE,45.16515286909681,5ec94f241eb07fa1e5b612768a0184d2,False
55759931849,2237 MINNESOTA AVENUE SE,WARD 8,major,2,5ec94f241eb07fa1e5b612768a0184d2,MINNESOTA AVENUE SE AND 23RD STREET SE,MINNESOTA AVENUE SE,23RD STREET SE,54.28843993764686,5ec94f241eb07fa1e5b612768a0184d2,True
55759931849,2237 MINNESOTA AVENUE SE,WARD 8,major,3,6844e9ea1594871521fb5d31dcee072f,Q STREET SE AND 23RD STREET SE,Q STREET SE,23RD STREET SE,122.50538767687549,5ec94f241eb07fa1e5b612768a0184d2,False
55759931849,2237 MINNESOTA AVENUE SE,WARD 8,major,4,1c35fbe7818195cc5c5994ea78514989,NAYLOR ROAD SE AND Q STREET SE,NAYLOR ROAD SE,Q STREET SE,125.51166729453284,5ec94f241eb07fa1e5b612768a0184d2,False
55759931849,2237 MINNESOTA AVENUE SE,WARD 8,major,5,e48d1ffbdaf258af121ffe585d07f453,NAYLOR ROAD SE AND MINNESOTA AVENUE SE,NAYLOR ROAD SE,MINNESOTA AVENUE SE,130.28092868244548,5ec94f241eb07fa1e5b612768a0184d2,False
56630433157,1001 11TH STREET NW,WARD 2,minor,1,413b135951aedea4bd299d36fc3ed39b,K STREET NW AND 11TH STREET NW,K STREET NW,11TH STREET NW,27.981639083329842,413b135951aedea4bd299d36fc3ed39b,True
56630433157,1001 11TH STREET NW,WARD 2,minor,2,8d4d8076bafbfb58e605de8ac4254e0b,K STREET NW AND 12TH STREET NW,K STREET NW,12TH STREET NW,94.57680413478958,413b135951aedea4bd299d36fc3ed39b,False
56630433157,1001 11TH STREET NW,WARD 2,minor,3,3689680d3d760817f19c3821b58d2185,K STREET NW AND 10TH STREET NW,K STREET NW,10TH STREET NW,95.25556480220718,413b135951aedea4bd299d36fc3ed39b,False
56630433157,1001 11TH STREET NW,WARD 2,minor,4,9379fa31bf984ed8960de0850bf195f0,11TH STREET NW AND L STREET NW,11TH STREET NW,L STREET NW,107.86695697277821,413b135951aedea4bd299d36fc3ed39b,False
56630433157,1001 11TH STREET NW,WARD 2,minor,5,c8c19f7fae54a5e814e058867ffc4a0b,MASSACHUSETTS AVENUE NW AND L STREET NW,MASSACHUSETTS AVENUE NW,L STREET NW,119.49136010692769,413b135951aedea4bd299d36fc3ed39b,False
57208969605,2300 NEW YORK AVENUE NE,WARD 5,pdo,1,06e2fc6c9cfe39f40ef42c606ea170df,BLADENSBURG ROAD NE AND NEW YORK AVENUE NE,BLADENSBURG ROAD NE,NEW YORK AVENUE NE,59.58164685293378,06e2fc6c9cfe39f40ef42c606ea170df,True
57208969605,2300 NEW YORK AVENUE NE,WARD 5,pdo,2,fd775a2b311d65edac1f05a4c0f481ad,QUEENS CHAPEL ROAD NE AND BLADENSBURG ROAD NE,QUEENS CHAPEL ROAD NE,BLADENSBURG ROAD NE,98.18374502493519,06e2fc6c9cfe39f40ef42c606ea170df,False
57208969605,2300 NEW YORK AVENUE NE,WARD 5,pdo,3,85748d2970c50ef7319db14f93a1d9dd,BLADENSBURG ROAD NE AND 24TH PLACE NE,BLADENSBURG ROAD NE,24TH PLACE NE,207.56262661831116,06e2fc6c9cfe39f40ef42c606ea170df,False
57208969605,2300 NEW YORK AVENUE NE,WARD 5,pdo,4,012cf6b92b6c5702814e3f4c17ef68df,24TH STREET NE AND T STREET NE,24TH STREET NE,T STREET NE,247.79176246593596,06e2fc6c9cfe39f40ef42c606ea170df,False
57208969605,2300 NEW YORK AVENUE NE,WARD 5,pdo,5,2198ced7833c3445a3fbaa626e853454,ADAMS PLACE NE AND QUEENS CHAPEL ROAD NE,ADAMS PLACE NE,QUEENS CHAPEL ROAD NE,253.46626504744614,06e2fc6c9cfe39f40ef42c606ea170df,False
55877787170,2301 14TH STREET NW,WARD 1,minor,1,872a7a70204b9dc55227e7f6ac426abd,14TH STREET NW AND FLORIDA AVENUE NW,14TH STREET NW,FLORIDA AVENUE NW,28.725609127872133,872a7a70204b9dc55227e7f6ac426abd,True
55877787170,2301 14TH STREET NW,WARD 1,minor,2,a48498db18f4e6872dab6945ab2f9a45,14TH STREET NW AND BELMONT STREET NW,14TH STREET NW,BELMONT STREET NW,55.57016255091057,872a7a70204b9dc55227e7f6ac426abd,False
55877787170,2301 14TH STREET NW,WARD 1,minor,3,66e1190aa14c045be234a87c997fc726,14TH STREET NW AND BELMONT STREET NW,14TH STREET NW,BELMONT STREET NW,108.43780246021713,872a7a70204b9dc55227e7f6ac426abd,False
55877787170,2301 14TH STREET NW,WARD 1,minor,4,bf12760ce5aef792e527089926d655fc,14TH STREET NW AND W STREET NW,14TH STREET NW,W STREET NW,109.04777265440744,872a7a70204b9dc55227e7f6ac426abd,False
55877787170,2301 14TH STREET NW,WARD 1,minor,5,aa9f4d7bbf435d491aa908980d2cc9bd,14TH STREET NW AND CHAPIN STREET NW,14TH STREET NW,CHAPIN STREET NW,172.09997215871067,872a7a70204b9dc55227e7f6ac426abd,False
54057232047,727 BUTTERNUT STREET NW,WARD 4,minor,1,0ed4889698c47ecc1339ad885ca73bc2,PINEY BRANCH ROAD NW AND BUTTERNUT STREET NW,PINEY BRANCH ROAD NW,BUTTERNUT STREET NW,34.21178456993831,0ed4889698c47ecc1339ad885ca73bc2,True
54057232047,727 BUTTERNUT STREET NW,WARD 4,minor,2,9c0ad5e515f40049e81da66edf22a167,PINEY BRANCH ROAD NW AND HIGHLAND AVENUE NW,PINEY BRANCH ROAD NW,HIGHLAND AVENUE NW,92.14182414458932,0ed4889698c47ecc1339ad885ca73bc2,False
54057232047,727 BUTTERNUT STREET NW,WARD 4,minor,3,7f4a6ed0a4ff66b5d54fa698fc959956,BUTTERNUT STREET NW AND 8TH STREET NW,BUTTERNUT STREET NW,8TH STREET NW,132.91916985886215,0ed4889698c47ecc1339ad885ca73bc2,False
54057232047,727 BUTTERNUT STREET NW,WARD 4,minor,4,7967576f4fae8776b0d072fca1ddf505,BUTTERNUT STREET NW AND 6TH STREET NW,BUTTERNUT STREET NW,6TH STREET NW,136.98202034687043,0ed4889698c47ecc1339ad885ca73bc2,False
54057232047,727 BUTTERNUT STREET NW,WARD 4,minor,5,08601bebf1694614bd300f5f1eae7f2f,PINEY BRANCH ROAD NW AND CEDAR STREET NW,PINEY BRANCH ROAD NW,CEDAR STREET NW,146.88671588459977,0ed4889698c47ecc1339ad885ca73bc2,False
54756583760,400 NEW YORK AVENUE NW,WARD 6,minor,1,7e620166e9c84a7d1b94a3850241b407,INTERSTATE 395 AND NEW YORK AVENUE NW,INTERSTATE 395,NEW YORK AVENUE NW,44.78773613347358,7e620166e9c84a7d1b94a3850241b407,True
54756583760,400 NEW YORK AVENUE NW,WARD 6,minor,2,9d47a4cc5d6545167d158a1cb10ae9f4,NEW YORK AVENUE NW AND INTERSTATE 395,NEW YORK AVENUE NW,INTERSTATE 395,61.14795602938676,7e620166e9c84a7d1b94a3850241b407,False
54756583760,400 NEW YORK AVENUE NW,WARD 6,minor,3,41c402652f4ed7aa5d029f700b477da1,4TH STREET NW AND L STREET NW,4TH STREET NW,L STREET NW,82.34658260371823,7e620166e9c84a7d1b94a3850241b407,False
54756583760,400 NEW YORK AVENUE NW,WARD 6,minor,4,ff618747ad1d51bfc83e43ea34984f10,4TH STREET NW AND CROWDY COURT NW,4TH STREET NW,CROWDY COURT NW,82.84163379255057,7e620166e9c84a7d1b94a3850241b407,False
54756583760,400 NEW YORK AVENUE NW,WARD 6,minor,5,3f3df046ed718ac813e2fafa74e3d541,CROWDY COURT NW AND NEW YORK AVENUE NW,CROWDY COURT NW,CROWDY COURT NW,103.50617417246276,7e620166e9c84a7d1b94a3850241b407,False
60756046429,3101 MOUNT PLEASANT STREET NW,WARD 1,major,1,5e736990ad6565bc96417792be29108c,MOUNT PLEASANT STREET NW AND IRVING STREET NW,MOUNT PLEASANT STREET NW,IRVING STREET NW,14.60653206686972,5e736990ad6565bc96417792be29108c,True
60756046429,3101 MOUNT PLEASANT STREET NW,WARD 1,major,2,0c3a1b982269a1bfede3e22a3b05ed38,IRVING STREET NW AND 16TH STREET NW,IRVING STREET NW,16TH STREET NW,61.17794307240495,5e736990ad6565bc96417792be29108c,False
60756046429,3101 MOUNT PLEASANT STREET NW,WARD 1,major,3,3c834434edfe7cef5ebfea6daf7ab538,15TH STREET NW AND 16TH STREET NW,15TH STREET NW,16TH STREET NW,78.41661455263718,5e736990ad6565bc96417792be29108c,False
60756046429,3101 MOUNT PLEASANT STREET NW,WARD 1,major,4,6e3e1dd6c2088635dd205c39b1dde5f9,IRVING STREET NW AND 15TH STREET NW,IRVING STREET NW,15TH STREET NW,85.38860859595214,5e736990ad6565bc96417792be29108c,False
60756046429,3101 MOUNT PLEASANT STREET NW,WARD 1,major,5,a7e23844a6542692215c928f8910b1e8,HOBART STREET NW AND MOUNT PLEASANT STREET NW,HOBART STREET NW,MOUNT PLEASANT STREET NW,96.78979697150473,5e736990ad6565bc96417792be29108c,False
62213890465,3101 GEORGIA AVENUE NW,WARD 1,major,1,0c7345bf72b8825ca0badbd091d2e19f,IRVING STREET NW AND GEORGIA AVENUE NW,IRVING STREET NW,GEORGIA AVENUE NW,38.56934091258414,0c7345bf72b8825ca0badbd091d2e19f,True
62213890465,3101 GEORGIA AVENUE NW,WARD 1,major,2,e0db12969f35fa53cb3207a82716bc46,KENYON STREET NW AND GEORGIA AVENUE NW,KENYON STREET NW,GEORGIA AVENUE NW,108.5999298443302,0c7345bf72b8825ca0badbd091d2e19f,False
62213890465,3101 GEORGIA AVENUE NW,WARD 1,major,3,f8b0ef8fbafe450a996cc4dddc7a3d98,COLUMBIA ROAD NW AND GEORGIA AVENUE NW,COLUMBIA ROAD NW,GEORGIA AVENUE NW,116.51311009632057,0c7345bf72b8825ca0badbd091d2e19f,False
62213890465,3101 GEORGIA AVENUE NW,WARD 1,major,4,13b853f155997ba9d1f24b7cb376a979,HOBART PLACE NW AND GEORGIA AVENUE NW,HOBART PLACE NW,GEORGIA AVENUE NW,140.4978444918569,0c7345bf72b8825ca0badbd091d2e19f,False
62213890465,3101 GEORGIA AVENUE NW,WARD 1,major,5,fc14a3ad9c7f9ae2c8a74201b890f96e,HOBART PLACE NW AND GEORGIA AVENUE NW,HOBART PLACE NW,GEORGIA AVENUE NW,170.64368097434217,0c7345bf72b8825ca0badbd091d2e19f,False
67525174164,4400 NANNIE HELEN BURROUGHS AVENUE NE,WARD 7,pdo,1,801c290acd7ddd624351eab07c6d43e9,HUNT PLACE NE AND 44TH STREET NE,HUNT PLACE NE,44TH STREET NE,30.6638998204091,0c9ad34a067735125f136f7029979ba0,False
67525174164,4400 NANNIE HELEN BURROUGHS AVENUE NE,WARD 7,pdo,2,0c9ad34a067735125f136f7029979ba0,44TH STREET NE AND NANNIE HELEN BURROUGHS AVENUE NE,44TH STREET NE,NANNIE HELEN BURROUGHS AVENUE NE,33.780369538505816,0c9ad34a067735125f136f7029979ba0,True
67525174164,4400 NANNIE HELEN BURROUGHS AVENUE NE,WARD 7,pdo,3,d881f438ad9cfe0fce76f97a8d3bb2ab,JAY STREET NE AND 44TH STREET NE,JAY STREET NE,44TH STREET NE,89.48558920729963,0c9ad34a067735125f136f7029979ba0,False
67525174164,4400 NANNIE HELEN BURROUGHS AVENUE NE,WARD 7,pdo,4,eeeb772297233a201ec60f6cac8b7a9f,44TH STREET NE AND HAYES STREET NE,44TH STREET NE,HAYES STREET NE,114.3630370015812,0c9ad34a067735125f136f7029979ba0,False
67525174164,4400 NANNIE HELEN BURROUGHS AVENUE NE,WARD 7,pdo,5,b7f990538f13df9768a707000b0e8bc5,45TH PLACE NE AND JAY STREET NE,45TH PLACE NE,JAY STREET NE,138.9348613360111,0c9ad34a067735125f136f7029979ba0,False
68519306686,3000 NASH PLACE SE,WARD 7,fatal,1,ddc68979376660753dca8ae499fae44d,NASH PLACE SE AND 30TH STREET SE,NASH PLACE SE,30TH STREET SE,21.480996786408795,ddc68979376660753dca8ae499fae44d,True
68519306686,3000 NASH PLACE SE,WARD 7,fatal,2,db2fa43f008aa2ad69c45865c5f84532,30TH STREET SE AND N STREET SE,30TH STREET SE,N STREET SE,90.1500456781612,ddc68979376660753dca8ae499fae44d,False
68519306686,3000 NASH PLACE SE,WARD 7,fatal,3,030b4d6ce09caf036f82f4271ad3e8a1,O STREET SE AND 30TH STREET SE,O STREET SE,30TH STREET SE,101.49399292867312,ddc68979376660753dca8ae499fae44d,False
68519306686,3000 NASH PLACE SE,WARD 7,fatal,4,1edc5b3fc80cd571f3aeb6fbd2b16a1e,30TH STREET SE AND ANACOSTIA ROAD SE,30TH STREET SE,ANACOSTIA ROAD SE,112.54084685964786,ddc68979376660753dca8ae499fae44d,False
68519306686,3000 NASH PLACE SE,WARD 7,fatal,5,b0e9bc3a5ddc37f5046fa74463502e7e,ANACOSTIA ROAD SE AND NELSON PLACE SE,ANACOSTIA ROAD SE,NELSON PLACE SE,143.08141282525415,ddc68979376660753dca8ae499fae44d,False
66101428023,3663 GEORGIA AVENUE NW,WARD 1,pdo,1,7ef29e9c2fb92a905f314f5ef8724e7e,NEW HAMPSHIRE AVENUE NW AND ROCK CREEK CHURCH ROAD NW,NEW HAMPSHIRE AVENUE NW,ROCK CREEK CHURCH ROAD NW,16.812945883171697,7ef29e9c2fb92a905f314f5ef8724e7e,True
66101428023,3663 GEORGIA AVENUE NW,WARD 1,pdo,2,bb26842862cfb5889bc2a3a652694816,GEORGIA AVENUE NW AND QUEBEC PLACE NW,GEORGIA AVENUE NW,QUEBEC PLACE NW,68.32841848222913,7ef29e9c2fb92a905f314f5ef8724e7e,False
66101428023,3663 GEORGIA AVENUE NW,WARD 1,pdo,3,a364ae0d6ee916d1ae4062eaccca8c14,8TH STREET NW AND ROCK CREEK CHURCH ROAD NW,8TH STREET NW,ROCK CREEK CHURCH ROAD NW,92.92406398118271,7ef29e9c2fb92a905f314f5ef8724e7e,False
66101428023,3663 GEORGIA AVENUE NW,WARD 1,pdo,4,f89bd4f906159b4c17434cbedaae1896,ROCK CREEK CHURCH ROAD NW AND 9TH STREET NW,ROCK CREEK CHURCH ROAD NW,9TH STREET NW,99.50668609085717,7ef29e9c2fb92a905f314f5ef8724e7e,False
66101428023,3663 GEORGIA AVENUE NW,WARD 1,pdo,5,e12d2c23f97322835ee2fe42ef3a7bce,PRINCETON PLACE NW AND GEORGIA AVENUE NW,PRINCETON PLACE NW,GEORGIA AVENUE NW,126.516013026267,7ef29e9c2fb92a905f314f5ef8724e7e,False
57276361272,104 KENILWORTH AVENUE NE,WARD 7,pdo,1,ae5f33c6d669362c90dabb68fa6347f6,AMES STREET NE AND KENILWORTH AVENUE NE,AMES STREET NE,KENILWORTH AVENUE NE,23.795838415872485,ae5f33c6d669362c90dabb68fa6347f6,True
57276361272,104 KENILWORTH AVENUE NE,WARD 7,pdo,2,ce441b9a9ed556c899dbbde5938e1df9,KENILWORTH AVENUE NE AND ALDEN PLACE NE,KENILWORTH AVENUE NE,ALDEN PLACE NE,72.23931910655571,ae5f33c6d669362c90dabb68fa6347f6,False
57276361272,104 KENILWORTH AVENUE NE,WARD 7,pdo,3,412b63cb823ae83b4c3f6f62ae0893d3,KENILWORTH AVENUE NE AND EAST CAPITOL STREET NE,KENILWORTH AVENUE NE,EAST CAPITOL STREET NE,75.03216243129512,ae5f33c6d669362c90dabb68fa6347f6,False
57276361272,104 KENILWORTH AVENUE NE,WARD 7,pdo,4,31828e9fb642d2a6d09d0a8a133a590e,KENILWORTH AVENUE NE NORTHBOUND AND RAMP FROM EAST CAPITOL STREET EASTBOUND,KENILWORTH AVENUE NE,EAST CAPITOL STREET,128.37148673459345,ae5f33c6d669362c90dabb68fa6347f6,False
57276361272,104 KENILWORTH AVENUE NE,WARD 7,pdo,5,03aaf2f11aa5288158fad9bc2844a0c9,KENILWORTH AVENUE NE SOUTHBOUND AND RAMP TO EAST CAPITOL STREET WESTBOUND,KENILWORTH AVENUE NE,EAST CAPITOL STREET,144.84222393601374,ae5f33c6d669362c90dabb68fa6347f6,False
55192034018,217 56TH STREET NE,WARD 7,major,1,b52f9bc7a7e44986ba7ea940d0bcb87c,BLAINE STREET NE AND 56TH STREET NE,BLAINE STREET NE,56TH STREET NE,60.33060140706381,b52f9bc7a7e44986ba7ea940d0bcb87c,True
55192034018,217 56TH STREET NE,WARD 7,major,2,98683d8ef7b7fc60a2f49c17bc89d148,BLAINE STREET NE AND 56TH PLACE NE,BLAINE STREET NE,56TH PLACE NE,91.95878185913924,b52f9bc7a7e44986ba7ea940d0bcb87c,False
55192034018,217 56TH STREET NE,WARD 7,major,3,32588bc500cc0552c30e05f1d0c3c023,55TH STREET NE AND BLAINE STREET NE,55TH STREET NE,BLAINE STREET NE,108.24537431477967,b52f9bc7a7e44986ba7ea940d0bcb87c,False
55192034018,217 56TH STREET NE,WARD 7,major,4,6b39bd05e62113a3c6820081feeb5872,55TH STREET NE AND CLAY STREET NE,55TH STREET NE,CLAY STREET NE,127.59748182234131,b52f9bc7a7e44986ba7ea940d0bcb87c,False
55192034018,217 56TH STREET NE,WARD 7,major,5,cc9ca114508415f88c2882632e1650f6,AMES STREET NE AND 55TH STREET NE,AMES STREET NE,55TH STREET NE,156.03937669525487,b52f9bc7a7e44986ba7ea940d0bcb87c,False
61399965342,908 WAHLER PLACE SE,WARD 8,pdo,1,a8a94366dc2490e9332a0a8aeefa6c7b,WAHLER PLACE SE AND 9TH STREET SE,WAHLER PLACE SE,9TH STREET SE,70.34911314459133,a8a94366dc2490e9332a0a8aeefa6c7b,True
61399965342,908 WAHLER PLACE SE,WARD 8,pdo,2,879f08486877ecbab845f5be6d56603e,VARNEY STREET SE AND WHEELER ROAD SE,VARNEY STREET SE,WHEELER ROAD SE,102.25649512946012,a8a94366dc2490e9332a0a8aeefa6c7b,False
61399965342,908 WAHLER PLACE SE,WARD 8,pdo,3,b59c1f1a93692af4c9d71db0596f953a,WHEELER ROAD SE AND WAHLER PLACE SE,WHEELER ROAD SE,WAHLER PLACE SE,111.29719018291136,a8a94366dc2490e9332a0a8aeefa6c7b,False
61399965342,908 WAHLER PLACE SE,WARD 8,pdo,4,87e607540ed0eef7cf6eaae660fcf9e7,9TH STREET SE AND XENIA STREET SE,9TH STREET SE,XENIA STREET SE,124.18907164012414,a8a94366dc2490e9332a0a8aeefa6c7b,False
61399965342,908 WAHLER PLACE SE,WARD 8,pdo,5,51d8940298c67f40782c3082d277c2ff,YUMA STREET SE AND 9TH STREET SE,YUMA STREET SE,9TH STREET SE,173.4402582044875,a8a94366dc2490e9332a0a8aeefa6c7b,False
66026019239,2701 NAYLOR ROAD SE,WARD 8,major,1,81daf17ef8cc579d9c4132587255070b,ALABAMA AVENUE SE AND NAYLOR ROAD SE,ALABAMA AVENUE SE,NAYLOR ROAD SE,39.79114723062097,81daf17ef8cc579d9c4132587255070b,True
66026019239,2701 NAYLOR ROAD SE,WARD 8,major,2,34caed4f9679d8a2589eff9e0432d2ab,ALABAMA AVENUE SE AND TOWN CENTER DRIVE SE,ALABAMA AVENUE SE,TOWN CENTER DRIVE SE,133.52343813491166,81daf17ef8cc579d9c4132587255070b,False
66026019239,2701 NAYLOR ROAD SE,WARD 8,major,3,34caed4f9679d8a2589eff9e0432d2ab,ALABAMA AVENUE SE AND MARION BARRY AVENUE SE,ALABAMA AVENUE SE,MARION BARRY AVENUE SE,133.5234775337234,81daf17ef8cc579d9c4132587255070b,False
66026019239,2701 NAYLOR ROAD SE,WARD 8,major,4,f3178988ff803c2caee189e0a7484665,NAYLOR ROAD SE AND DENVER STREET SE,NAYLOR ROAD SE,DENVER STREET SE,147.13506408741503,81daf17ef8cc579d9c4132587255070b,False
66026019239,2701 NAYLOR ROAD SE,WARD 8,major,5,5c319417b9b8a791ce437677d5a0b6c3,25TH STREET SE AND WAGNER STREET SE,25TH STREET SE,WAGNER STREET SE,153.67605115566303,81daf17ef8cc579d9c4132587255070b,False
64140951370,400 VIRGINIA AVENUE SW,WARD 2,minor,1,e43e0e881826037bb90ed548ff104cae,4TH STREET SW AND SCHOOL STREET SW,4TH STREET SW,SCHOOL STREET SW,55.608726934227,7d11772eccfe6044cd20b65a20c21e9b,False
64140951370,400 VIRGINIA AVENUE SW,WARD 2,minor,2,7d11772eccfe6044cd20b65a20c21e9b,4TH STREET SW AND VIRGINIA AVENUE SW,4TH STREET SW,VIRGINIA AVENUE SW,75.37210371305704,7d11772eccfe6044cd20b65a20c21e9b,True
64140951370,400 VIRGINIA AVENUE SW,WARD 2,minor,3,a6ffd13fc65fe44b1209225542e7d2c7,E STREET SW AND 4TH STREET SW,E STREET SW,4TH STREET SW,94.53296043176704,7d11772eccfe6044cd20b65a20c21e9b,False
64140951370,400 VIRGINIA AVENUE SW,WARD 2,minor,4,af3b295da7513e2c18bf322ec6e2ef2e,4TH STREET SW AND VIRGINIA AVENUE SW,4TH STREET SW,VIRGINIA AVENUE SW,100.38912503932727,7d11772eccfe6044cd20b65a20c21e9b,False
64140951370,400 VIRGINIA AVENUE SW,WARD 2,minor,5,f93f5070e3320b214b4a28b74183175f,D STREET SW AND VIRGINIA AVENUE SW,D STREET SW,VIRGINIA AVENUE SW,133.6263856704989,7d11772eccfe6044cd20b65a20c21e9b,False
67292639212,925 7TH STREET SW,WARD 6,major,1,c7e2bb80693e1af84ea1b53d1929cfab,MAINE AVENUE SW AND 7TH STREET SW,MAINE AVENUE SW,7TH STREET SW,29.951435462295755,6536bfbd7027cd5c44377e0a7168d2ec,False
67292639212,925 7TH STREET SW,WARD 6,major,2,f5234f9891973a60bb1f3e33c06185b3,WATER STREET SW AND 7TH STREET SW,WATER STREET SW,7TH STREET SW,64.17663650476781,6536bfbd7027cd5c44377e0a7168d2ec,False
67292639212,925 7TH STREET SW,WARD 6,major,3,1357b56b81b9e26748eaa4cd2b3318dd,PEARL STREET SW AND MAINE AVENUE SW,PEARL STREET SW,MAINE AVENUE SW,78.02489902981539,6536bfbd7027cd5c44377e0a7168d2ec,False
67292639212,925 7TH STREET SW,WARD 6,major,4,c592914270ce23b195c3e0be990170ee,7TH STREET SW AND WHARF STREET SW,7TH STREET SW,WHARF STREET SW,93.29535965169165,6536bfbd7027cd5c44377e0a7168d2ec,False
67292639212,925 7TH STREET SW,WARD 6,major,5,968e6e7ab736560ac08940e9f8a31f08,WATER STREET SW AND PEARL STREET SW,WATER STREET SW,PEARL STREET SW,95.09198622194748,6536bfbd7027cd5c44377e0a7168d2ec,False
57198450982,1170 ABBEY PLACE NE,WARD 6,minor,1,e50c400890d1aa439f341791437ea8c4,M STREET NE AND ABBEY PLACE NE,M STREET NE,ABBEY PLACE NE,17.515033436662005,e50c400890d1aa439f341791437ea8c4,True
57198450982,1170 ABBEY PLACE NE,WARD 6,minor,2,a1d0d587efcb348c5b70923b4798a969,M STREET NE AND 4TH STREET NE,M STREET NE,4TH STREET NE,64.96954334308337,e50c400890d1aa439f341791437ea8c4,False
57198450982,1170 ABBEY PLACE NE,WARD 6,minor,3,2adfc8f7f16953514269ef845be2922d,M STREET NE AND 3RD STREET NE,M STREET NE,3RD STREET NE,66.59610269724024,e50c400890d1aa439f341791437ea8c4,False
57198450982,1170 ABBEY PLACE NE,WARD 6,minor,4,934f18353cdd428b4093a3cdae5f33cb,DELAWARE AVENUE NE AND M STREET NE,DELAWARE AVENUE NE,M STREET NE,153.54507329080607,e50c400890d1aa439f341791437ea8c4,False
57198450982,1170 ABBEY PLACE NE,WARD 6,minor,5,7cd5ff927c3627efb045eab983ac784f,M STREET NE AND 5TH STREET NE,M STREET NE,5TH STREET NE,156.06479950598717,e50c400890d1aa439f341791437ea8c4,False
56924971192,3132 RHODE ISLAND AVENUE NE,WARD 5,pdo,1,d7c75dc1ec5bcd6e6034b8efad65947e,EASTERN AVENUE NE AND RHODE ISLAND AVENUE NE,EASTERN AVENUE NE,RHODE ISLAND AVENUE NE,45.458939476403714,7bd9166491a3883549c866f463c83e55,False
56924971192,3132 RHODE ISLAND AVENUE NE,WARD 5,pdo,2,7bd9166491a3883549c866f463c83e55,RHODE ISLAND AVENUE NE AND OTIS STREET NE,RHODE ISLAND AVENUE NE,OTIS STREET NE,54.897272742142604,7bd9166491a3883549c866f463c83e55,True
56924971192,3132 RHODE ISLAND AVENUE NE,WARD 5,pdo,3,4c88087aa17383c8206f7a97d4dfe0a7,31ST PLACE NE AND EASTERN AVENUE NE,31ST PLACE NE,EASTERN AVENUE NE,69.79017645298848,7bd9166491a3883549c866f463c83e55,False
56924971192,3132 RHODE ISLAND AVENUE NE,WARD 5,pdo,4,0aba2a034e617e55288b793353138fe5,31ST PLACE NE AND OTIS STREET NE,31ST PLACE NE,OTIS STREET NE,71.5007687117086,7bd9166491a3883549c866f463c83e55,False
56924971192,3132 RHODE ISLAND AVENUE NE,WARD 5,pdo,5,60b5ade335e0059085f482c41da1e073,PERRY STREET NE AND EASTERN AVENUE NE,PERRY STREET NE,EASTERN AVENUE NE,112.32899274274075,7bd9166491a3883549c866f463c83e55,False
64839063817,1300 U STREET NW,WARD 1,pdo,1,46023dd7628bfaee4116ea951250fcf2,13TH STREET NW AND WALLACH PLACE NW,13TH STREET NW,WALLACH PLACE NW,43.8220578855127,46023dd7628bfaee4116ea951250fcf2,True
64839063817,1300 U STREET NW,WARD 1,pdo,2,e22b6cf4c8b492df313019a6f36f2f04,U STREET NW AND 13TH STREET NW,U STREET NW,13TH STREET NW,53.40106146122936,46023dd7628bfaee4116ea951250fcf2,False
64839063817,1300 U STREET NW,WARD 1,pdo,3,3ff323f17ce6d0b1acb0efe63e39c33e,13TH STREET NW AND T STREET NW,13TH STREET NW,T STREET NW,116.43806839066949,46023dd7628bfaee4116ea951250fcf2,False
64839063817,1300 U STREET NW,WARD 1,pdo,4,310240b8c308e1ac8efada01caa586f5,U STREET NW AND BEN ALI WAY NW,U STREET NW,BEN ALI WAY NW,121.77802637275661,46023dd7628bfaee4116ea951250fcf2,False
64839063817,1300 U STREET NW,WARD 1,pdo,5,1a82fa7d48d985c2bde2f7346ec4f328,CEDAR COURT NW AND T STREET NW,CEDAR COURT NW,T STREET NW,134.58021228894725,46023dd7628bfaee4116ea951250fcf2,False
69642783026,390 I STREET SW,WARD 6,major,1,4c75aa377a158b9d9f2c9732160792d8,4TH STREET SW AND I STREET SW,4TH STREET SW,I STREET SW,25.968347239986667,4c75aa377a158b9d9f2c9732160792d8,True
69642783026,390 I STREET SW,WARD 6,major,2,dfb57fae2a384b9486d08f0520227f21,MAPLE DRIVE SW AND 4TH STREET SW,MAPLE DRIVE SW,4TH STREET SW,45.83493678012437,4c75aa377a158b9d9f2c9732160792d8,False
69642783026,390 I STREET SW,WARD 6,major,3,2c59c3a981b3989df2e69777fd232013,WESLEY PLACE SW AND I STREET SW,WESLEY PLACE SW,I STREET SW,116.60772022675245,4c75aa377a158b9d9f2c9732160792d8,False
69642783026,390 I STREET SW,WARD 6,major,4,9792731f2d88af1814e7e681749c3e03,I STREET SW AND MAKEMIE PLACE SW,I STREET SW,MAKEMIE PLACE SW,118.70690717586787,4c75aa377a158b9d9f2c9732160792d8,False
69642783026,390 I STREET SW,WARD 6,major,5,41f220d4e8712b60807b652463fc519d,WESLEY PLACE SW AND MAPLE DRIVE SW,WESLEY PLACE SW,MAPLE DRIVE SW,123.14429753532988,4c75aa377a158b9d9f2c9732160792d8,False
54077984995,"FLORIDA AVENUE NE
WASHINGTON,",WARD 5,pdo,1,fb2ba4911387fac685c89c4a14de8836,ECKINGTON PLACE NE AND FLORIDA AVENUE NE,ECKINGTON PLACE NE,FLORIDA AVENUE NE,0.6691044399825284,a637d6d28b4123a90d8663e42c1e559b,False
54077984995,"FLORIDA AVENUE NE
WASHINGTON,",WARD 5,pdo,2,fb2ba4911387fac685c89c4a14de8836,1ST STREET NE AND FLORIDA AVENUE NE,1ST STREET NE,FLORIDA AVENUE NE,0.6691050673562297,a637d6d28b4123a90d8663e42c1e559b,False
54077984995,"FLORIDA AVENUE NE
WASHINGTON,",WARD 5,pdo,3,f58d995ee2327b19c0ff94910468b1cd,NEW YORK AVENUE NE AND FLORIDA AVENUE NE,NEW YORK AVENUE NE,FLORIDA AVENUE NE,73.48047565014971,a637d6d28b4123a90d8663e42c1e559b,False
54077984995,"FLORIDA AVENUE NE
WASHINGTON,",WARD 5,pdo,4,5550184a53d9dd124c0f9b81fea894c1,1ST STREET NE AND NEW YORK AVENUE NE,1ST STREET NE,NEW YORK AVENUE NE,97.34680324043592,a637d6d28b4123a90d8663e42c1e559b,False
54077984995,"FLORIDA AVENUE NE
WASHINGTON,",WARD 5,pdo,5,0866c1c163ecdc48b21b91acb0272212,FLORIDA AVENUE NE AND P STREET NE,FLORIDA AVENUE NE,P STREET NE,123.59763575144449,a637d6d28b4123a90d8663e42c1e559b,False
57527500986,4717 1ST STREET SW,WARD 8,pdo,1,098a9098f6341cea8799fe2aa5a7400f,1ST STREET SW AND SOUTH CAPITOL STREET,1ST STREET SW,SOUTH CAPITOL STREET,38.3719900092513,098a9098f6341cea8799fe2aa5a7400f,True
57527500986,4717 1ST STREET SW,WARD 8,pdo,2,279f59f2d73d4fe01e0090cf11b71d68,1ST STREET SE AND GALVESTON STREET SW,1ST STREET SE,GALVESTON STREET SW,79.38405617342328,098a9098f6341cea8799fe2aa5a7400f,False
57527500986,4717 1ST STREET SW,WARD 8,pdo,3,bb464edb2959124c7a031ad88321bfb9,FORRESTER STREET SE AND 1ST STREET SE,FORRESTER STREET SE,1ST STREET SE,190.7268922164619,098a9098f6341cea8799fe2aa5a7400f,False
57527500986,4717 1ST STREET SW,WARD 8,pdo,4,20eed7ec2a52d3330c190e91b2917d64,JOLIET STREET SW AND 1ST STREET SW,JOLIET STREET SW,1ST STREET SW,190.79665214406623,098a9098f6341cea8799fe2aa5a7400f,False
57527500986,4717 1ST STREET SW,WARD 8,pdo,5,7ede738c3f05389fa059a42c8e31a3d1,FORRESTER STREET SW AND SOUTH CAPITOL STREET,FORRESTER STREET SW,SOUTH CAPITOL STREET,212.13789457775633,098a9098f6341cea8799fe2aa5a7400f,False
66373138687,301 K STREET NE,WARD 6,major,1,589679a79768f2b8f165755751dbd922,K STREET NE AND 3RD STREET NE,K STREET NE,3RD STREET NE,29.701430473407374,589679a79768f2b8f165755751dbd922,True
66373138687,301 K STREET NE,WARD 6,major,2,ba0e090e51601d2e2cb0ff8914bd5fef,3RD STREET NE AND PARKER STREET NE,3RD STREET NE,PARKER STREET NE,43.83222468991132,589679a79768f2b8f165755751dbd922,False
66373138687,301 K STREET NE,WARD 6,major,3,47dbec5110a66239c4bc9aff6f3c9af4,3RD STREET NE AND I STREET NE,3RD STREET NE,I STREET NE,102.33052594143997,589679a79768f2b8f165755751dbd922,False
66373138687,301 K STREET NE,WARD 6,major,4,c3d95d96413c9795e5b1badc19835cb0,K STREET NE AND 4TH STREET NE,K STREET NE,4TH STREET NE,130.20917589062663,589679a79768f2b8f165755751dbd922,False
66373138687,301 K STREET NE,WARD 6,major,5,818cb9e9c20bae6a05710ba2c213799f,K STREET NE AND 2ND STREET NE,K STREET NE,2ND STREET NE,135.86732950018293,589679a79768f2b8f165755751dbd922,False
65656433866,800 16TH STREET NW,WARD 2,pdo,1,2c3f3fab58a593ee1aeb40f7be957c8b,16TH STREET NW AND H STREET NW,16TH STREET NW,H STREET NW,65.4991198539319,2c3f3fab58a593ee1aeb40f7be957c8b,True
65656433866,800 16TH STREET NW,WARD 2,pdo,2,8a106c7d18f1f70f87946d3c346eae21,JACKSON PLACE NW AND H STREET NW,JACKSON PLACE NW,H STREET NW,73.56988103562368,2c3f3fab58a593ee1aeb40f7be957c8b,False
65656433866,800 16TH STREET NW,WARD 2,pdo,3,dd84fa6298afcc3e8d4d542260fb87a7,I STREET NW AND 16TH STREET NW,I STREET NW,16TH STREET NW,109.01599191607151,2c3f3fab58a593ee1aeb40f7be957c8b,False
65656433866,800 16TH STREET NW,WARD 2,pdo,4,d617b9067d2ee1c386e5c7f68993a0dd,I STREET NW AND 17TH STREET NW,I STREET NW,17TH STREET NW,147.50131841269632,2c3f3fab58a593ee1aeb40f7be957c8b,False
65656433866,800 16TH STREET NW,WARD 2,pdo,5,6fa54f82b4dc57caf643a6c09ae4196e,MADISON PLACE NW AND H STREET NW,MADISON PLACE NW,H STREET NW,182.47973023324928,2c3f3fab58a593ee1aeb40f7be957c8b,False
54314839876,4401 HAYES STREET NE,WARD 7,minor,1,eeeb772297233a201ec60f6cac8b7a9f,44TH STREET NE AND HAYES STREET NE,44TH STREET NE,HAYES STREET NE,18.30008985933106,eeeb772297233a201ec60f6cac8b7a9f,True
54314839876,4401 HAYES STREET NE,WARD 7,minor,2,adff824a1ae7909335afd87ccb117dc5,44TH STREET NE AND GAULT PLACE NE,44TH STREET NE,GAULT PLACE NE,76.86529057297733,eeeb772297233a201ec60f6cac8b7a9f,False
54314839876,4401 HAYES STREET NE,WARD 7,minor,3,0c9ad34a067735125f136f7029979ba0,44TH STREET NE AND NANNIE HELEN BURROUGHS AVENUE NE,44TH STREET NE,NANNIE HELEN BURROUGHS AVENUE NE,94.12990299081288,eeeb772297233a201ec60f6cac8b7a9f,False
54314839876,4401 HAYES STREET NE,WARD 7,minor,4,801c290acd7ddd624351eab07c6d43e9,HUNT PLACE NE AND 44TH STREET NE,HUNT PLACE NE,44TH STREET NE,123.68796056986795,eeeb772297233a201ec60f6cac8b7a9f,False
54314839876,4401 HAYES STREET NE,WARD 7,minor,5,ab7b382a4f8aa8e40e85261b6464a24e,NANNIE HELEN BURROUGHS AVENUE NE AND HAYES STREET NE,NANNIE HELEN BURROUGHS AVENUE NE,HAYES STREET NE,140.61989809619175,eeeb772297233a201ec60f6cac8b7a9f,False
66845449036,1638 15TH STREET NW,WARD 2,minor,1,560a1a90768861d85af7d894c5e0bc98,R STREET NW AND 15TH STREET NW,R STREET NW,15TH STREET NW,23.21892499153889,560a1a90768861d85af7d894c5e0bc98,True
66845449036,1638 15TH STREET NW,WARD 2,minor,2,9efcc79d62ee03a31a8b9e48625f630f,CORCORAN STREET NW AND 15TH STREET NW,CORCORAN STREET NW,15TH STREET NW,85.37036049820529,560a1a90768861d85af7d894c5e0bc98,False
66845449036,1638 15TH STREET NW,WARD 2,minor,3,d4567bc04da5a89f54e9b5a475854705,JOHNSON AVENUE NW AND R STREET NW,JOHNSON AVENUE NW,R STREET NW,136.13789402561054,560a1a90768861d85af7d894c5e0bc98,False
66845449036,1638 15TH STREET NW,WARD 2,minor,4,cd1c8616fed712b52eac6872543a00c1,R STREET NW AND 16TH STREET NW,R STREET NW,16TH STREET NW,146.7845697479292,560a1a90768861d85af7d894c5e0bc98,False
66845449036,1638 15TH STREET NW,WARD 2,minor,5,2c25166c3a8fb23baa3d58672b4aef1f,15TH STREET NW AND S STREET NW,15TH STREET NW,S STREET NW,166.48606079669614,560a1a90768861d85af7d894c5e0bc98,False
56003894134,4901 SHEPHERD PARKWAY SW,WARD 8,fatal,1,df7de51749cf62c0a05d6a934032bf08,SHEPHERD PARKWAY SW AND BLUE PLAINS DRIVE SW,SHEPHERD PARKWAY SW,BLUE PLAINS DRIVE SW,141.05568963663222,df7de51749cf62c0a05d6a934032bf08,True
56003894134,4901 SHEPHERD PARKWAY SW,WARD 8,fatal,2,07ef66e9c8e5164b8a08238f2ef2e3fe,PERIMETER EAST ROAD SW AND SOLIDS ROAD SW,PERIMETER EAST ROAD SW,SOLIDS ROAD SW,230.144581570579,df7de51749cf62c0a05d6a934032bf08,False
56003894134,4901 SHEPHERD PARKWAY SW,WARD 8,fatal,3,deb1e37493a92e641b877acf49726bf0,PERIMETER EAST ROAD SW AND AERATION ROAD SW,PERIMETER EAST ROAD SW,AERATION ROAD SW,309.0146825021948,df7de51749cf62c0a05d6a934032bf08,False
56003894134,4901 SHEPHERD PARKWAY SW,WARD 8,fatal,4,90b35e76c2269fe16b0dfb51cf88503f,BLUE PLAINS DRIVE SW AND DC VILLAGE LANE SW,BLUE PLAINS DRIVE SW,DC VILLAGE LANE SW,331.825861283226,df7de51749cf62c0a05d6a934032bf08,False
56003894134,4901 SHEPHERD PARKWAY SW,WARD 8,fatal,5,14f3de7b5152d18333b4fa1d9bcadd2f,DC VILLAGE LANE SW AND SUCCESS AVENUE SW,DC VILLAGE LANE SW,SUCCESS AVENUE SW,414.37581430413974,df7de51749cf62c0a05d6a934032bf08,False
70254733550,815 T STREET NW,WARD 1,pdo,1,fe408eaa596ff47aacc599cdd598b2c3,9TH STREET NW AND T STREET NW,9TH STREET NW,T STREET NW,46.45819548493255,fe408eaa596ff47aacc599cdd598b2c3,True
70254733550,815 T STREET NW,WARD 1,pdo,2,d672e9d678f4a665dfe5521716653ad3,8TH STREET NW AND T STREET NW,8TH STREET NW,T STREET NW,48.991209134181126,fe408eaa596ff47aacc599cdd598b2c3,False
70254733550,815 T STREET NW,WARD 1,pdo,3,e2231db6bcd71c232976f080f2229ff0,WESTMINSTER STREET NW AND 9TH STREET NW,WESTMINSTER STREET NW,9TH STREET NW,109.03955060183372,fe408eaa596ff47aacc599cdd598b2c3,False
70254733550,815 T STREET NW,WARD 1,pdo,4,1cca1fa4dbe75d26afef2bdc0437b2ca,FLORIDA AVENUE NW AND 8TH STREET NW,FLORIDA AVENUE NW,8TH STREET NW,118.04652513535703,fe408eaa596ff47aacc599cdd598b2c3,False
70254733550,815 T STREET NW,WARD 1,pdo,5,d74d86e14dbaf93c792a36a8d95f2b3f,7TH STREET NW AND T STREET NW,7TH STREET NW,T STREET NW,135.62785942605063,fe408eaa596ff47aacc599cdd598b2c3,False
57935511996,1746 33RD PLACE SE,WARD 7,major,1,cf26d1be7bc119ed029041f9ad9e43f5,33RD PLACE SE AND PENNSYLVANIA AVENUE SE,33RD PLACE SE,PENNSYLVANIA AVENUE SE,31.833038976962072,cf26d1be7bc119ed029041f9ad9e43f5,True
57935511996,1746 33RD PLACE SE,WARD 7,major,2,0f98247ef4fa293e99191ba88e11ee0a,PENNSYLVANIA AVENUE SE AND TEXAS AVENUE SE,PENNSYLVANIA AVENUE SE,TEXAS AVENUE SE,115.04715009125462,cf26d1be7bc119ed029041f9ad9e43f5,False
57935511996,1746 33RD PLACE SE,WARD 7,major,3,c4af72a5a5560db11711a842419275fe,O STREET SE AND CARPENTER STREET SE,O STREET SE,CARPENTER STREET SE,124.63676118668545,cf26d1be7bc119ed029041f9ad9e43f5,False
57935511996,1746 33RD PLACE SE,WARD 7,major,4,22a9ee1fd1c042283aaa38c8dc0f1505,PENNSYLVANIA AVENUE SE AND 33RD STREET SE,PENNSYLVANIA AVENUE SE,33RD STREET SE,133.6719611798515,cf26d1be7bc119ed029041f9ad9e43f5,False
57935511996,1746 33RD PLACE SE,WARD 7,major,5,95a9e87460ecaf48cfecf92d792c395c,CARPENTER STREET SE AND 33RD PLACE SE,CARPENTER STREET SE,33RD PLACE SE,140.37616545930848,cf26d1be7bc119ed029041f9ad9e43f5,False
63948927966,1216 SARATOGA AVENUE NE,WARD 5,pdo,1,29d02f11474853231e4eee956107181c,RHODE ISLAND AVENUE NE AND DOUGLAS STREET NE,RHODE ISLAND AVENUE NE,DOUGLAS STREET NE,75.35446362907338,aac650bba16146c167375f2e19ec57d9,False
63948927966,1216 SARATOGA AVENUE NE,WARD 5,pdo,2,aac650bba16146c167375f2e19ec57d9,SARATOGA AVENUE NE AND RHODE ISLAND AVENUE NE,SARATOGA AVENUE NE,RHODE ISLAND AVENUE NE,79.04204966930304,aac650bba16146c167375f2e19ec57d9,True
63948927966,1216 SARATOGA AVENUE NE,WARD 5,pdo,3,5360160f881016a446aacd1184d0d630,BRENTWOOD ROAD NE AND SARATOGA AVENUE NE,BRENTWOOD ROAD NE,SARATOGA AVENUE NE,107.39425691437299,aac650bba16146c167375f2e19ec57d9,False
63948927966,1216 SARATOGA AVENUE NE,WARD 5,pdo,4,86d8238e28601753d0e20bfc6632d099,DOUGLAS STREET NE AND 12TH STREET NE,DOUGLAS STREET NE,12TH STREET NE,119.15481506549293,aac650bba16146c167375f2e19ec57d9,False
63948927966,1216 SARATOGA AVENUE NE,WARD 5,pdo,5,98725f6b164510205ec210830c7ad644,12TH STREET NE AND BRYANT STREET NE,12TH STREET NE,BRYANT STREET NE,120.1453510082197,aac650bba16146c167375f2e19ec57d9,False
60371479821,1151 BLADENSBURG ROAD NE,WARD 5,minor,1,627483aa66585f4d39bb6b8d41e0ec25,LYMAN PLACE NE AND BLADENSBURG ROAD NE,LYMAN PLACE NE,BLADENSBURG ROAD NE,27.696379743659268,99d3eb60e28f3db6c1f363a95bc394a9,False
60371479821,1151 BLADENSBURG ROAD NE,WARD 5,minor,2,99d3eb60e28f3db6c1f363a95bc394a9,MEIGS PLACE NE AND BLADENSBURG ROAD NE,MEIGS PLACE NE,BLADENSBURG ROAD NE,44.209577081205985,99d3eb60e28f3db6c1f363a95bc394a9,True
60371479821,1151 BLADENSBURG ROAD NE,WARD 5,minor,3,735439af71fb7383a4bc9ee45139d619,M STREET NE AND BLADENSBURG ROAD NE,M STREET NE,BLADENSBURG ROAD NE,77.48419383449965,99d3eb60e28f3db6c1f363a95bc394a9,False
60371479821,1151 BLADENSBURG ROAD NE,WARD 5,minor,4,29e8bf77f190d5c9c158af612289b0b6,17TH STREET NE AND LYMAN PLACE NE,17TH STREET NE,LYMAN PLACE NE,77.50325206717736,99d3eb60e28f3db6c1f363a95bc394a9,False
60371479821,1151 BLADENSBURG ROAD NE,WARD 5,minor,5,ce36354e9699e74ed66cc475ef6f5ddc,LANG PLACE NE AND BLADENSBURG ROAD NE,LANG PLACE NE,BLADENSBURG ROAD NE,87.38327468139698,99d3eb60e28f3db6c1f363a95bc394a9,False
67568565332,4929 KANSAS AVENUE NW,WARD 4,minor,1,166d86b04d965dd03f979ebd56a988a5,FARRAGUT STREET NW AND KANSAS AVENUE NW,FARRAGUT STREET NW,KANSAS AVENUE NW,38.02479597664675,166d86b04d965dd03f979ebd56a988a5,True
67568565332,4929 KANSAS AVENUE NW,WARD 4,minor,2,8db12ca0a9fc83d744cf3ab0038223eb,5TH STREET NW AND FARRAGUT STREET NW,5TH STREET NW,FARRAGUT STREET NW,77.66486845685071,166d86b04d965dd03f979ebd56a988a5,False
67568565332,4929 KANSAS AVENUE NW,WARD 4,minor,3,96dbaf7ca873116e750d6f7b8690f053,KANSAS AVENUE NW AND 5TH STREET NW,KANSAS AVENUE NW,5TH STREET NW,88.08538693204167,166d86b04d965dd03f979ebd56a988a5,False
67568565332,4929 KANSAS AVENUE NW,WARD 4,minor,4,1f37717d159754f335c3169c2c96d2cc,FARRAGUT STREET NW AND 4TH STREET NW,FARRAGUT STREET NW,4TH STREET NW,107.60697997012772,166d86b04d965dd03f979ebd56a988a5,False
67568565332,4929 KANSAS AVENUE NW,WARD 4,minor,5,c012ae6d41e046a6a641a49708959c93,EMERSON STREET NW AND 5TH STREET NW,EMERSON STREET NW,5TH STREET NW,122.23953851556482,166d86b04d965dd03f979ebd56a988a5,False
56928254035,1400 GOOD HOPE ROAD SE,WARD 8,pdo,1,8f2c312cfc11b4343499c5d8a3fc294c,MARION BARRY AVENUE SE AND 14TH STREET SE,MARION BARRY AVENUE SE,14TH STREET SE,18.798910959801315,5033a68317725bb59d33f515a7343118,False
56928254035,1400 GOOD HOPE ROAD SE,WARD 8,pdo,2,303dad4133735d6b921a4d6506c66574,14TH STREET SE AND T STREET SE,14TH STREET SE,T STREET SE,71.23376392173111,5033a68317725bb59d33f515a7343118,False
56928254035,1400 GOOD HOPE ROAD SE,WARD 8,pdo,3,b0ebfbf4a1815543c9d6e0a40af9aec6,MINNESOTA AVENUE SE AND MARION BARRY AVENUE SE,MINNESOTA AVENUE SE,MARION BARRY AVENUE SE,74.30367333276551,5033a68317725bb59d33f515a7343118,False
56928254035,1400 GOOD HOPE ROAD SE,WARD 8,pdo,4,1358b78fc60e29d1169d3de3b6f574d5,14TH STREET SE AND U STREET SE,14TH STREET SE,U STREET SE,117.77983301146253,5033a68317725bb59d33f515a7343118,False
56928254035,1400 GOOD HOPE ROAD SE,WARD 8,pdo,5,9b955d7c6481f3ca1305dd7fdd67ec74,14TH STREET SE AND S STREET SE,14TH STREET SE,S STREET SE,142.76480951134138,5033a68317725bb59d33f515a7343118,False
61878166360,"MINNESOTA AVENUE SE & PENNSYLVANIA AVENUE SE
WASHINGTON,",WARD 7,pdo,1,4408d7b3e15a2b8c4779622f65926d85,MINNESOTA AVENUE SE AND PENNSYLVANIA AVENUE SE,MINNESOTA AVENUE SE,PENNSYLVANIA AVENUE SE,0.04469145092050509,4408d7b3e15a2b8c4779622f65926d85,True
61878166360,"MINNESOTA AVENUE SE & PENNSYLVANIA AVENUE SE
WASHINGTON,",WARD 7,pdo,2,43ec5f30351db7356f4f1c0024c01ada,MINNESOTA AVENUE SE AND 25TH STREET SE,MINNESOTA AVENUE SE,25TH STREET SE,32.77739040401838,4408d7b3e15a2b8c4779622f65926d85,False
61878166360,"MINNESOTA AVENUE SE & PENNSYLVANIA AVENUE SE
WASHINGTON,",WARD 7,pdo,3,b251534b7b174c00827f4f5e88524152,L'ENFANT SQUARE SE AND MINNESOTA AVENUE SE,L'ENFANT SQUARE SE,MINNESOTA AVENUE SE,77.91764869607856,4408d7b3e15a2b8c4779622f65926d85,False
61878166360,"MINNESOTA AVENUE SE & PENNSYLVANIA AVENUE SE
WASHINGTON,",WARD 7,pdo,4,4234ddb3e507fb399093e4fb52725769,L'ENFANT SQUARE SE AND MINNESOTA AVENUE SE,L'ENFANT SQUARE SE,MINNESOTA AVENUE SE,79.06352882766741,4408d7b3e15a2b8c4779622f65926d85,False
61878166360,"MINNESOTA AVENUE SE & PENNSYLVANIA AVENUE SE
WASHINGTON,",WARD 7,pdo,5,2915c378521a1113d5023b2b19ef9ee3,MINNESOTA AVENUE SE AND L'ENFANT SQUARE SE,MINNESOTA AVENUE SE,L'ENFANT SQUARE SE,89.99950962127441,4408d7b3e15a2b8c4779622f65926d85,False
56418375844,242 KENILWORTH AVENUE NE,WARD 7,minor,1,6d5d5743d771206574906a43e4a624ec,BAKER STREET NE AND KENILWORTH AVENUE NE,BAKER STREET NE,KENILWORTH AVENUE NE,14.79729742109391,6d5d5743d771206574906a43e4a624ec,True
56418375844,242 KENILWORTH AVENUE NE,WARD 7,minor,2,572ff32936fa145c75baa14bfc299332,35TH STREET NE AND CLAY STREET NE,35TH STREET NE,CLAY STREET NE,73.85787703535571,6d5d5743d771206574906a43e4a624ec,False
56418375844,242 KENILWORTH AVENUE NE,WARD 7,minor,3,2dbf3cf505c3789050b09048486656a3,KENILWORTH AVENUE NE AND BAKER STREET NE,KENILWORTH AVENUE NE,BAKER STREET NE,82.574948317662,6d5d5743d771206574906a43e4a624ec,False
56418375844,242 KENILWORTH AVENUE NE,WARD 7,minor,4,34b20e84889c574de2446fe73f7b66ba,KENILWORTH AVENUE NE AND CLAY STREET NE,KENILWORTH AVENUE NE,CLAY STREET NE,88.97536371153636,6d5d5743d771206574906a43e4a624ec,False
56418375844,242 KENILWORTH AVENUE NE,WARD 7,minor,5,10ccd3b310f632ac3b7be927ab54fb16,34TH PLACE NE AND CLAY STREET NE,34TH PLACE NE,CLAY STREET NE,101.09877829589159,6d5d5743d771206574906a43e4a624ec,False
63844495485,1645 13TH STREET NW,WARD 2,minor,1,42c0ef37c68aa962fb7fec87b4770295,13TH STREET NW AND R STREET NW,13TH STREET NW,R STREET NW,24.786947452334484,42c0ef37c68aa962fb7fec87b4770295,True
63844495485,1645 13TH STREET NW,WARD 2,minor,2,19aaa235da5d8d212dfa516b07b0df1b,13TH STREET NW AND RIGGS STREET NW,13TH STREET NW,RIGGS STREET NW,85.59273142082793,42c0ef37c68aa962fb7fec87b4770295,False
63844495485,1645 13TH STREET NW,WARD 2,minor,3,d8d4fb583f653e5549c00056fe7b162b,CORCORAN STREET NW AND 13TH STREET NW,CORCORAN STREET NW,13TH STREET NW,86.48201381200573,42c0ef37c68aa962fb7fec87b4770295,False
63844495485,1645 13TH STREET NW,WARD 2,minor,4,fbec0791a5d57546228ac8b8a1cf1b0f,12TH STREET NW AND VERMONT AVENUE NW,12TH STREET NW,VERMONT AVENUE NW,118.46557617729152,42c0ef37c68aa962fb7fec87b4770295,False
63844495485,1645 13TH STREET NW,WARD 2,minor,5,1fd7102f55d95ba3ca75e2512a8c88be,R STREET NW AND VERMONT AVENUE NW,R STREET NW,VERMONT AVENUE NW,124.76048411684219,42c0ef37c68aa962fb7fec87b4770295,False
61409075333,101 NEW YORK AVENUE NE,WARD 5,pdo,1,f054bab3b52619c78f8b86cf51d6ee5e,2ND STREET NE AND FLORIDA AVENUE NE,2ND STREET NE,FLORIDA AVENUE NE,46.652383168678654,f58d995ee2327b19c0ff94910468b1cd,False
61409075333,101 NEW YORK AVENUE NE,WARD 5,pdo,2,f58d995ee2327b19c0ff94910468b1cd,NEW YORK AVENUE NE AND FLORIDA AVENUE NE,NEW YORK AVENUE NE,FLORIDA AVENUE NE,72.75501028648078,f58d995ee2327b19c0ff94910468b1cd,True
61409075333,101 NEW YORK AVENUE NE,WARD 5,pdo,3,fb2ba4911387fac685c89c4a14de8836,1ST STREET NE AND FLORIDA AVENUE NE,1ST STREET NE,FLORIDA AVENUE NE,145.56633290617717,f58d995ee2327b19c0ff94910468b1cd,False
61409075333,101 NEW YORK AVENUE NE,WARD 5,pdo,4,fb2ba4911387fac685c89c4a14de8836,ECKINGTON PLACE NE AND FLORIDA AVENUE NE,ECKINGTON PLACE NE,FLORIDA AVENUE NE,145.56633352681112,f58d995ee2327b19c0ff94910468b1cd,False
61409075333,101 NEW YORK AVENUE NE,WARD 5,pdo,5,9a43527e7f9dce31dee02849c2631aec,N STREET NE AND 2ND STREET NE,N STREET NE,2ND STREET NE,152.17847746519195,f58d995ee2327b19c0ff94910468b1cd,False
58507816228,"PENNSYLVANIA AVENUE NW
WASHINGTON,",WARD 2,pdo,1,5c715297f98fe77df73fde8ed1dfc505,9TH STREET NW AND PENNSYLVANIA AVENUE NW,9TH STREET NW,PENNSYLVANIA AVENUE NW,44.03586464238556,5c715297f98fe77df73fde8ed1dfc505,True
58507816228,"PENNSYLVANIA AVENUE NW
WASHINGTON,",WARD 2,pdo,2,a57df77acff2d16b0e1d9951b6f7df31,D STREET NW AND 9TH STREET NW,D STREET NW,9TH STREET NW,123.51776100975577,5c715297f98fe77df73fde8ed1dfc505,False
58507816228,"PENNSYLVANIA AVENUE NW
WASHINGTON,",WARD 2,pdo,3,10f0140f88a65061c3fdafcaa44a5ced,8TH STREET NW AND D STREET NW,8TH STREET NW,D STREET NW,124.99537103703214,5c715297f98fe77df73fde8ed1dfc505,False
58507816228,"PENNSYLVANIA AVENUE NW
WASHINGTON,",WARD 2,pdo,4,66ef4cbd78c8a6b8c175555e128f69b7,7TH STREET NW AND INDIANA AVENUE NW,7TH STREET NW,INDIANA AVENUE NW,137.64903242938723,5c715297f98fe77df73fde8ed1dfc505,False
58507816228,"PENNSYLVANIA AVENUE NW
WASHINGTON,",WARD 2,pdo,5,3a8aca38973321198d6004f83726c74a,7TH STREET NW AND PENNSYLVANIA AVENUE NW,7TH STREET NW,PENNSYLVANIA AVENUE NW,145.31719920701184,5c715297f98fe77df73fde8ed1dfc505,False
62429657211,"RHODE ISLAND AVENUE NE & SOUTH DAKOTA AVENUE NE
WASHINGTON,",WARD 5,minor,1,12124139fb7af9a04b45137cc4be352f,RHODE ISLAND AVENUE NE AND SOUTH DAKOTA AVENUE NE,RHODE ISLAND AVENUE NE,SOUTH DAKOTA AVENUE NE,0.024565825115331234,12124139fb7af9a04b45137cc4be352f,True
62429657211,"RHODE ISLAND AVENUE NE & SOUTH DAKOTA AVENUE NE
WASHINGTON,",WARD 5,minor,2,7d5a8441c9b1f78a6e42e0072a287500,RHODE ISLAND AVENUE NE AND BRENTWOOD ROAD NE,RHODE ISLAND AVENUE NE,BRENTWOOD ROAD NE,27.77585136247163,12124139fb7af9a04b45137cc4be352f,False
62429657211,"RHODE ISLAND AVENUE NE & SOUTH DAKOTA AVENUE NE
WASHINGTON,",WARD 5,minor,3,d5d418bdb560d2dfd81904fa57fb8b01,RHODE ISLAND AVENUE NE AND 24TH STREET NE,RHODE ISLAND AVENUE NE,24TH STREET NE,61.23858710471744,12124139fb7af9a04b45137cc4be352f,False
62429657211,"RHODE ISLAND AVENUE NE & SOUTH DAKOTA AVENUE NE
WASHINGTON,",WARD 5,minor,4,33e617550b4e1b1cc6cc5c3416372be6,RHODE ISLAND AVENUE NE AND HOOVER ROAD NE,RHODE ISLAND AVENUE NE,HOOVER ROAD NE,80.18243278895716,12124139fb7af9a04b45137cc4be352f,False
62429657211,"RHODE ISLAND AVENUE NE & SOUTH DAKOTA AVENUE NE
WASHINGTON,",WARD 5,minor,5,122e29906629393420f2aa3897adb80b,24TH STREET NE AND SOUTH DAKOTA AVENUE NE,24TH STREET NE,SOUTH DAKOTA AVENUE NE,81.29902860590569,12124139fb7af9a04b45137cc4be352f,False
60354614410,5705 BLAIR ROAD NE,WARD 4,major,1,0c9a2d511764093e864c4408313e3544,BLAIR ROAD NE AND MADISON STREET NE,BLAIR ROAD NE,MADISON STREET NE,43.46444396289856,0c9a2d511764093e864c4408313e3544,True
60354614410,5705 BLAIR ROAD NE,WARD 4,major,2,e8edfc75529cc9e00d535a02497d2d18,NEW HAMPSHIRE AVENUE NE AND MADISON STREET NE,NEW HAMPSHIRE AVENUE NE,MADISON STREET NE,71.08103262700229,0c9a2d511764093e864c4408313e3544,False
60354614410,5705 BLAIR ROAD NE,WARD 4,major,3,abaaa4bd6acc2a59981dbd430fa3e636,MADISON STREET NW AND NORTH CAPITOL STREET,MADISON STREET NW,NORTH CAPITOL STREET,71.51832795924325,0c9a2d511764093e864c4408313e3544,False
60354614410,5705 BLAIR ROAD NE,WARD 4,major,4,75faaa0bc19a794f80dfd59c73f50fa5,BLAIR ROAD NE AND MILMARSON PLACE NW,BLAIR ROAD NE,MILMARSON PLACE NW,72.75999806211576,0c9a2d511764093e864c4408313e3544,False
60354614410,5705 BLAIR ROAD NE,WARD 4,major,5,952c443e3a1e37c2621d11ddd32e4204,BLAIR ROAD NW AND NORTH CAPITOL STREET,BLAIR ROAD NW,NORTH CAPITOL STREET,87.59172304864816,0c9a2d511764093e864c4408313e3544,False
64026224068,2011 KALORAMA ROAD NW,WARD 1,pdo,1,6b3f5438b8d2829e79a345c407a3f0d0,20TH STREET NW AND KALORAMA ROAD NW,20TH STREET NW,KALORAMA ROAD NW,88.09357937600583,022e1a38c1ee7b839af1a75d060c6926,False
64026224068,2011 KALORAMA ROAD NW,WARD 1,pdo,2,022e1a38c1ee7b839af1a75d060c6926,KALORAMA ROAD NW AND CONNECTICUT AVENUE NW,KALORAMA ROAD NW,CONNECTICUT AVENUE NW,111.93198977007538,022e1a38c1ee7b839af1a75d060c6926,True
64026224068,2011 KALORAMA ROAD NW,WARD 1,pdo,3,d2fcc93ab0033aa061c5ce9702204433,CONNECTICUT AVENUE NW AND ASHMEAD PLACE NW,CONNECTICUT AVENUE NW,ASHMEAD PLACE NW,126.4971075327606,022e1a38c1ee7b839af1a75d060c6926,False
64026224068,2011 KALORAMA ROAD NW,WARD 1,pdo,4,ab3757962996e579e81e3a37090e84a0,ASHMEAD PLACE NW AND BELMONT ROAD NW,ASHMEAD PLACE NW,BELMONT ROAD NW,127.63149618337714,022e1a38c1ee7b839af1a75d060c6926,False
64026224068,2011 KALORAMA ROAD NW,WARD 1,pdo,5,f7ffca5e98a7adbd8b943f280c96dbef,BELMONT ROAD NW AND WATERSIDE DRIVE NW,BELMONT ROAD NW,WATERSIDE DRIVE NW,144.18618643713108,022e1a38c1ee7b839af1a75d060c6926,False
69599110279,4200 NANNIE HELEN BURROUGHS AVENUE NE,WARD 7,major,1,2d2ff9e17f09f5f1fa81aa2cf3fd7581,MINNESOTA AVENUE NE AND NANNIE HELEN BURROUGHS AVENUE NE,MINNESOTA AVENUE NE,NANNIE HELEN BURROUGHS AVENUE NE,73.32761575772895,8c94bf81399564ad3037c147b0f688b4,False
69599110279,4200 NANNIE HELEN BURROUGHS AVENUE NE,WARD 7,major,2,6ff479178b382500161a1c5ab5dae039,MINNESOTA AVENUE NE AND SHERIFF ROAD NE,MINNESOTA AVENUE NE,SHERIFF ROAD NE,109.26999696930237,8c94bf81399564ad3037c147b0f688b4,False
69599110279,4200 NANNIE HELEN BURROUGHS AVENUE NE,WARD 7,major,3,57b2284082032e03d69ca1432f56d2ca,JAY STREET NE AND 43RD PLACE NE,JAY STREET NE,43RD PLACE NE,144.1852631831997,8c94bf81399564ad3037c147b0f688b4,False
69599110279,4200 NANNIE HELEN BURROUGHS AVENUE NE,WARD 7,major,4,3015d0118c7f78b2bddc3832825423ff,43RD PLACE NE AND SHERIFF ROAD NE,43RD PLACE NE,SHERIFF ROAD NE,149.02273594997533,8c94bf81399564ad3037c147b0f688b4,False
69599110279,4200 NANNIE HELEN BURROUGHS AVENUE NE,WARD 7,major,5,8c94bf81399564ad3037c147b0f688b4,NANNIE HELEN BURROUGHS AVENUE NE AND RAMP FROM KENILWORTH AVENUE NE NORTHBOUND,NANNIE HELEN BURROUGHS AVENUE NE,KENILWORTH AVENUE NE,155.19353093928095,8c94bf81399564ad3037c147b0f688b4,True
58434233100,1108 9TH STREET NW,WARD 2,pdo,1,093d7769a8befccd641c696d4d1028a4,L STREET NW AND 9TH STREET NW,L STREET NW,9TH STREET NW,48.3738142827657,093d7769a8befccd641c696d4d1028a4,True
58434233100,1108 9TH STREET NW,WARD 2,pdo,2,47f907bdd457af3840909060bcedb5fd,M STREET NW AND 9TH STREET NW,M STREET NW,9TH STREET NW,115.48313938798228,093d7769a8befccd641c696d4d1028a4,False
58434233100,1108 9TH STREET NW,WARD 2,pdo,3,a0a548e7e18fc1e0dc9ef9ffc24f135a,BLAGDEN ALLEY NW AND M STREET NW,BLAGDEN ALLEY NW,M STREET NW,143.40145026554967,093d7769a8befccd641c696d4d1028a4,False
58434233100,1108 9TH STREET NW,WARD 2,pdo,4,27c475a08b8f047aedb68ba6d9ed6a88,10TH STREET NW AND L STREET NW,10TH STREET NW,L STREET NW,177.01692901387366,093d7769a8befccd641c696d4d1028a4,False
58434233100,1108 9TH STREET NW,WARD 2,pdo,5,4eacb8c761c857b6f0063f1e106b9d8c,MT VERNON PLACE NW AND 9TH STREET NW,MT VERNON PLACE NW,9TH STREET NW,186.6640770728876,093d7769a8befccd641c696d4d1028a4,False
62043006040,4424 LINGAN ROAD NW,WARD 3,minor,1,ff33c0965f64b36cb3fa0b5e28a36bff,RIDGEVIEW WAY NW AND WESTHALL DRIVE NW,RIDGEVIEW WAY NW,WESTHALL DRIVE NW,66.83664099116058,51e1c3efb5e9455e9f2115811c808341,False
62043006040,4424 LINGAN ROAD NW,WARD 3,minor,2,51e1c3efb5e9455e9f2115811c808341,LINGAN ROAD NW AND MACARTHUR BOULEVARD NW,LINGAN ROAD NW,MACARTHUR BOULEVARD NW,79.70132775428802,51e1c3efb5e9455e9f2115811c808341,True
62043006040,4424 LINGAN ROAD NW,WARD 3,minor,3,aeab74902c9153b8af777853495dbc65,RIDGEVIEW WAY NW AND MACARTHUR BOULEVARD NW,RIDGEVIEW WAY NW,MACARTHUR BOULEVARD NW,82.47378668055305,51e1c3efb5e9455e9f2115811c808341,False
62043006040,4424 LINGAN ROAD NW,WARD 3,minor,4,570a9184004741b855422cb98938250a,FOXHALL ROAD NW AND 44TH STREET NW,FOXHALL ROAD NW,44TH STREET NW,153.78049730687962,51e1c3efb5e9455e9f2115811c808341,False
62043006040,4424 LINGAN ROAD NW,WARD 3,minor,5,4100c1975a6a3ba5eeef2bd2bda64524,MACARTHUR BOULEVARD NW AND LAVEROCK PLACE NW,MACARTHUR BOULEVARD NW,LAVEROCK PLACE NW,164.90334812994772,51e1c3efb5e9455e9f2115811c808341,False
66388652704,1630 R STREET NW,WARD 2,pdo,1,645e238458a0caa60a906555d6c10dcf,R STREET NW AND 17TH STREET NW,R STREET NW,17TH STREET NW,78.87689193593242,645e238458a0caa60a906555d6c10dcf,True
66388652704,1630 R STREET NW,WARD 2,pdo,2,cd1c8616fed712b52eac6872543a00c1,R STREET NW AND 16TH STREET NW,R STREET NW,16TH STREET NW,91.49522987530263,645e238458a0caa60a906555d6c10dcf,False
66388652704,1630 R STREET NW,WARD 2,pdo,3,455ba1c0f1bced5f4004dd7095a5047d,17TH STREET NW AND RIGGS PLACE NW,17TH STREET NW,RIGGS PLACE NW,113.86918740230014,645e238458a0caa60a906555d6c10dcf,False
66388652704,1630 R STREET NW,WARD 2,pdo,4,f21fca162a0d430dae76dfb0aa017ce3,CORCORAN STREET NW AND 17TH STREET NW,CORCORAN STREET NW,17TH STREET NW,113.96622438553942,645e238458a0caa60a906555d6c10dcf,False
66388652704,1630 R STREET NW,WARD 2,pdo,5,992ef0e5819a7afba2499b3e51a92a8a,16TH STREET NW AND RIGGS PLACE NW,16TH STREET NW,RIGGS PLACE NW,122.9359216570581,645e238458a0caa60a906555d6c10dcf,False
69497224453,1050 1ST STREET NE,WARD 6,minor,1,f0f2a1994c7826350de6f01231810b6f,1ST STREET NE AND L STREET NE,1ST STREET NE,L STREET NE,33.12509538248811,f0f2a1994c7826350de6f01231810b6f,True
69497224453,1050 1ST STREET NE,WARD 6,minor,2,40736cafb4216780e39074395946fe5a,1ST STREET NE AND K STREET NE,1ST STREET NE,K STREET NE,102.30256932486057,f0f2a1994c7826350de6f01231810b6f,False
69497224453,1050 1ST STREET NE,WARD 6,minor,3,6ea53bce0656deca5c5b16a9e1ea7f54,PIERCE STREET NE AND 1ST STREET NE,PIERCE STREET NE,1ST STREET NE,139.20329364516223,f0f2a1994c7826350de6f01231810b6f,False
69497224453,1050 1ST STREET NE,WARD 6,minor,4,1dc8c76b987a0a35793a02942a8e359d,2ND STREET NE AND L STREET NE,2ND STREET NE,L STREET NE,202.82433447571026,f0f2a1994c7826350de6f01231810b6f,False
69497224453,1050 1ST STREET NE,WARD 6,minor,5,836a173f3381e927e59b0df721a0edcb,DELAWARE AVENUE NE AND 2ND STREET NE,DELAWARE AVENUE NE,2ND STREET NE,216.17420763353275,f0f2a1994c7826350de6f01231810b6f,False
65693811948,500 NORTH CAPITOL STREET NW,WARD 6,pdo,1,80ba30a3042a758dd0b3c888b695a205,NORTH CAPITOL STREET AND E STREET NW,NORTH CAPITOL STREET,E STREET NW,75.21279584842955,80ba30a3042a758dd0b3c888b695a205,True
65693811948,500 NORTH CAPITOL STREET NW,WARD 6,pdo,2,6f9fc901327d60a621b2728f81f1d835,NORTH CAPITOL STREET AND F STREET NW,NORTH CAPITOL STREET,F STREET NW,101.25486151009878,80ba30a3042a758dd0b3c888b695a205,False
65693811948,500 NORTH CAPITOL STREET NW,WARD 6,pdo,3,16668a85716b3a2e27f7f70618514a50,MASSACHUSETTS AVENUE NE AND NORTH CAPITOL STREET,MASSACHUSETTS AVENUE NE,NORTH CAPITOL STREET,113.3806600600287,80ba30a3042a758dd0b3c888b695a205,False
65693811948,500 NORTH CAPITOL STREET NW,WARD 6,pdo,4,b49de2e1bf7eba8bbb05d2634bd85f23,E STREET NW AND NEW JERSEY AVENUE NW,E STREET NW,NEW JERSEY AVENUE NW,157.96448122935777,80ba30a3042a758dd0b3c888b695a205,False
65693811948,500 NORTH CAPITOL STREET NW,WARD 6,pdo,5,3e7b01993a511e7226121f38e3ceab8b,1ST STREET NE AND COLUMBUS CIRCLE NE,1ST STREET NE,COLUMBUS CIRCLE NE,169.46775486607126,80ba30a3042a758dd0b3c888b695a205,False
63404492120,2381 AINGER PLACE SE,WARD 8,minor,1,bd3633a7d54307c63e66035467dde263,LANGSTON PLACE SE AND AINGER PLACE SE,LANGSTON PLACE SE,AINGER PLACE SE,20.59686037859544,bd3633a7d54307c63e66035467dde263,True
63404492120,2381 AINGER PLACE SE,WARD 8,minor,2,d42e475f65574b5233e85bb19c1ac3f9,ALABAMA AVENUE SE AND 25TH STREET SE,ALABAMA AVENUE SE,25TH STREET SE,170.71729176724793,bd3633a7d54307c63e66035467dde263,False
63404492120,2381 AINGER PLACE SE,WARD 8,minor,3,6c6c58943908e61154e3a0066cd7cfdb,BRUCE PLACE SE AND AINGER PLACE SE,BRUCE PLACE SE,AINGER PLACE SE,181.86885766620946,bd3633a7d54307c63e66035467dde263,False
63404492120,2381 AINGER PLACE SE,WARD 8,minor,4,58ff21b4943656c5ae4ff6daeb579b48,AINGER PLACE SE AND ALABAMA AVENUE SE,AINGER PLACE SE,ALABAMA AVENUE SE,216.15377122506385,bd3633a7d54307c63e66035467dde263,False
63404492120,2381 AINGER PLACE SE,WARD 8,minor,5,84451dc869cc864a84d0ef10e5bd0d7d,RAYNOLDS PLACE SE AND LANGSTON PLACE SE,RAYNOLDS PLACE SE,LANGSTON PLACE SE,226.66054128577952,bd3633a7d54307c63e66035467dde263,False
53632108466,3458 PENNSYLVANIA AVENUE SE,WARD 7,minor,1,b093162af48c2d5d273483d83229c058,PENNSYLVANIA AVENUE SE AND 38TH STREET SE,PENNSYLVANIA AVENUE SE,38TH STREET SE,35.11640449659524,b093162af48c2d5d273483d83229c058,True
53632108466,3458 PENNSYLVANIA AVENUE SE,WARD 7,minor,2,01a49ad9ad9fe29a0dba426a24ccb396,PENNSYLVANIA AVENUE SE AND FORT DAVIS DRIVE SE,PENNSYLVANIA AVENUE SE,FORT DAVIS DRIVE SE,46.835934388852685,b093162af48c2d5d273483d83229c058,False
53632108466,3458 PENNSYLVANIA AVENUE SE,WARD 7,minor,3,a0f4e8078b8a9e21d1c19ae4a1133eae,38TH STREET SE AND S STREET SE,38TH STREET SE,S STREET SE,81.80620646577535,b093162af48c2d5d273483d83229c058,False
53632108466,3458 PENNSYLVANIA AVENUE SE,WARD 7,minor,4,62d5ae98692aa06498050983ab197f14,PENNSYLVANIA AVENUE SE AND 38TH STREET SE,PENNSYLVANIA AVENUE SE,38TH STREET SE,112.69519087508743,b093162af48c2d5d273483d83229c058,False
53632108466,3458 PENNSYLVANIA AVENUE SE,WARD 7,minor,5,f3a7c7a0ff5ef2117753ea8b1d0dd199,38TH STREET SE AND ALABAMA AVENUE SE,38TH STREET SE,ALABAMA AVENUE SE,177.8714927953493,b093162af48c2d5d273483d83229c058,False
53858040986,2000 HALF STREET SW,WARD 6,major,1,9f7de586e3d0745ea924b67c2e27fcad,HALF STREET SW AND V STREET SW,HALF STREET SW,V STREET SW,85.16317093123267,9f7de586e3d0745ea924b67c2e27fcad,True
53858040986,2000 HALF STREET SW,WARD 6,major,2,95b61dbc63fac761006db89cd36518d9,WATER STREET SW AND HALF STREET SW,WATER STREET SW,HALF STREET SW,125.1845005833613,9f7de586e3d0745ea924b67c2e27fcad,False
53858040986,2000 HALF STREET SW,WARD 6,major,3,b3986783c40aaca3ff2daa158bad25cc,V STREET SW AND 1ST STREET SW,V STREET SW,1ST STREET SW,152.2326876625561,9f7de586e3d0745ea924b67c2e27fcad,False
53858040986,2000 HALF STREET SW,WARD 6,major,4,a46f1ba223d6ebd7b8cfb5b9010ab9af,HALF STREET SW AND T STREET SW,HALF STREET SW,T STREET SW,217.20185545637457,9f7de586e3d0745ea924b67c2e27fcad,False
53858040986,2000 HALF STREET SW,WARD 6,major,5,4b0c9047fe442fbe63afcf6127ed7e32,WATER STREET SW AND T STREET SW,WATER STREET SW,T STREET SW,222.3356680655042,9f7de586e3d0745ea924b67c2e27fcad,False
66275770201,2108 18TH STREET NW,WARD 1,major,1,53ec3b4b49cafb17f36497828349a4df,WYOMING AVENUE NW AND 18TH STREET NW,WYOMING AVENUE NW,18TH STREET NW,54.12951624381744,372e5bbe388665f1ac93296dfa162a51,False
66275770201,2108 18TH STREET NW,WARD 1,major,2,372e5bbe388665f1ac93296dfa162a51,CALIFORNIA STREET NW AND 18TH STREET NW,CALIFORNIA STREET NW,18TH STREET NW,55.11395332674868,372e5bbe388665f1ac93296dfa162a51,True
66275770201,2108 18TH STREET NW,WARD 1,major,3,ec73d4c56a267420c4bb39b872486334,SEATON STREET NW AND FLORIDA AVENUE NW,SEATON STREET NW,FLORIDA AVENUE NW,137.06636866466525,372e5bbe388665f1ac93296dfa162a51,False
66275770201,2108 18TH STREET NW,WARD 1,major,4,b2528b8fcb8518987f73db04fc26f912,CALIFORNIA STREET NW AND FLORIDA AVENUE NW,CALIFORNIA STREET NW,FLORIDA AVENUE NW,137.7324174656412,372e5bbe388665f1ac93296dfa162a51,False
66275770201,2108 18TH STREET NW,WARD 1,major,5,e2d6ed3fe6f4431f5a0b57eedecdd425,CHAMPLAIN STREET NW AND OLD MORGAN SCHOOL PLACE NW,CHAMPLAIN STREET NW,OLD MORGAN SCHOOL PLACE NW,141.3648511972864,372e5bbe388665f1ac93296dfa162a51,False
56629826320,1275 1ST STREET NE,WARD 6,pdo,1,e6aaf4f0fd4e4faec1acd41d73e3e25e,PATTERSON STREET NE AND 1ST STREET NE,PATTERSON STREET NE,1ST STREET NE,42.12998450258326,9570f0a3e7e4185c835b211ef17a6400,False
56629826320,1275 1ST STREET NE,WARD 6,pdo,2,1f88267c6f98d7f4b2d9beec330923b2,1ST STREET NE AND N STREET NE,1ST STREET NE,N STREET NE,45.53768335372847,9570f0a3e7e4185c835b211ef17a6400,False
56629826320,1275 1ST STREET NE,WARD 6,pdo,3,9570f0a3e7e4185c835b211ef17a6400,1ST STREET NE AND M STREET NE,1ST STREET NE,M STREET NE,131.78049202884338,9570f0a3e7e4185c835b211ef17a6400,True
56629826320,1275 1ST STREET NE,WARD 6,pdo,4,5550184a53d9dd124c0f9b81fea894c1,1ST STREET NE AND NEW YORK AVENUE NE,1ST STREET NE,NEW YORK AVENUE NE,180.51495569888144,9570f0a3e7e4185c835b211ef17a6400,False
56629826320,1275 1ST STREET NE,WARD 6,pdo,5,9a43527e7f9dce31dee02849c2631aec,N STREET NE AND 2ND STREET NE,N STREET NE,2ND STREET NE,210.23440594803202,9570f0a3e7e4185c835b211ef17a6400,False
62328813413,4117 13TH STREET NE,WARD 5,minor,1,3700cec79fa68f7af0efcae152b9b706,MICHIGAN AVENUE NE AND 13TH STREET NE,MICHIGAN AVENUE NE,13TH STREET NE,16.616940655604026,3700cec79fa68f7af0efcae152b9b706,True
62328813413,4117 13TH STREET NE,WARD 5,minor,2,738bd82b16cc1559360d00508ecf09c7,13TH STREET NE AND TAYLOR STREET NE,13TH STREET NE,TAYLOR STREET NE,44.61754222963995,3700cec79fa68f7af0efcae152b9b706,False
62328813413,4117 13TH STREET NE,WARD 5,minor,3,66733aa3ba55013bf2c52ad1f77a2484,MICHIGAN AVENUE NE AND TAYLOR STREET NE,MICHIGAN AVENUE NE,TAYLOR STREET NE,51.6130044200629,3700cec79fa68f7af0efcae152b9b706,False
62328813413,4117 13TH STREET NE,WARD 5,minor,4,060071fd088c0511e274afc5e635fbb8,SHEPHERD STREET NE AND 13TH STREET NE,SHEPHERD STREET NE,13TH STREET NE,73.99422291216734,3700cec79fa68f7af0efcae152b9b706,False
62328813413,4117 13TH STREET NE,WARD 5,minor,5,823fab725cefcf31287530061bb244db,12TH PLACE NE AND TAYLOR STREET NE,12TH PLACE NE,TAYLOR STREET NE,94.28667215547394,3700cec79fa68f7af0efcae152b9b706,False
66691076877,5140 SOUTHERN AVENUE SE,WARD 7,minor,1,30da27ab257ce0e05eaf04a732276c1c,H STREET SE AND SOUTHERN AVENUE SE,H STREET SE,SOUTHERN AVENUE SE,37.01410079325526,30da27ab257ce0e05eaf04a732276c1c,True
66691076877,5140 SOUTHERN AVENUE SE,WARD 7,minor,2,b3498e0963cc20e18c333d1979b9b74c,H STREET SE AND 51ST STREET SE,H STREET SE,51ST STREET SE,133.58336737233174,30da27ab257ce0e05eaf04a732276c1c,False
66691076877,5140 SOUTHERN AVENUE SE,WARD 7,minor,3,7e537fbc487575decbae270838b5c9c3,51ST STREET SE AND HANNA PLACE SE,51ST STREET SE,HANNA PLACE SE,168.15285029844475,30da27ab257ce0e05eaf04a732276c1c,False
66691076877,5140 SOUTHERN AVENUE SE,WARD 7,minor,4,672da70b4831714fba68c00a7569e1de,SOUTHERN AVENUE SE AND HEATH STREET SE,SOUTHERN AVENUE SE,HEATH STREET SE,213.7183178516838,30da27ab257ce0e05eaf04a732276c1c,False
66691076877,5140 SOUTHERN AVENUE SE,WARD 7,minor,5,88e0d7fe30093fbd25319215211e2e7e,SOUTHERN AVENUE SE AND 53RD STREET SE,SOUTHERN AVENUE SE,53RD STREET SE,247.25192620020664,30da27ab257ce0e05eaf04a732276c1c,False
59221335638,4350 SOUTHERN AVENUE SE,WARD 7,fatal,1,45abc74e7c7718770321cfce8691dff9,SHELL STREET SE AND SOUTHERN AVENUE SE,SHELL STREET SE,SOUTHERN AVENUE SE,49.30023323524112,45abc74e7c7718770321cfce8691dff9,True
59221335638,4350 SOUTHERN AVENUE SE,WARD 7,fatal,2,c46fc23b461ea26fb2708ec22638beb4,BURNS STREET SE AND SOUTHERN AVENUE SE,BURNS STREET SE,SOUTHERN AVENUE SE,49.90349999633504,45abc74e7c7718770321cfce8691dff9,False
59221335638,4350 SOUTHERN AVENUE SE,WARD 7,fatal,3,f24d47542327156341add6cee5b8b79d,TORQUE STREET SE AND SOUTHERN AVENUE SE,TORQUE STREET SE,SOUTHERN AVENUE SE,74.75742222676915,45abc74e7c7718770321cfce8691dff9,False
59221335638,4350 SOUTHERN AVENUE SE,WARD 7,fatal,4,dd829bb58bb9b42cab426ebe5ea70aa9,BOWEN ROAD SE AND BURNS STREET SE,BOWEN ROAD SE,BURNS STREET SE,88.2415100173783,45abc74e7c7718770321cfce8691dff9,False
59221335638,4350 SOUTHERN AVENUE SE,WARD 7,fatal,5,d0e7d7aec7fc1d7d8a45fe9a43bcec5e,BOWEN ROAD SE AND 44TH PLACE SE,BOWEN ROAD SE,44TH PLACE SE,99.35058563132058,45abc74e7c7718770321cfce8691dff9,False
59703340005,6400 GEORGIA AVENUE NW,WARD 4,pdo,1,07497bb7298b21eddb9d8717649d2e8f,GEORGIA AVENUE NW AND PINEY BRANCH ROAD NW,GEORGIA AVENUE NW,PINEY BRANCH ROAD NW,12.849479530209848,07497bb7298b21eddb9d8717649d2e8f,True
59703340005,6400 GEORGIA AVENUE NW,WARD 4,pdo,2,1784b46084741c48f9a269ca0d9a3940,TUCKERMAN STREET NW AND GEORGIA AVENUE NW,TUCKERMAN STREET NW,GEORGIA AVENUE NW,21.41047779973851,07497bb7298b21eddb9d8717649d2e8f,False
59703340005,6400 GEORGIA AVENUE NW,WARD 4,pdo,3,39f5ed4358e87d783218c3e80268cba6,PINEY BRANCH ROAD NW AND TUCKERMAN STREET NW,PINEY BRANCH ROAD NW,TUCKERMAN STREET NW,24.15887106287312,07497bb7298b21eddb9d8717649d2e8f,False
59703340005,6400 GEORGIA AVENUE NW,WARD 4,pdo,4,40244e204b950d539e9882e1d8f63a0b,GEORGIA AVENUE NW AND UNDERWOOD STREET NW,GEORGIA AVENUE NW,UNDERWOOD STREET NW,130.77980447898477,07497bb7298b21eddb9d8717649d2e8f,False
59703340005,6400 GEORGIA AVENUE NW,WARD 4,pdo,5,031416501cffc3a4d05d25cb153f7975,9TH STREET NW AND TUCKERMAN STREET NW,9TH STREET NW,TUCKERMAN STREET NW,142.49790610958865,07497bb7298b21eddb9d8717649d2e8f,False
63955065244,304 EASTERN AVENUE NE,WARD 7,pdo,1,33df66a802baf590a8efa81a92b4fd69,EASTERN AVENUE NE AND SOUTHERN AVENUE NE,EASTERN AVENUE NE,SOUTHERN AVENUE NE,16.46181587745529,33df66a802baf590a8efa81a92b4fd69,True
63955065244,304 EASTERN AVENUE NE,WARD 7,pdo,2,338d7a7e505913c741e1c2e5ac0e8869,63RD STREET NE AND CLAY STREET NE,63RD STREET NE,CLAY STREET NE,116.99714214887058,33df66a802baf590a8efa81a92b4fd69,False
63955065244,304 EASTERN AVENUE NE,WARD 7,pdo,3,bfe19b2ffd847468951666f4f3e80347,BANKS PLACE NE AND MARYLAND PARK DRIVE NE,BANKS PLACE NE,MARYLAND PARK DRIVE NE,146.74687423494277,33df66a802baf590a8efa81a92b4fd69,False
63955065244,304 EASTERN AVENUE NE,WARD 7,pdo,4,892dfb446812cb8628414c89def156dd,63RD STREET NE AND EASTERN AVENUE NE,63RD STREET NE,EASTERN AVENUE NE,155.37164629661694,33df66a802baf590a8efa81a92b4fd69,False
63955065244,304 EASTERN AVENUE NE,WARD 7,pdo,5,3bbdc02b6b2615aa135187c853f1f54d,63RD STREET NE AND BANKS PLACE NE,63RD STREET NE,BANKS PLACE NE,163.87271147812928,33df66a802baf590a8efa81a92b4fd69,False
56444614116,901 17TH STREET NW,WARD 2,minor,1,d617b9067d2ee1c386e5c7f68993a0dd,I STREET NW AND 17TH STREET NW,I STREET NW,17TH STREET NW,42.04355226524962,d617b9067d2ee1c386e5c7f68993a0dd,True
56444614116,901 17TH STREET NW,WARD 2,minor,2,85d9930e0539052b4001513959511122,K STREET NW AND 17TH STREET NW,K STREET NW,17TH STREET NW,88.98149922415472,d617b9067d2ee1c386e5c7f68993a0dd,False
56444614116,901 17TH STREET NW,WARD 2,minor,3,c92445aa1ee6ecd6ed173f387c12b949,I STREET NW AND 17TH STREET NW,I STREET NW,17TH STREET NW,90.99789311990331,d617b9067d2ee1c386e5c7f68993a0dd,False
56444614116,901 17TH STREET NW,WARD 2,minor,4,d2b75576a4ed5a284de0fedc3d0e8eec,CONNECTICUT AVENUE NW AND 17TH STREET NW,CONNECTICUT AVENUE NW,17TH STREET NW,119.83913684202595,d617b9067d2ee1c386e5c7f68993a0dd,False
56444614116,901 17TH STREET NW,WARD 2,minor,5,dd84fa6298afcc3e8d4d542260fb87a7,I STREET NW AND 16TH STREET NW,I STREET NW,16TH STREET NW,175.80712410018356,d617b9067d2ee1c386e5c7f68993a0dd,False
62663920244,3972 MARTIN LUTHER KING JR AVENUE SW,WARD 8,minor,1,40a2dce723f6c166229b85e02437bce9,MARTIN LUTHER KING JR AVENUE SW AND ATLANTIC STREET SW,MARTIN LUTHER KING JR AVENUE SW,ATLANTIC STREET SW,42.14162069081633,40a2dce723f6c166229b85e02437bce9,True
62663920244,3972 MARTIN LUTHER KING JR AVENUE SW,WARD 8,minor,2,c82bd94a753c5d82c58c705ee1ac7432,ATLANTIC STREET SW AND SOUTH CAPITOL TERRACE SW,ATLANTIC STREET SW,SOUTH CAPITOL TERRACE SW,43.536121815869755,40a2dce723f6c166229b85e02437bce9,False
62663920244,3972 MARTIN LUTHER KING JR AVENUE SW,WARD 8,minor,3,4d85afd20de1c9807de670845ee48aa4,MARTIN LUTHER KING JR AVENUE SW AND 1ST PLACE SW,MARTIN LUTHER KING JR AVENUE SW,1ST PLACE SW,133.43179038000306,40a2dce723f6c166229b85e02437bce9,False
62663920244,3972 MARTIN LUTHER KING JR AVENUE SW,WARD 8,minor,4,885823230f076e0a799a182d46b2ed4f,ATLANTIC STREET SW AND 1ST STREET SW,ATLANTIC STREET SW,1ST STREET SW,135.10868620596386,40a2dce723f6c166229b85e02437bce9,False
62663920244,3972 MARTIN LUTHER KING JR AVENUE SW,WARD 8,minor,5,549ff741c2ebe62594967aa1b75d0552,ATLANTIC STREET SW AND SOUTH CAPITOL STREET,ATLANTIC STREET SW,SOUTH CAPITOL STREET,155.62654489068194,40a2dce723f6c166229b85e02437bce9,False
63630110794,3151 NEWTON STREET NE,WARD 5,pdo,1,7f615f8d913f039dadffd60947a36c73,EASTERN AVENUE NE AND NEWTON STREET NE,EASTERN AVENUE NE,NEWTON STREET NE,40.470884436460864,7f615f8d913f039dadffd60947a36c73,True
63630110794,3151 NEWTON STREET NE,WARD 5,pdo,2,08b1acb18a42c6a91f60f2d78717e0d2,34TH STREET NE AND MONROE STREET NE,34TH STREET NE,MONROE STREET NE,58.89003597227836,7f615f8d913f039dadffd60947a36c73,False
63630110794,3151 NEWTON STREET NE,WARD 5,pdo,3,43c900819aa3dc214cbcdb32459a5f4d,MONROE STREET NE AND CHESTNUT STREET NE,MONROE STREET NE,CHESTNUT STREET NE,114.4725438890567,7f615f8d913f039dadffd60947a36c73,False
63630110794,3151 NEWTON STREET NE,WARD 5,pdo,4,49f8b33009715c9548600f42ca082c0e,NEWTON STREET NE AND CLINTON STREET NE,NEWTON STREET NE,CLINTON STREET NE,171.0948450174639,7f615f8d913f039dadffd60947a36c73,False
63630110794,3151 NEWTON STREET NE,WARD 5,pdo,5,b9b59e6a646079c1280c9ada2879ff56,CLINTON STREET NE AND MONROE STREET NE,CLINTON STREET NE,MONROE STREET NE,193.94729741400155,7f615f8d913f039dadffd60947a36c73,False
67806560625,1428 9TH STREET NW,WARD 2,minor,1,26a011133ca0da333a8bbdda24e8e293,9TH STREET NW AND P STREET NW,9TH STREET NW,P STREET NW,18.642727980232802,26a011133ca0da333a8bbdda24e8e293,True
67806560625,1428 9TH STREET NW,WARD 2,minor,2,c8821842ae8693af05d8d56af24bf12a,COLUMBIA STREET NW AND P STREET NW,COLUMBIA STREET NW,P STREET NW,68.66908472579522,26a011133ca0da333a8bbdda24e8e293,False
67806560625,1428 9TH STREET NW,WARD 2,minor,3,fedc5f6c4a80be74b8d7eb55041e659e,8TH STREET NW AND P STREET NW,8TH STREET NW,P STREET NW,107.63896304262472,26a011133ca0da333a8bbdda24e8e293,False
67806560625,1428 9TH STREET NW,WARD 2,minor,4,94b07a1d2d02d13155bb9db52a9deac5,9TH STREET NW AND O STREET NW,9TH STREET NW,O STREET NW,120.54802773945616,26a011133ca0da333a8bbdda24e8e293,False
67806560625,1428 9TH STREET NW,WARD 2,minor,5,a9467f7fb9e64019e913b8a067fef505,NAYLOR COURT NW AND O STREET NW,NAYLOR COURT NW,O STREET NW,124.25977120755837,26a011133ca0da333a8bbdda24e8e293,False
55137181613,"ALABAMA AVENUE SE & 5TH STREET SE
WASHINGTON,",WARD 8,pdo,1,9e81800cc87d38e533de306d065319f3,5TH STREET SE AND ALABAMA AVENUE SE,5TH STREET SE,ALABAMA AVENUE SE,0.006138352038042079,f7efb93c7890e14d185361173f89a1dc,False
55137181613,"ALABAMA AVENUE SE & 5TH STREET SE
WASHINGTON,",WARD 8,pdo,2,ef87eca343aefd4610fe216e180ac1bf,MARTIN LUTHER KING JR AVENUE SE AND 5TH STREET SE,MARTIN LUTHER KING JR AVENUE SE,5TH STREET SE,29.665787229123993,f7efb93c7890e14d185361173f89a1dc,False
55137181613,"ALABAMA AVENUE SE & 5TH STREET SE
WASHINGTON,",WARD 8,pdo,3,7a5bd3f20e3fededc8f96341abc92834,MARTIN LUTHER KING JR AVENUE SE AND ESTHER PLACE SE,MARTIN LUTHER KING JR AVENUE SE,ESTHER PLACE SE,69.11234538654175,f7efb93c7890e14d185361173f89a1dc,False
55137181613,"ALABAMA AVENUE SE & 5TH STREET SE
WASHINGTON,",WARD 8,pdo,4,f7efb93c7890e14d185361173f89a1dc,ALABAMA AVENUE SE AND 6TH STREET SE,ALABAMA AVENUE SE,6TH STREET SE,90.84860493550408,f7efb93c7890e14d185361173f89a1dc,True
55137181613,"ALABAMA AVENUE SE & 5TH STREET SE
WASHINGTON,",WARD 8,pdo,5,95eeda581778aeef77e24a6a7c1b38ce,4TH STREET SE AND MARTIN LUTHER KING JR AVENUE SE,4TH STREET SE,MARTIN LUTHER KING JR AVENUE SE,94.74996484949398,f7efb93c7890e14d185361173f89a1dc,False
60194771894,701 E STREET NE,WARD 6,minor,1,f0de7f5b1c66a67f9cd97d4d38d33333,E STREET NE AND 7TH STREET NE,E STREET NE,7TH STREET NE,18.939359374539368,f0de7f5b1c66a67f9cd97d4d38d33333,True
60194771894,701 E STREET NE,WARD 6,minor,2,089955caa9e6f7d84f057d1725f46173,7TH STREET NE AND LEXINGTON PLACE NE,7TH STREET NE,LEXINGTON PLACE NE,54.49251036960587,f0de7f5b1c66a67f9cd97d4d38d33333,False
60194771894,701 E STREET NE,WARD 6,minor,3,40feaa52f9e4ce986b4c1973cef374fe,ACKER STREET NE AND 7TH STREET NE,ACKER STREET NE,7TH STREET NE,86.05161527117185,f0de7f5b1c66a67f9cd97d4d38d33333,False
60194771894,701 E STREET NE,WARD 6,minor,4,40feaa52f9e4ce986b4c1973cef374fe,ACKER PLACE NE AND 7TH STREET NE,ACKER PLACE NE,7TH STREET NE,86.0516379964479,f0de7f5b1c66a67f9cd97d4d38d33333,False
60194771894,701 E STREET NE,WARD 6,minor,5,3114a459f75dac8b07bc1ba6eb2eba7a,E STREET NE AND 8TH STREET NE,E STREET NE,8TH STREET NE,106.0183432510731,f0de7f5b1c66a67f9cd97d4d38d33333,False
55010657616,3132 RHODE ISLAND AVENUE NE,WARD 5,pdo,1,d7c75dc1ec5bcd6e6034b8efad65947e,EASTERN AVENUE NE AND RHODE ISLAND AVENUE NE,EASTERN AVENUE NE,RHODE ISLAND AVENUE NE,45.458939476403714,7bd9166491a3883549c866f463c83e55,False
55010657616,3132 RHODE ISLAND AVENUE NE,WARD 5,pdo,2,7bd9166491a3883549c866f463c83e55,RHODE ISLAND AVENUE NE AND OTIS STREET NE,RHODE ISLAND AVENUE NE,OTIS STREET NE,54.897272742142604,7bd9166491a3883549c866f463c83e55,True
55010657616,3132 RHODE ISLAND AVENUE NE,WARD 5,pdo,3,4c88087aa17383c8206f7a97d4dfe0a7,31ST PLACE NE AND EASTERN AVENUE NE,31ST PLACE NE,EASTERN AVENUE NE,69.79017645298848,7bd9166491a3883549c866f463c83e55,False
55010657616,3132 RHODE ISLAND AVENUE NE,WARD 5,pdo,4,0aba2a034e617e55288b793353138fe5,31ST PLACE NE AND OTIS STREET NE,31ST PLACE NE,OTIS STREET NE,71.5007687117086,7bd9166491a3883549c866f463c83e55,False
55010657616,3132 RHODE ISLAND AVENUE NE,WARD 5,pdo,5,60b5ade335e0059085f482c41da1e073,PERRY STREET NE AND EASTERN AVENUE NE,PERRY STREET NE,EASTERN AVENUE NE,112.32899274274075,7bd9166491a3883549c866f463c83e55,False
63230726529,5937 16TH STREET NW,WARD 4,pdo,1,5ad98e9301d12c28e74e0ebd78aa3054,MILITARY ROAD NW WESTBOUND AND RAMP FROM 16TH STREET NW NORTHBOUND,MILITARY ROAD NW,16TH STREET NW,18.698974538603085,8986e78758a51edc6be0ba75d4c15d9f,False
63230726529,5937 16TH STREET NW,WARD 4,pdo,2,8986e78758a51edc6be0ba75d4c15d9f,MISSOURI AVENUE NW AND 16TH STREET NW,MISSOURI AVENUE NW,16TH STREET NW,35.20474831595973,8986e78758a51edc6be0ba75d4c15d9f,True
63230726529,5937 16TH STREET NW,WARD 4,pdo,3,b9ee3d98ea40c756cd564a00b76f456d,MISSOURI AVENUE NW EASTBOUND AND RAMP TO 14TH STREET NW,MISSOURI AVENUE NW,14TH STREET NW,47.78034112034545,8986e78758a51edc6be0ba75d4c15d9f,False
63230726529,5937 16TH STREET NW,WARD 4,pdo,4,88f37ddc43a775d92433823a1edca9f0,16TH STREET NW NIORTHBOIUND AND RAMP TO MILITARY ROAD NW WESTBOUND,16TH STREET NW,MILITARY ROAD NW,52.68229026786971,8986e78758a51edc6be0ba75d4c15d9f,False
63230726529,5937 16TH STREET NW,WARD 4,pdo,5,d02e9c801c9044c3a8031ab1c5c54cd5,16TH STREET NW AND RAMP FROM MILITARY ROAD NW EASTBOUND,16TH STREET NW,MILITARY ROAD NW,81.9396394577662,8986e78758a51edc6be0ba75d4c15d9f,False
64631874563,1826 FLORIDA AVENUE NW,WARD 2,minor,1,776358fa35d0da5e44b187ff22f11cdc,FLORIDA AVENUE NW AND 19TH STREET NW,FLORIDA AVENUE NW,19TH STREET NW,65.20853991795285,776358fa35d0da5e44b187ff22f11cdc,True
64631874563,1826 FLORIDA AVENUE NW,WARD 2,minor,2,7f207d9e485b31dba9ee877c45e8a436,T STREET NW AND 19TH STREET NW,T STREET NW,19TH STREET NW,74.73110512813759,776358fa35d0da5e44b187ff22f11cdc,False
64631874563,1826 FLORIDA AVENUE NW,WARD 2,minor,3,fc8e1a02e0f70ca50fc35292ec8eb405,T STREET NW AND 18TH STREET NW,T STREET NW,18TH STREET NW,96.63304608509807,776358fa35d0da5e44b187ff22f11cdc,False
64631874563,1826 FLORIDA AVENUE NW,WARD 2,minor,4,3a6628e52e6823e02eec5d6ff8aeb73f,18TH STREET NW AND WILLARD STREET NW,18TH STREET NW,WILLARD STREET NW,97.95799863744638,776358fa35d0da5e44b187ff22f11cdc,False
64631874563,1826 FLORIDA AVENUE NW,WARD 2,minor,5,5f63d8652a850047729f73f5954ba37a,FLORIDA AVENUE NW AND T STREET NW,FLORIDA AVENUE NW,T STREET NW,126.63993391931446,776358fa35d0da5e44b187ff22f11cdc,False
58434321425,2265 8TH STREET NW,WARD 1,minor,1,0366cfafa05d6d8b107e8d5b96c100ab,8TH STREET NW AND BARRY PLACE NW,8TH STREET NW,BARRY PLACE NW,40.669543449009,0366cfafa05d6d8b107e8d5b96c100ab,True
58434321425,2265 8TH STREET NW,WARD 1,minor,2,04812ba100da2d822fd0b65ff2e007df,BARRY PLACE NW AND 9TH STREET NW,BARRY PLACE NW,9TH STREET NW,93.22128272846406,0366cfafa05d6d8b107e8d5b96c100ab,False
58434321425,2265 8TH STREET NW,WARD 1,minor,3,b49bdd0ac57dca0376007f1e4dd132c7,GEORGIA AVENUE NW AND BARRY PLACE NW,GEORGIA AVENUE NW,BARRY PLACE NW,99.80526529367114,0366cfafa05d6d8b107e8d5b96c100ab,False
58434321425,2265 8TH STREET NW,WARD 1,minor,4,01c0b4d5b36ee5cd98839b3ca8b9d667,BRYANT STREET NW AND GEORGIA AVENUE NW,BRYANT STREET NW,GEORGIA AVENUE NW,112.62370003115873,0366cfafa05d6d8b107e8d5b96c100ab,False
58434321425,2265 8TH STREET NW,WARD 1,minor,5,f3d05907d5a04b86b0aa47c805a2bd3c,8TH STREET NW AND W STREET NW,8TH STREET NW,W STREET NW,164.5462378666395,0366cfafa05d6d8b107e8d5b96c100ab,False
64606867280,3663 GEORGIA AVENUE NW,WARD 1,minor,1,7ef29e9c2fb92a905f314f5ef8724e7e,NEW HAMPSHIRE AVENUE NW AND ROCK CREEK CHURCH ROAD NW,NEW HAMPSHIRE AVENUE NW,ROCK CREEK CHURCH ROAD NW,16.812945883171697,7ef29e9c2fb92a905f314f5ef8724e7e,True
64606867280,3663 GEORGIA AVENUE NW,WARD 1,minor,2,bb26842862cfb5889bc2a3a652694816,GEORGIA AVENUE NW AND QUEBEC PLACE NW,GEORGIA AVENUE NW,QUEBEC PLACE NW,68.32841848222913,7ef29e9c2fb92a905f314f5ef8724e7e,False
64606867280,3663 GEORGIA AVENUE NW,WARD 1,minor,3,a364ae0d6ee916d1ae4062eaccca8c14,8TH STREET NW AND ROCK CREEK CHURCH ROAD NW,8TH STREET NW,ROCK CREEK CHURCH ROAD NW,92.92406398118271,7ef29e9c2fb92a905f314f5ef8724e7e,False
64606867280,3663 GEORGIA AVENUE NW,WARD 1,minor,4,f89bd4f906159b4c17434cbedaae1896,ROCK CREEK CHURCH ROAD NW AND 9TH STREET NW,ROCK CREEK CHURCH ROAD NW,9TH STREET NW,99.50668609085717,7ef29e9c2fb92a905f314f5ef8724e7e,False
64606867280,3663 GEORGIA AVENUE NW,WARD 1,minor,5,e12d2c23f97322835ee2fe42ef3a7bce,PRINCETON PLACE NW AND GEORGIA AVENUE NW,PRINCETON PLACE NW,GEORGIA AVENUE NW,126.516013026267,7ef29e9c2fb92a905f314f5ef8724e7e,False
67297625347,2305 SHERMAN AVENUE NW,WARD 1,minor,1,a4f1c969e3860bd910d814c6f6f68863,BARRY PLACE NW AND SHERMAN AVENUE NW,BARRY PLACE NW,SHERMAN AVENUE NW,23.28038461993172,a4f1c969e3860bd910d814c6f6f68863,True
67297625347,2305 SHERMAN AVENUE NW,WARD 1,minor,2,04812ba100da2d822fd0b65ff2e007df,BARRY PLACE NW AND 9TH STREET NW,BARRY PLACE NW,9TH STREET NW,77.36707579412025,a4f1c969e3860bd910d814c6f6f68863,False
67297625347,2305 SHERMAN AVENUE NW,WARD 1,minor,3,008d05d00ac52b8b19b3abb66997f3b9,SHERMAN AVENUE NW AND FLORIDA AVENUE NW,SHERMAN AVENUE NW,FLORIDA AVENUE NW,83.79876990909366,a4f1c969e3860bd910d814c6f6f68863,False
67297625347,2305 SHERMAN AVENUE NW,WARD 1,minor,4,ff381304bdb7eeecf72ae00f11835831,FLORIDA AVENUE NW AND 10TH STREET NW,FLORIDA AVENUE NW,10TH STREET NW,91.65051542598488,a4f1c969e3860bd910d814c6f6f68863,False
67297625347,2305 SHERMAN AVENUE NW,WARD 1,minor,5,0366cfafa05d6d8b107e8d5b96c100ab,8TH STREET NW AND BARRY PLACE NW,8TH STREET NW,BARRY PLACE NW,161.52627660384474,a4f1c969e3860bd910d814c6f6f68863,False
68648801756,"NEW YORK AVENUE NW & NORTH CAPITOL STREET NW
WASHINGTON,",WARD 5,minor,1,55f8763586b916dc226a8f7792aee3cb,NORTH CAPITOL STREET UNDER NEW YORK AVENUE NE,NORTH CAPITOL STREET,NEW YORK AVENUE NE,13.103585620774929,55f8763586b916dc226a8f7792aee3cb,True
68648801756,"NEW YORK AVENUE NW & NORTH CAPITOL STREET NW
WASHINGTON,",WARD 5,minor,2,55f8763586b916dc226a8f7792aee3cb,NEW YORK AVENUE NW AND N STREET NE,NEW YORK AVENUE NW,N STREET NE,13.103585670220516,55f8763586b916dc226a8f7792aee3cb,True
68648801756,"NEW YORK AVENUE NW & NORTH CAPITOL STREET NW
WASHINGTON,",WARD 5,minor,3,f9eca17ec338a84f6568e74fd00432a5,NORTH CAPITOL STREET NE AND N STREET NE,NORTH CAPITOL STREET NE,N STREET NE,23.99354138228088,55f8763586b916dc226a8f7792aee3cb,False
68648801756,"NEW YORK AVENUE NW & NORTH CAPITOL STREET NW
WASHINGTON,",WARD 5,minor,4,d940911daa6eb315e026aeb88ebdb7e8,N STREET NW AND NEW YORK AVENUE NW,N STREET NW,NEW YORK AVENUE NW,35.00951792463754,55f8763586b916dc226a8f7792aee3cb,False
68648801756,"NEW YORK AVENUE NW & NORTH CAPITOL STREET NW
WASHINGTON,",WARD 5,minor,5,c5efd4ec5cdd13d88d01274a44eb2abf,HANOVER PLACE NW AND NORTH CAPITOL STREET NW,HANOVER PLACE NW,NORTH CAPITOL STREET NW,65.83943635844318,55f8763586b916dc226a8f7792aee3cb,False
68233984413,715 FLORIDA AVENUE NW,WARD 1,pdo,1,1cca1fa4dbe75d26afef2bdc0437b2ca,FLORIDA AVENUE NW AND 8TH STREET NW,FLORIDA AVENUE NW,8TH STREET NW,44.499471196288674,1cca1fa4dbe75d26afef2bdc0437b2ca,True
68233984413,715 FLORIDA AVENUE NW,WARD 1,pdo,2,aa205ed493bcbe9cd86470c5178f5a46,FLORIDA AVENUE NW AND 7TH STREET NW,FLORIDA AVENUE NW,7TH STREET NW,71.72559437273736,1cca1fa4dbe75d26afef2bdc0437b2ca,False
68233984413,715 FLORIDA AVENUE NW,WARD 1,pdo,3,65697d5674a98f8b30a5571aec011ee8,V STREET NW AND 8TH STREET NW,V STREET NW,8TH STREET NW,120.94586967599345,1cca1fa4dbe75d26afef2bdc0437b2ca,False
68233984413,715 FLORIDA AVENUE NW,WARD 1,pdo,4,dcd007ff2857c2273da18d945d9d5fbd,V STREET NW AND GEORGIA AVENUE NW,V STREET NW,GEORGIA AVENUE NW,121.35725466593847,1cca1fa4dbe75d26afef2bdc0437b2ca,False
68233984413,715 FLORIDA AVENUE NW,WARD 1,pdo,5,b907ceccaec5936b06ae7c3f52123bfd,U STREET NW AND 9TH STREET NW,U STREET NW,9TH STREET NW,134.3609990575001,1cca1fa4dbe75d26afef2bdc0437b2ca,False
67341518321,501 RHODE ISLAND AVENUE NE,WARD 5,major,1,37d91fcce74dc6af4b1d05d679289306,RHODE ISLAND AVENUE NE AND 5TH STREET NE,RHODE ISLAND AVENUE NE,5TH STREET NE,26.190333598638265,37d91fcce74dc6af4b1d05d679289306,True
67341518321,501 RHODE ISLAND AVENUE NE,WARD 5,major,2,6f8c114fe6be88daf71f6a332e1ebae9,W STREET NE AND 5TH STREET NE,W STREET NE,5TH STREET NE,79.34014095089181,37d91fcce74dc6af4b1d05d679289306,False
67341518321,501 RHODE ISLAND AVENUE NE,WARD 5,major,3,560e3f8b82beb291ff05775c457f820d,RHODE ISLAND AVENUE NE AND 4TH STREET NE,RHODE ISLAND AVENUE NE,4TH STREET NE,92.06814677949258,37d91fcce74dc6af4b1d05d679289306,False
67341518321,501 RHODE ISLAND AVENUE NE,WARD 5,major,4,f661daf0e0c6fd298cffe1acf23b97dc,ADAMS STREET NE AND 4TH STREET NE,ADAMS STREET NE,4TH STREET NE,98.26887098794256,37d91fcce74dc6af4b1d05d679289306,False
67341518321,501 RHODE ISLAND AVENUE NE,WARD 5,major,5,ac338b5fd58435058d7e965b42a1fcd7,W STREET NE AND 4TH STREET NE,W STREET NE,4TH STREET NE,120.5805240795164,37d91fcce74dc6af4b1d05d679289306,False
55855545687,1629 KENILWORTH AVENUE NE,WARD 7,pdo,1,77050ae29b15ed057e551ded85d528dc,EASTERN AVENUE NE AND KENILWORTH AVENUE NE,EASTERN AVENUE NE,KENILWORTH AVENUE NE,30.2853271366526,77050ae29b15ed057e551ded85d528dc,True
55855545687,1629 KENILWORTH AVENUE NE,WARD 7,pdo,2,7da66a21e3957b98e089e2f5317959b5,KENILWORTH AVENUE NE AND EASTERN AVENUE NE,KENILWORTH AVENUE NE,EASTERN AVENUE NE,55.765640235053084,77050ae29b15ed057e551ded85d528dc,False
55855545687,1629 KENILWORTH AVENUE NE,WARD 7,pdo,3,dfa930cc938839a58e1215f413646cf2,QUARLES STREET NE AND KENILWORTH AVENUE NE,QUARLES STREET NE,KENILWORTH AVENUE NE,111.24031149540056,77050ae29b15ed057e551ded85d528dc,False
55855545687,1629 KENILWORTH AVENUE NE,WARD 7,pdo,4,7419256562a048da9c3f3d22ea6fac29,KENILWORTH AVENUE NE AND QUARLES STREET NE,KENILWORTH AVENUE NE,QUARLES STREET NE,122.97721682211902,77050ae29b15ed057e551ded85d528dc,False
55855545687,1629 KENILWORTH AVENUE NE,WARD 7,pdo,5,83290e5ea547b9a69d81bc531ee80037,OLIVE STREET NE AND 47TH AVENUE NE,OLIVE STREET NE,47TH AVENUE NE,143.68866861995522,77050ae29b15ed057e551ded85d528dc,False
66572638036,398 7TH STREET NW,WARD 6,major,1,da7d1baecc52ae4e958760ff95fbdfcd,D STREET NW AND 7TH STREET NW,D STREET NW,7TH STREET NW,19.057812114500003,da7d1baecc52ae4e958760ff95fbdfcd,True
66572638036,398 7TH STREET NW,WARD 6,major,2,10f0140f88a65061c3fdafcaa44a5ced,8TH STREET NW AND D STREET NW,8TH STREET NW,D STREET NW,72.21889630166478,da7d1baecc52ae4e958760ff95fbdfcd,False
66572638036,398 7TH STREET NW,WARD 6,major,3,66ef4cbd78c8a6b8c175555e128f69b7,7TH STREET NW AND INDIANA AVENUE NW,7TH STREET NW,INDIANA AVENUE NW,103.79890976250316,da7d1baecc52ae4e958760ff95fbdfcd,False
66572638036,398 7TH STREET NW,WARD 6,major,4,29ee8ec1cf2fb569b63df40b6f21ccac,7TH STREET NW AND E STREET NW,7TH STREET NW,E STREET NW,149.76149467038957,da7d1baecc52ae4e958760ff95fbdfcd,False
66572638036,398 7TH STREET NW,WARD 6,major,5,a57df77acff2d16b0e1d9951b6f7df31,D STREET NW AND 9TH STREET NW,D STREET NW,9TH STREET NW,159.62075092378993,da7d1baecc52ae4e958760ff95fbdfcd,False
62425649131,1801 NEW YORK AVENUE NE,WARD 5,pdo,1,a15584364f45053813710fb4e2143158,MONTANA AVENUE NE AND MONTANA AVENUE NE,MONTANA AVENUE NE,MONTANA AVENUE NE,41.993948098150966,a15584364f45053813710fb4e2143158,True
62425649131,1801 NEW YORK AVENUE NE,WARD 5,pdo,2,907e55b73884af87e4684c963cd4fc68,MONTANA AVENUE NE AND WEST VIRGINIA AVENUE NE,MONTANA AVENUE NE,WEST VIRGINIA AVENUE NE,65.82692003692101,a15584364f45053813710fb4e2143158,False
62425649131,1801 NEW YORK AVENUE NE,WARD 5,pdo,3,4e712a2872af9c63ac453b74c3161adc,MONTANA AVENUE NE AND NEW YORK AVENUE NE,MONTANA AVENUE NE,NEW YORK AVENUE NE,69.78885385520061,a15584364f45053813710fb4e2143158,False
62425649131,1801 NEW YORK AVENUE NE,WARD 5,pdo,4,be28cd7533a0503bf283c1926dcda44f,NEW YORK AVENUE NE AND WEST VIRGINIA AVENUE NE,NEW YORK AVENUE NE,WEST VIRGINIA AVENUE NE,90.53237310801158,a15584364f45053813710fb4e2143158,False
62425649131,1801 NEW YORK AVENUE NE,WARD 5,pdo,5,be28cd7533a0503bf283c1926dcda44f,NEW YORK AVENUE NE AND MONTANA AVENUE NE,NEW YORK AVENUE NE,MONTANA AVENUE NE,91.00545918803,a15584364f45053813710fb4e2143158,False
64260688250,5100 CONNECTICUT AVENUE NW,WARD 3,pdo,1,c6872def31b852ce8ffa2b286bea8e16,NEBRASKA AVENUE NW AND CONNECTICUT AVENUE NW,NEBRASKA AVENUE NW,CONNECTICUT AVENUE NW,43.51751143945031,c6872def31b852ce8ffa2b286bea8e16,True
64260688250,5100 CONNECTICUT AVENUE NW,WARD 3,pdo,2,759a720192edaeb9173bdb86435c2d11,HARRISON STREET NW AND CHEVY CHASE PARKWAY NW,HARRISON STREET NW,CHEVY CHASE PARKWAY NW,120.4362981240083,c6872def31b852ce8ffa2b286bea8e16,False
64260688250,5100 CONNECTICUT AVENUE NW,WARD 3,pdo,3,d4de540e22dc013609ef1a4b58949432,CHEVY CHASE PARKWAY NW AND CONNECTICUT AVENUE NW,CHEVY CHASE PARKWAY NW,CONNECTICUT AVENUE NW,139.61074600209966,c6872def31b852ce8ffa2b286bea8e16,False
64260688250,5100 CONNECTICUT AVENUE NW,WARD 3,pdo,4,0611cbdde83acb9984010d561c3f233a,FESSENDEN STREET NW AND NEBRASKA AVENUE NW,FESSENDEN STREET NW,NEBRASKA AVENUE NW,153.46219770697766,c6872def31b852ce8ffa2b286bea8e16,False
64260688250,5100 CONNECTICUT AVENUE NW,WARD 3,pdo,5,d793fc8d456bcf6232da54bcead63031,GARRISON STREET NW AND 36TH STREET NW,GARRISON STREET NW,36TH STREET NW,174.99741694915244,c6872def31b852ce8ffa2b286bea8e16,False
68250244809,2401 MASSACHUSETTS AVENUE NW,WARD 2,minor,1,586103bfdabec04fe14b169d106cdcc2,24TH STREET NW AND S STREET NW,24TH STREET NW,S STREET NW,26.603113764835665,ae6d7124af3cf5f074edf0df30c4649a,False
68250244809,2401 MASSACHUSETTS AVENUE NW,WARD 2,minor,2,ae6d7124af3cf5f074edf0df30c4649a,S STREET NW AND MASSACHUSETTS AVENUE NW,S STREET NW,MASSACHUSETTS AVENUE NW,28.55677974168218,ae6d7124af3cf5f074edf0df30c4649a,True
68250244809,2401 MASSACHUSETTS AVENUE NW,WARD 2,minor,3,0875c9085f369cc5f2f984a9981632fd,24TH STREET NW AND MASSACHUSETTS AVENUE NW,24TH STREET NW,MASSACHUSETTS AVENUE NW,56.08503499883464,ae6d7124af3cf5f074edf0df30c4649a,False
68250244809,2401 MASSACHUSETTS AVENUE NW,WARD 2,minor,4,26d6f087c86fc01a12ca18d98d3425eb,24TH STREET NW AND BANCROFT PLACE NW,24TH STREET NW,BANCROFT PLACE NW,86.48779628491671,ae6d7124af3cf5f074edf0df30c4649a,False
68250244809,2401 MASSACHUSETTS AVENUE NW,WARD 2,minor,5,f71e37133171c0daeb907d8735af843e,DECATUR PLACE NW AND MASSACHUSETTS AVENUE NW,DECATUR PLACE NW,MASSACHUSETTS AVENUE NW,107.4426086610115,ae6d7124af3cf5f074edf0df30c4649a,False
67959145670,1900 PENNSYLVANIA AVENUE NW,WARD 2,pdo,1,4d9d9e72603177ff4fca9aeeeb34ef09,H STREET NW AND 20TH STREET NW,H STREET NW,20TH STREET NW,54.89004586153724,f391cc709294a08a6c4016d779578c16,False
67959145670,1900 PENNSYLVANIA AVENUE NW,WARD 2,pdo,2,ccc9e6055cfbe43956fa8508b88aca49,19TH STREET NW AND H STREET NW,19TH STREET NW,H STREET NW,69.87470373589346,f391cc709294a08a6c4016d779578c16,False
67959145670,1900 PENNSYLVANIA AVENUE NW,WARD 2,pdo,3,f391cc709294a08a6c4016d779578c16,H STREET NW AND 19TH STREET NW,H STREET NW,19TH STREET NW,98.61717346337163,f391cc709294a08a6c4016d779578c16,True
67959145670,1900 PENNSYLVANIA AVENUE NW,WARD 2,pdo,4,7017cfabaae3a8e69d6a603f5e2ff18a,I STREET NW AND 20TH STREET NW,I STREET NW,20TH STREET NW,136.7231185466249,f391cc709294a08a6c4016d779578c16,False
67959145670,1900 PENNSYLVANIA AVENUE NW,WARD 2,pdo,5,fa8c77417983d83baadb437979bee64d,G STREET NW AND 20TH STREET NW,G STREET NW,20TH STREET NW,150.01740779100425,f391cc709294a08a6c4016d779578c16,False
65533221451,1531 MONTANA AVENUE NE,WARD 5,minor,1,657067e0463f475b1a5ac7c98f03e989,DOWNING STREET NE AND MONTANA AVENUE NE,DOWNING STREET NE,MONTANA AVENUE NE,100.32523328872634,657067e0463f475b1a5ac7c98f03e989,True
65533221451,1531 MONTANA AVENUE NE,WARD 5,minor,2,b7595003e7a20079abe1a9fe06ca2593,17TH STREET NE AND CHANNING STREET NE,17TH STREET NE,CHANNING STREET NE,127.12794946899089,657067e0463f475b1a5ac7c98f03e989,False
65533221451,1531 MONTANA AVENUE NE,WARD 5,minor,3,7bf439b1467b74ddac1dbb0e0fef8e1a,CHANNING STREET NE AND DOUGLAS STREET NE,CHANNING STREET NE,DOUGLAS STREET NE,132.93054464229007,657067e0463f475b1a5ac7c98f03e989,False
65533221451,1531 MONTANA AVENUE NE,WARD 5,minor,4,1fe74cca9cce3ea750691124fcd055a7,DOWNING STREET NE AND 15TH STREET NE,DOWNING STREET NE,15TH STREET NE,140.35093125140622,657067e0463f475b1a5ac7c98f03e989,False
65533221451,1531 MONTANA AVENUE NE,WARD 5,minor,5,b1b2c77f3192e85d5f230d219e202cd5,17TH STREET NE AND MONTANA AVENUE NE,17TH STREET NE,MONTANA AVENUE NE,152.84023777989333,657067e0463f475b1a5ac7c98f03e989,False
56452804397,2929 PENNSYLVANIA AVENUE SE,WARD 7,pdo,1,e7badde9a725902243254732c983bc6c,30TH STREET SE AND Q STREET SE,30TH STREET SE,Q STREET SE,30.03552683585618,3eadd2d53012060439bb71dabd26870b,False
56452804397,2929 PENNSYLVANIA AVENUE SE,WARD 7,pdo,2,3eadd2d53012060439bb71dabd26870b,PENNSYLVANIA AVENUE SE AND 30TH STREET SE,PENNSYLVANIA AVENUE SE,30TH STREET SE,48.794544335739644,3eadd2d53012060439bb71dabd26870b,True
56452804397,2929 PENNSYLVANIA AVENUE SE,WARD 7,pdo,3,a66234583439e7da7696cb802ebd21ae,Q STREET SE AND 29TH STREET SE,Q STREET SE,29TH STREET SE,58.61400035180947,3eadd2d53012060439bb71dabd26870b,False
56452804397,2929 PENNSYLVANIA AVENUE SE,WARD 7,pdo,4,25a1123b937ad330281485dca394fe7f,Q STREET SE AND 28TH PLACE SE,Q STREET SE,28TH PLACE SE,141.116518431718,3eadd2d53012060439bb71dabd26870b,False
56452804397,2929 PENNSYLVANIA AVENUE SE,WARD 7,pdo,5,752763313f9609ddfc6a2d9d4215ab0e,30TH STREET SE AND R STREET SE,30TH STREET SE,R STREET SE,144.09076238846384,3eadd2d53012060439bb71dabd26870b,False
55005699676,315 36TH STREET NE,WARD 7,fatal,1,00ef01473e663b6e0e28488bf3653acc,36TH STREET NE AND KENILWORTH AVENUE NE,36TH STREET NE,KENILWORTH AVENUE NE,35.06889529697014,00ef01473e663b6e0e28488bf3653acc,True
55005699676,315 36TH STREET NE,WARD 7,fatal,2,19e77b1ad11eef4e7a5e7da34281da7d,DIX STREET NE AND 36TH STREET NE,DIX STREET NE,36TH STREET NE,79.7919774881207,00ef01473e663b6e0e28488bf3653acc,False
55005699676,315 36TH STREET NE,WARD 7,fatal,3,6569dc463cb00b1524dcc98c800aa368,KENILWORTH AVENUE NE SOUTHBOUND AND RAMP FROM BENNING ROAD NE EASTBOUND,KENILWORTH AVENUE NE,BENNING ROAD NE,81.20055537178986,00ef01473e663b6e0e28488bf3653acc,False
55005699676,315 36TH STREET NE,WARD 7,fatal,4,34b20e84889c574de2446fe73f7b66ba,KENILWORTH AVENUE NE AND CLAY STREET NE,KENILWORTH AVENUE NE,CLAY STREET NE,84.33930140307201,00ef01473e663b6e0e28488bf3653acc,False
55005699676,315 36TH STREET NE,WARD 7,fatal,5,2dbf3cf505c3789050b09048486656a3,KENILWORTH AVENUE NE AND BAKER STREET NE,KENILWORTH AVENUE NE,BAKER STREET NE,116.41231538526812,00ef01473e663b6e0e28488bf3653acc,False
67703764643,2551 MASSACHUSETTS AVENUE NW,WARD 2,minor,1,588f3750b5a1075c5e28d5d299f72bf7,MASSACHUSETTS AVENUE NW AND WATERSIDE DRIVE NW,MASSACHUSETTS AVENUE NW,WATERSIDE DRIVE NW,31.189481166853366,588f3750b5a1075c5e28d5d299f72bf7,True
67703764643,2551 MASSACHUSETTS AVENUE NW,WARD 2,minor,2,055ed2e362de0b639dbbffe3ce16ac37,BELMONT ROAD NW AND MASSACHUSETTS AVENUE NW,BELMONT ROAD NW,MASSACHUSETTS AVENUE NW,39.20442135083777,588f3750b5a1075c5e28d5d299f72bf7,False
67703764643,2551 MASSACHUSETTS AVENUE NW,WARD 2,minor,3,5ef8c035e5959dd58067a6d715cf5498,TRACY PLACE NW AND BELMONT ROAD NW,TRACY PLACE NW,BELMONT ROAD NW,111.10083849594366,588f3750b5a1075c5e28d5d299f72bf7,False
67703764643,2551 MASSACHUSETTS AVENUE NW,WARD 2,minor,4,85fc0756237ba15a28b97e9ef4cb7e71,TRACY PLACE NW AND KALORAMA ROAD NW,TRACY PLACE NW,KALORAMA ROAD NW,157.48527157163096,588f3750b5a1075c5e28d5d299f72bf7,False
67703764643,2551 MASSACHUSETTS AVENUE NW,WARD 2,minor,5,64031b6b4059f12140fd149be36b402d,KALORAMA ROAD NW AND WYOMING AVENUE NW,KALORAMA ROAD NW,WYOMING AVENUE NW,180.56870803458014,588f3750b5a1075c5e28d5d299f72bf7,False
64816031987,429 FLORIDA AVENUE NE,WARD 6,major,1,db8eab1334b4f4d7cad137eb00b138ba,5TH STREET NE AND FLORIDA AVENUE NE,5TH STREET NE,FLORIDA AVENUE NE,38.16050821267522,db8eab1334b4f4d7cad137eb00b138ba,True
64816031987,429 FLORIDA AVENUE NE,WARD 6,major,2,7cd5ff927c3627efb045eab983ac784f,M STREET NE AND 5TH STREET NE,M STREET NE,5TH STREET NE,94.73103511919749,db8eab1334b4f4d7cad137eb00b138ba,False
64816031987,429 FLORIDA AVENUE NE,WARD 6,major,3,0d5e5000fedd3f13f32785b72619a20f,4TH STREET NE AND FLORIDA AVENUE NE,4TH STREET NE,FLORIDA AVENUE NE,98.63199960356518,db8eab1334b4f4d7cad137eb00b138ba,False
64816031987,429 FLORIDA AVENUE NE,WARD 6,major,4,a1d0d587efcb348c5b70923b4798a969,M STREET NE AND 4TH STREET NE,M STREET NE,4TH STREET NE,116.22820265431395,db8eab1334b4f4d7cad137eb00b138ba,False
64816031987,429 FLORIDA AVENUE NE,WARD 6,major,5,3e4d653bcc5a8e5d9fb3486f59542ae0,6TH STREET NE AND FLORIDA AVENUE NE,6TH STREET NE,FLORIDA AVENUE NE,125.27554392687603,db8eab1334b4f4d7cad137eb00b138ba,False
55499144518,800 11TH STREET NE,WARD 6,major,1,c50d4bb6612e005aa4a3d2424897bfb1,H STREET NE AND 11TH STREET NE,H STREET NE,11TH STREET NE,26.35042923182145,c50d4bb6612e005aa4a3d2424897bfb1,True
55499144518,800 11TH STREET NE,WARD 6,major,2,f88a9941b009911b85a56027e320d009,11TH STREET NE AND ATLAS COURT NE,11TH STREET NE,ATLAS COURT NE,35.635595485014804,c50d4bb6612e005aa4a3d2424897bfb1,False
55499144518,800 11TH STREET NE,WARD 6,major,3,380dadb72567ef6708f711565a37a530,11TH STREET NE AND I STREET NE,11TH STREET NE,I STREET NE,98.15892484673437,c50d4bb6612e005aa4a3d2424897bfb1,False
55499144518,800 11TH STREET NE,WARD 6,major,4,69f16f776b126a78a042178018446694,10TH STREET NE AND H STREET NE,10TH STREET NE,H STREET NE,100.30005316061538,c50d4bb6612e005aa4a3d2424897bfb1,False
55499144518,800 11TH STREET NE,WARD 6,major,5,16d61c141bbba4717740f57eaef17c4d,12TH STREET NE AND H STREET NE,12TH STREET NE,H STREET NE,114.32509043618737,c50d4bb6612e005aa4a3d2424897bfb1,False
65257325837,2501 PENNSYLVANIA AVENUE SE,WARD 7,minor,1,43ec5f30351db7356f4f1c0024c01ada,MINNESOTA AVENUE SE AND 25TH STREET SE,MINNESOTA AVENUE SE,25TH STREET SE,50.37313539722016,4408d7b3e15a2b8c4779622f65926d85,False
65257325837,2501 PENNSYLVANIA AVENUE SE,WARD 7,minor,2,4408d7b3e15a2b8c4779622f65926d85,MINNESOTA AVENUE SE AND PENNSYLVANIA AVENUE SE,MINNESOTA AVENUE SE,PENNSYLVANIA AVENUE SE,60.337217508936085,4408d7b3e15a2b8c4779622f65926d85,True
65257325837,2501 PENNSYLVANIA AVENUE SE,WARD 7,minor,3,84abb713d97d5c7fa3bf8b5cd9a3233a,PALMER PLACE SE AND 25TH STREET SE,PALMER PLACE SE,25TH STREET SE,76.33400052407627,4408d7b3e15a2b8c4779622f65926d85,False
65257325837,2501 PENNSYLVANIA AVENUE SE,WARD 7,minor,4,2915c378521a1113d5023b2b19ef9ee3,MINNESOTA AVENUE SE AND L'ENFANT SQUARE SE,MINNESOTA AVENUE SE,L'ENFANT SQUARE SE,87.02247406361978,4408d7b3e15a2b8c4779622f65926d85,False
65257325837,2501 PENNSYLVANIA AVENUE SE,WARD 7,minor,5,29d0970e3255df269f84b667b6cf01fa,PENNSYLVANIA AVENUE SE AND O STREET SE,PENNSYLVANIA AVENUE SE,O STREET SE,113.92696698389524,4408d7b3e15a2b8c4779622f65926d85,False
55556738608,80 NEW YORK AVENUE NW,WARD 6,pdo,1,463efc5e5b0229dac099c6333e8a48fd,1ST STREET NW AND NEW YORK AVENUE NW,1ST STREET NW,NEW YORK AVENUE NW,43.910631221989966,463efc5e5b0229dac099c6333e8a48fd,True
55556738608,80 NEW YORK AVENUE NW,WARD 6,pdo,2,782c60fb046c13f94a26166d99e2efe5,1ST STREET NW AND M STREET NW,1ST STREET NW,M STREET NW,45.58368909366638,463efc5e5b0229dac099c6333e8a48fd,False
55556738608,80 NEW YORK AVENUE NW,WARD 6,pdo,3,90e56854fe054bf6d04ca97dc74d52eb,1ST TERRACE NW AND M STREET NW,1ST TERRACE NW,M STREET NW,67.1679386046703,463efc5e5b0229dac099c6333e8a48fd,False
55556738608,80 NEW YORK AVENUE NW,WARD 6,pdo,4,a983f5ba76add3006170be9542df52b4,NEW YORK AVENUE NW AND M STREET NW,NEW YORK AVENUE NW,M STREET NW,136.52033308221056,463efc5e5b0229dac099c6333e8a48fd,False
55556738608,80 NEW YORK AVENUE NW,WARD 6,pdo,5,5f7513a9740485d26d770028cef660b8,1ST PLACE NW AND M STREET NW,1ST PLACE NW,M STREET NW,140.32010886596697,463efc5e5b0229dac099c6333e8a48fd,False
59375398932,2916 MARTIN LUTHER KING JR AVENUE SE,WARD 8,pdo,1,3b58224e2c0788293a7fe8461bf090ff,MARTIN LUTHER KING JR AVENUE SE AND MELLON STREET SE,MARTIN LUTHER KING JR AVENUE SE,MELLON STREET SE,28.956495788911,3b58224e2c0788293a7fe8461bf090ff,True
59375398932,2916 MARTIN LUTHER KING JR AVENUE SE,WARD 8,pdo,2,a2a986a5691a93bfabb3cac21ba5cb7c,MALCOLM X AVENUE SE AND MARTIN LUTHER KING JR AVENUE SE,MALCOLM X AVENUE SE,MARTIN LUTHER KING JR AVENUE SE,74.3029971684619,3b58224e2c0788293a7fe8461bf090ff,False
59375398932,2916 MARTIN LUTHER KING JR AVENUE SE,WARD 8,pdo,3,ce5563f111146c5fa97294c4b47a8ca9,LEBAUM STREET SE AND MARTIN LUTHER KING JR AVENUE SE,LEBAUM STREET SE,MARTIN LUTHER KING JR AVENUE SE,77.63161184308541,3b58224e2c0788293a7fe8461bf090ff,False
59375398932,2916 MARTIN LUTHER KING JR AVENUE SE,WARD 8,pdo,4,4e6f3e1f1ce3c2f4dd287f4548eb3ac1,MALCOLM X AVENUE SE AND 7TH STREET SE,MALCOLM X AVENUE SE,7TH STREET SE,86.5503473037291,3b58224e2c0788293a7fe8461bf090ff,False
59375398932,2916 MARTIN LUTHER KING JR AVENUE SE,WARD 8,pdo,5,6d618c60704b70a3be9eb78c6b4855f4,7TH STREET SE AND LEBAUM STREET SE,7TH STREET SE,LEBAUM STREET SE,96.98874000393137,3b58224e2c0788293a7fe8461bf090ff,False
61437205548,1640 11TH STREET NW,WARD 2,major,1,33b397b437352dd32886bc9ca2ebd161,11TH STREET NW AND R STREET NW,11TH STREET NW,R STREET NW,50.595589749352484,33b397b437352dd32886bc9ca2ebd161,True
61437205548,1640 11TH STREET NW,WARD 2,major,2,1fd7102f55d95ba3ca75e2512a8c88be,R STREET NW AND VERMONT AVENUE NW,R STREET NW,VERMONT AVENUE NW,66.65413697914539,33b397b437352dd32886bc9ca2ebd161,False
61437205548,1640 11TH STREET NW,WARD 2,major,3,fbec0791a5d57546228ac8b8a1cf1b0f,12TH STREET NW AND VERMONT AVENUE NW,12TH STREET NW,VERMONT AVENUE NW,90.15422500016635,33b397b437352dd32886bc9ca2ebd161,False
61437205548,1640 11TH STREET NW,WARD 2,major,4,d6e4b59104eb48aeae09e87e0e4ea961,R STREET NW AND 10TH STREET NW,R STREET NW,10TH STREET NW,123.18702627926423,33b397b437352dd32886bc9ca2ebd161,False
61437205548,1640 11TH STREET NW,WARD 2,major,5,70ce8103501fd6e26b225162b07110fd,Q STREET NW AND 11TH STREET NW,Q STREET NW,11TH STREET NW,123.4203271228309,33b397b437352dd32886bc9ca2ebd161,False
